model,split,target,r2,smape,rmse,rpe_median,rpe_mean,rpe_q25,rpe_q75,inference_seconds_per_sample,n_samples
median,synthetic_test,lut,-0.18261826038360596,71.68966674804688,113625.53125,6.727176666259766,-1671.7711181640625,-58.65834045410156,61.270713806152344,2.5769729297101296e-07,294
median,synthetic_test,ff,-0.16162049770355225,75.59241485595703,85903.03125,6.100295543670654,-1454.272705078125,-58.04282760620117,62.810813903808594,2.5769729297101296e-07,294
median,synthetic_test,dsp,-0.05698108673095703,123.33611297607422,1322.5506591796875,20.0,-57.23577117919922,-300.0,91.00775146484375,2.5769729297101296e-07,294
median,synthetic_test,bram,-0.1298823356628418,102.19205474853516,44.89390182495117,0.0,-45.8070182800293,-100.0,74.19355010986328,2.5769729297101296e-07,294
median,synthetic_test,cycles_max,-0.018009185791015625,112.61450958251953,1043660.1875,-9.267271041870117,-2026.307861328125,-900.2086791992188,50.7894401550293,2.5769729297101296e-07,294
median,synthetic_test,interval_max,-0.018174290657043457,131.12234497070312,1043935.1875,0.0,-7743.92431640625,-3006.060546875,69.4298324584961,2.5769729297101296e-07,294
median,exemplar,lut,-0.09440004825592041,107.6142807006836,28759.36328125,-259.42041015625,-2422.123779296875,-824.0504150390625,-9.267999649047852,2.689750544959679e-08,400
median,exemplar,ff,-0.2541550397872925,120.7477798461914,19406.7421875,-348.47216796875,-31626.279296875,-1451.34521484375,-33.99882888793945,2.689750544959679e-08,400
median,exemplar,dsp,-0.0901947021484375,107.10169982910156,735.0342407226562,33.333335876464844,-14.489880561828613,-33.333335876464844,94.57898712158203,2.689750544959679e-08,400
median,exemplar,bram,-0.18414926528930664,87.47946166992188,2.7513632774353027,-100.0,-131.5813446044922,-300.0,0.0,2.689750544959679e-08,400
median,exemplar,cycles_max,-2.660637140274048,141.2825927734375,2634.8720703125,-891.4013061523438,-4820.09765625,-9055.8818359375,-275.5126647949219,2.689750544959679e-08,400
median,exemplar,interval_max,-1.7965266704559326,151.1809539794922,915.475341796875,-7784.615234375,-21742.658203125,-51150.0,-536.64599609375,2.689750544959679e-08,400
ridge_graph,synthetic_test,lut,0.6862491965293884,32.43075180053711,58525.625,-0.9884990453720093,-340.6914978027344,-29.754854202270508,17.169374465942383,4.77655104529366e-06,294
ridge_graph,synthetic_test,ff,0.5079318284988403,43.325130462646484,55909.9375,-1.0122618675231934,-39.56901168823242,-31.553546905517578,27.53813362121582,4.77655104529366e-06,294
ridge_graph,synthetic_test,dsp,0.16536420583724976,68.65959167480469,1175.24169921875,0.0,-73.29512023925781,-66.55793762207031,39.17256164550781,4.77655104529366e-06,294
ridge_graph,synthetic_test,bram,0.5558487176895142,34.53101348876953,28.147268295288086,-2.5999696254730225,-16.148611068725586,-23.837989807128906,13.952178955078125,4.77655104529366e-06,294
ridge_graph,synthetic_test,cycles_max,0.023367762565612793,41.17974090576172,1022230.4375,-0.2311703860759735,-24.863040924072266,-35.57874298095703,26.81539535522461,4.77655104529366e-06,294
ridge_graph,synthetic_test,interval_max,0.543788492679596,50.608245849609375,698788.25,-2.2883362770080566,-38.702354431152344,-42.26784133911133,31.962116241455078,4.77655104529366e-06,294
ridge_graph,exemplar,lut,-0.2687873840332031,64.94025421142578,30966.0390625,-18.466320037841797,-74.02168273925781,-119.24040985107422,37.248008728027344,2.6264275220455603e-06,400
ridge_graph,exemplar,ff,-3.271357536315918,108.92713165283203,35814.59375,64.48819732666016,-28.178625106811523,-6.865129470825195,83.77302551269531,2.6264275220455603e-06,400
ridge_graph,exemplar,dsp,-0.03392767906188965,96.92601776123047,715.814697265625,43.2191162109375,-12.591050148010254,-4.987389087677002,76.54116821289062,2.6264275220455603e-06,400
ridge_graph,exemplar,bram,0.04499632120132446,68.1033935546875,2.4708549976348877,-39.967166900634766,-87.97618103027344,-131.6144256591797,-2.3400096893310547,2.6264275220455603e-06,400
ridge_graph,exemplar,cycles_max,0.4990617632865906,101.21583557128906,974.7052001953125,-144.4993896484375,-790.8447875976562,-866.3782958984375,2.2963037490844727,2.6264275220455603e-06,400
ridge_graph,exemplar,interval_max,-0.12198734283447266,126.24554443359375,579.8706665039062,50.0,-155.96559143066406,-139.96653747558594,85.51408386230469,2.6264275220455603e-06,400
extra_trees_graph,synthetic_test,lut,0.7199787497520447,29.856765747070312,55290.3203125,1.6150569915771484,-323.28936767578125,-22.244659423828125,17.573640823364258,0.0005782165136057598,294
extra_trees_graph,synthetic_test,ff,0.849384069442749,30.55023193359375,30932.2734375,2.098498821258545,-33.85329055786133,-17.540054321289062,17.853986740112305,0.0005782165136057598,294
extra_trees_graph,synthetic_test,dsp,0.5548186302185059,35.11046600341797,858.31591796875,-3.3353137969970703,-23.437562942504883,-21.492401123046875,13.46274185180664,0.0005782165136057598,294
extra_trees_graph,synthetic_test,bram,0.5003594160079956,31.9976863861084,29.853801727294922,-0.47860953211784363,-16.770774841308594,-15.74378776550293,15.589386940002441,0.0005782165136057598,294
extra_trees_graph,synthetic_test,cycles_max,0.5311832427978516,27.336057662963867,708247.1875,0.6889587640762329,-11.92646598815918,-13.592462539672852,11.619440078735352,0.0005782165136057598,294
extra_trees_graph,synthetic_test,interval_max,0.5260258913040161,33.40760803222656,712262.0,-1.318269968032837,-24.677270889282227,-14.639751434326172,11.693201065063477,0.0005782165136057598,294
extra_trees_graph,exemplar,lut,-0.07305419445037842,92.99713134765625,28477.51171875,-149.61972045898438,-339.7068786621094,-428.45849609375,-63.75535583496094,0.00047440689500945156,400
extra_trees_graph,exemplar,ff,0.10518443584442139,85.46204376220703,16392.447265625,-87.76841735839844,-303.1695251464844,-338.5279235839844,22.132556915283203,0.00047440689500945156,400
extra_trees_graph,exemplar,dsp,-0.02521669864654541,122.30651092529297,712.7929077148438,-143.3996124267578,-371.1806335449219,-760.5253295898438,41.56057357788086,0.00047440689500945156,400
extra_trees_graph,exemplar,bram,-10.924055099487305,133.76734924316406,8.730853080749512,-363.39599609375,-389.9122314453125,-544.8644409179688,-204.807373046875,0.00047440689500945156,400
extra_trees_graph,exemplar,cycles_max,0.06856679916381836,106.48066711425781,1329.0982666015625,-37.276607513427734,-578.485107421875,-1175.8970947265625,31.888383865356445,0.00047440689500945156,400
extra_trees_graph,exemplar,interval_max,-0.2188739776611328,133.91957092285156,604.3890380859375,-15.284954071044922,-183.84986877441406,-443.02081298828125,85.3017578125,0.00047440689500945156,400
rbf_svr_graph,synthetic_test,lut,0.7955071330070496,23.645957946777344,47249.01171875,0.5255669355392456,-302.2684020996094,-17.574058532714844,11.088844299316406,0.0324345265952597,294
rbf_svr_graph,synthetic_test,ff,0.8071165680885315,28.13250160217285,35004.49609375,0.7630753517150879,-27.298730850219727,-11.319648742675781,14.537443161010742,0.0324345265952597,294
rbf_svr_graph,synthetic_test,dsp,0.49145078659057617,35.12529754638672,917.371337890625,0.0,-16.97273063659668,-21.917604446411133,13.345979690551758,0.0324345265952597,294
rbf_svr_graph,synthetic_test,bram,0.5443819761276245,32.79177474975586,28.50829315185547,-1.2364213466644287,-13.892826080322266,-11.877140998840332,14.781518936157227,0.0324345265952597,294
rbf_svr_graph,synthetic_test,cycles_max,0.47182750701904297,27.90445899963379,751746.0625,-0.6392694115638733,-16.152545928955078,-16.960729598999023,11.504694938659668,0.0324345265952597,294
rbf_svr_graph,synthetic_test,interval_max,0.45851796865463257,32.35159683227539,761297.6875,0.5005186200141907,-24.27008056640625,-14.77424144744873,11.844528198242188,0.0324345265952597,294
rbf_svr_graph,exemplar,lut,0.375227153301239,61.2072868347168,21729.62890625,4.737912654876709,-93.68441772460938,-59.07269287109375,34.7706298828125,0.015207293189996562,400
rbf_svr_graph,exemplar,ff,-0.09686005115509033,111.3505859375,18148.998046875,71.09239959716797,10.452280044555664,26.737991333007812,88.98592376708984,0.015207293189996562,400
rbf_svr_graph,exemplar,dsp,-0.03294694423675537,75.28960418701172,715.47509765625,0.0,-49.88169860839844,-82.56230926513672,42.00476837158203,0.015207293189996562,400
rbf_svr_graph,exemplar,bram,-0.3601313829421997,64.68352508544922,2.948730945587158,-9.412636756896973,-73.62017822265625,-62.58011245727539,29.683698654174805,0.015207293189996562,400
rbf_svr_graph,exemplar,cycles_max,0.6332201957702637,102.08384704589844,834.0343017578125,-110.98443603515625,-457.0946350097656,-763.3740234375,33.808284759521484,0.015207293189996562,400
rbf_svr_graph,exemplar,interval_max,-0.07557439804077148,110.99990844726562,567.7503662109375,22.59612274169922,-188.94476318359375,-175.73507690429688,76.02604675292969,0.015207293189996562,400
tabular_mlp_graph,synthetic_test,lut,0.7819488644599915,25.481679916381836,48790.22265625,-0.101141557097435,-34.976715087890625,-19.555891036987305,14.109956741333008,3.976220747916864e-05,294
tabular_mlp_graph,synthetic_test,ff,0.7551144957542419,27.818378448486328,39441.90625,-1.728729009628296,-12.482406616210938,-19.715391159057617,13.486867904663086,3.976220747916864e-05,294
tabular_mlp_graph,synthetic_test,dsp,0.6222988367080688,34.70681381225586,790.5927734375,0.0,-15.123543739318848,-21.260311126708984,19.526222229003906,3.976220747916864e-05,294
tabular_mlp_graph,synthetic_test,bram,0.5933665037155151,36.59306335449219,26.932233810424805,-3.7046031951904297,-16.90485191345215,-33.09295654296875,12.859417915344238,3.976220747916864e-05,294
tabular_mlp_graph,synthetic_test,cycles_max,0.6549865007400513,31.608980178833008,607577.0625,-0.46793097257614136,-13.390127182006836,-19.930400848388672,14.119950294494629,3.976220747916864e-05,294
tabular_mlp_graph,synthetic_test,interval_max,0.7449072003364563,40.445098876953125,522530.40625,-4.3757476806640625,-49.41101837158203,-30.953859329223633,10.798942565917969,3.976220747916864e-05,294
tabular_mlp_graph,exemplar,lut,-3.5536928176879883,76.32402038574219,58664.19140625,-29.688724517822266,-122.30772399902344,-191.3836669921875,49.671966552734375,8.322319001308643e-05,400
tabular_mlp_graph,exemplar,ff,-0.17300176620483398,89.44560241699219,18768.361328125,23.480749130249023,-99.2240982055664,-66.29571533203125,74.2324447631836,8.322319001308643e-05,400
tabular_mlp_graph,exemplar,dsp,-0.05172884464263916,95.40821838378906,721.9505004882812,-71.58261108398438,-145.48187255859375,-259.95623779296875,31.929927825927734,8.322319001308643e-05,400
tabular_mlp_graph,exemplar,bram,-1.0028865337371826,59.7294921875,3.57826828956604,0.0,-55.27204132080078,-74.26579284667969,25.071239471435547,8.322319001308643e-05,400
tabular_mlp_graph,exemplar,cycles_max,-0.0987236499786377,106.73821258544922,1443.52880859375,-236.4275360107422,-897.7752075195312,-1194.546630859375,-33.99836349487305,8.322319001308643e-05,400
tabular_mlp_graph,exemplar,interval_max,0.029720544815063477,114.19284057617188,539.2443237304688,-49.883949279785156,-1290.590576171875,-747.6206665039062,56.67778015136719,8.322319001308643e-05,400
ridge_core_context,synthetic_test,lut,0.699735164642334,32.96070098876953,57254.00390625,-1.1196112632751465,-341.7760009765625,-30.89828872680664,17.679710388183594,5.377506784584728e-06,294
ridge_core_context,synthetic_test,ff,0.40907347202301025,43.52818298339844,61269.328125,0.8224949836730957,-34.60194778442383,-28.933753967285156,29.303220748901367,5.377506784584728e-06,294
ridge_core_context,synthetic_test,dsp,0.17553818225860596,68.47230529785156,1168.0567626953125,-1.568312406539917,-75.1869125366211,-67.18433380126953,39.3447380065918,5.377506784584728e-06,294
ridge_core_context,synthetic_test,bram,0.5576134920120239,34.561031341552734,28.091291427612305,-2.701324462890625,-16.601985931396484,-23.76712989807129,13.128827095031738,5.377506784584728e-06,294
ridge_core_context,synthetic_test,cycles_max,-0.009822607040405273,41.18613052368164,1039455.3125,-0.2015131264925003,-24.53852081298828,-35.65559387207031,26.228296279907227,5.377506784584728e-06,294
ridge_core_context,synthetic_test,interval_max,0.4469013214111328,50.9165153503418,769420.625,-0.7480387687683105,-38.185028076171875,-42.20602035522461,32.28141784667969,5.377506784584728e-06,294
ridge_core_context,exemplar,lut,-1.147373914718628,66.79609680175781,40285.15625,-35.77248001098633,-112.06613159179688,-151.41607666015625,24.57754135131836,4.8744200103101325e-06,400
ridge_core_context,exemplar,ff,-0.6187483072280884,119.90735626220703,22047.873046875,77.1711654663086,9.42569351196289,31.336044311523438,89.76242065429688,4.8744200103101325e-06,400
ridge_core_context,exemplar,dsp,-0.04918062686920166,103.664794921875,721.0753784179688,59.15347671508789,9.485654830932617,0.0,81.88560485839844,4.8744200103101325e-06,400
ridge_core_context,exemplar,bram,-0.033713698387145996,67.41755676269531,2.5706613063812256,16.18985366821289,-4.853906631469727,-16.143211364746094,48.8953742980957,4.8744200103101325e-06,400
ridge_core_context,exemplar,cycles_max,0.5191612839698792,99.6998062133789,954.95068359375,-122.58293914794922,-694.9689331054688,-756.396484375,11.595366477966309,4.8744200103101325e-06,400
ridge_core_context,exemplar,interval_max,0.09100514650344849,118.3505859375,521.936767578125,-46.416046142578125,-851.2706298828125,-621.1157836914062,60.38431167602539,4.8744200103101325e-06,400
extra_trees_core_context,synthetic_test,lut,0.7217739820480347,30.059703826904297,55112.796875,1.8664863109588623,-279.9350280761719,-23.03957748413086,18.49660873413086,0.0006768333197604599,294
extra_trees_core_context,synthetic_test,ff,0.8353271484375,29.485248565673828,32343.521484375,1.4415953159332275,-23.45341682434082,-16.523733139038086,17.696949005126953,0.0006768333197604599,294
extra_trees_core_context,synthetic_test,dsp,0.5662592649459839,34.13157653808594,847.2152709960938,-2.4335737228393555,-23.132057189941406,-21.78738021850586,12.40576171875,0.0006768333197604599,294
extra_trees_core_context,synthetic_test,bram,0.48282647132873535,32.131629943847656,30.37308692932129,-0.1902407556772232,-17.04911231994629,-15.055654525756836,16.668834686279297,0.0006768333197604599,294
extra_trees_core_context,synthetic_test,cycles_max,0.5439612865447998,27.037086486816406,698528.5,0.6481488943099976,-11.486641883850098,-12.420804977416992,11.53958797454834,0.0006768333197604599,294
extra_trees_core_context,synthetic_test,interval_max,0.5429089665412903,32.849369049072266,699461.5625,-1.2936357259750366,-23.789798736572266,-15.51890754699707,10.115800857543945,0.0006768333197604599,294
extra_trees_core_context,exemplar,lut,0.23122495412826538,98.50941467285156,24104.09765625,-207.2951202392578,-594.437744140625,-483.5539245605469,-51.45723342895508,0.0004975489800199284,400
extra_trees_core_context,exemplar,ff,0.20701199769973755,94.35597229003906,15431.5791015625,-147.13140869140625,-558.4932250976562,-428.7339172363281,-19.17887306213379,0.0004975489800199284,400
extra_trees_core_context,exemplar,dsp,-0.06717550754547119,107.75572204589844,727.2328491210938,-37.49646759033203,-117.55846405029297,-220.58261108398438,75.48473358154297,0.0004975489800199284,400
extra_trees_core_context,exemplar,bram,-2.359537124633789,108.98611450195312,4.634303092956543,-189.08636474609375,-219.22027587890625,-306.70111083984375,-104.55304718017578,0.0004975489800199284,400
extra_trees_core_context,exemplar,cycles_max,0.19595152139663696,103.09593963623047,1234.8731689453125,-40.956634521484375,-441.61163330078125,-677.375,43.54660415649414,0.0004975489800199284,400
extra_trees_core_context,exemplar,interval_max,-0.16532421112060547,130.20120239257812,590.96337890625,-23.68276596069336,-296.5708923339844,-445.41131591796875,79.55294799804688,0.0004975489800199284,400
rbf_svr_core_context,synthetic_test,lut,0.8033947348594666,24.32918930053711,46328.81640625,0.9010045528411865,-331.3974914550781,-16.34687614440918,13.172163009643555,0.0012248777584937009,294
rbf_svr_core_context,synthetic_test,ff,0.8005080223083496,26.042068481445312,35599.1015625,1.4674417972564697,-24.572872161865234,-11.023226737976074,14.737091064453125,0.0012248777584937009,294
rbf_svr_core_context,synthetic_test,dsp,0.4860193729400635,36.249855041503906,922.2572021484375,-0.7951923608779907,-21.5550537109375,-22.848480224609375,12.996767044067383,0.0012248777584937009,294
rbf_svr_core_context,synthetic_test,bram,0.5228860378265381,32.56330490112305,29.173049926757812,-0.9224234819412231,-14.541353225708008,-11.859626770019531,12.975567817687988,0.0012248777584937009,294
rbf_svr_core_context,synthetic_test,cycles_max,0.47879648208618164,28.040847778320312,746770.125,-0.5152539014816284,-14.88466739654541,-16.845090866088867,10.495552062988281,0.0012248777584937009,294
rbf_svr_core_context,synthetic_test,interval_max,0.46060711145401,33.99966812133789,759827.625,0.32734790444374084,-28.615243911743164,-15.093033790588379,11.543482780456543,0.0012248777584937009,294
rbf_svr_core_context,exemplar,lut,0.4127272963523865,62.982154846191406,21067.408203125,-6.691778182983398,-120.84684753417969,-62.295928955078125,34.7745246887207,0.0009189626674924511,400
rbf_svr_core_context,exemplar,ff,0.06223571300506592,95.22769927978516,16781.234375,51.807044982910156,-37.79925537109375,-14.463430404663086,74.36862182617188,0.0009189626674924511,400
rbf_svr_core_context,exemplar,dsp,-0.03947007656097412,78.7015380859375,717.730712890625,0.0,-51.915992736816406,-81.96065521240234,48.09964370727539,0.0009189626674924511,400
rbf_svr_core_context,exemplar,bram,-0.24699461460113525,65.66519165039062,2.823429822921753,-0.5837857723236084,-64.93042755126953,-58.244117736816406,32.68156814575195,0.0009189626674924511,400
rbf_svr_core_context,exemplar,cycles_max,0.6037393808364868,103.14189147949219,866.9052734375,-102.70484161376953,-531.1490478515625,-757.4368896484375,42.27394104003906,0.0009189626674924511,400
rbf_svr_core_context,exemplar,interval_max,-0.08021461963653564,120.5215835571289,568.9736938476562,11.278083801269531,-282.2748718261719,-272.166748046875,77.58189392089844,0.0009189626674924511,400
tabular_mlp_core_context,synthetic_test,lut,0.8110940456390381,24.809608459472656,45412.61328125,1.6660956144332886,-141.96514892578125,-14.829473495483398,16.299884796142578,2.7497050989511087e-05,294
tabular_mlp_core_context,synthetic_test,ff,0.8439199328422546,25.4172420501709,31488.361328125,-1.209719181060791,-8.703700065612793,-14.244059562683105,12.035904884338379,2.7497050989511087e-05,294
tabular_mlp_core_context,synthetic_test,dsp,0.11858940124511719,33.62012481689453,1207.724365234375,0.0,-12.313056945800781,-17.819456100463867,18.65789794921875,2.7497050989511087e-05,294
tabular_mlp_core_context,synthetic_test,bram,0.6339142322540283,34.9052848815918,25.554195404052734,-1.9835630655288696,-18.748010635375977,-24.275630950927734,14.480217933654785,2.7497050989511087e-05,294
tabular_mlp_core_context,synthetic_test,cycles_max,0.7547895908355713,31.37730598449707,512215.46875,-5.456857681274414,-19.287580490112305,-24.334671020507812,11.744057655334473,2.7497050989511087e-05,294
tabular_mlp_core_context,synthetic_test,interval_max,0.6971162557601929,36.44154739379883,569377.75,-6.775960922241211,-46.3613166809082,-29.572654724121094,12.346010208129883,2.7497050989511087e-05,294
tabular_mlp_core_context,exemplar,lut,0.3991331458091736,66.61084747314453,21309.84765625,-37.755455017089844,-100.59539794921875,-137.77459716796875,25.254806518554688,7.89173449811642e-05,400
tabular_mlp_core_context,exemplar,ff,0.2183714509010315,75.07974243164062,15320.65234375,23.92224884033203,-52.37138748168945,-51.09376907348633,59.46854782104492,7.89173449811642e-05,400
tabular_mlp_core_context,exemplar,dsp,0.0035236477851867676,103.59342956542969,702.7308959960938,-109.83553314208984,-401.6661682128906,-495.52154541015625,0.0,7.89173449811642e-05,400
tabular_mlp_core_context,exemplar,bram,0.03170531988143921,62.99599838256836,2.4879891872406006,0.0,-51.610374450683594,-72.68760681152344,30.78726577758789,7.89173449811642e-05,400
tabular_mlp_core_context,exemplar,cycles_max,-0.8410265445709229,123.44267272949219,1868.5780029296875,-467.34075927734375,-1181.5380859375,-1688.01220703125,-85.61209869384766,7.89173449811642e-05,400
tabular_mlp_core_context,exemplar,interval_max,0.01876044273376465,112.30677032470703,542.2813720703125,-102.24623107910156,-770.739990234375,-728.622802734375,36.637908935546875,7.89173449811642e-05,400
ridge_all_context,synthetic_test,lut,0.6990267634391785,32.98564529418945,57321.50390625,-1.049889087677002,-339.9675598144531,-30.940757751464844,17.857248306274414,2.6715101894358694e-06,294
ridge_all_context,synthetic_test,ff,0.4097023010253906,43.53856658935547,61236.7109375,0.9499998092651367,-34.56431198120117,-28.88511085510254,29.02962875366211,2.6715101894358694e-06,294
ridge_all_context,synthetic_test,dsp,0.1742580533027649,68.46680450439453,1168.9632568359375,-1.5822110176086426,-75.08895111083984,-66.82746887207031,39.37390899658203,2.6715101894358694e-06,294
ridge_all_context,synthetic_test,bram,0.5575324892997742,34.541683197021484,28.093862533569336,-2.628776788711548,-16.650346755981445,-23.740924835205078,13.014907836914062,2.6715101894358694e-06,294
ridge_all_context,synthetic_test,cycles_max,0.0006303191184997559,41.192474365234375,1034061.5,-0.22319331765174866,-24.4592227935791,-35.652015686035156,26.38409423828125,2.6715101894358694e-06,294
ridge_all_context,synthetic_test,interval_max,0.43849730491638184,50.928802490234375,775244.0,-0.6543887853622437,-38.10908126831055,-42.59304428100586,32.23047637939453,2.6715101894358694e-06,294
ridge_all_context,exemplar,lut,-0.6679019927978516,65.25057983398438,35503.93359375,-30.33746337890625,-98.40022277832031,-141.92117309570312,28.67259979248047,2.785714968922548e-06,400
ridge_all_context,exemplar,ff,-0.4657158851623535,121.96068572998047,20979.828125,78.78883361816406,16.628246307373047,35.08551025390625,90.53702545166016,2.785714968922548e-06,400
ridge_all_context,exemplar,dsp,-0.04301190376281738,101.54681396484375,718.9524536132812,52.82642364501953,-1.608021855354309,0.0,79.98365783691406,2.785714968922548e-06,400
ridge_all_context,exemplar,bram,-0.04104268550872803,67.80253601074219,2.5797581672668457,19.606040954589844,-3.4254150390625,-13.660359382629395,50.0,2.785714968922548e-06,400
ridge_all_context,exemplar,cycles_max,0.4931502938270569,100.83382415771484,980.4395751953125,-133.12973022460938,-754.4413452148438,-847.701416015625,6.4550275802612305,2.785714968922548e-06,400
ridge_all_context,exemplar,interval_max,0.10670876502990723,117.68107604980469,517.40869140625,-66.51739501953125,-983.6962280273438,-797.2299194335938,52.690155029296875,2.785714968922548e-06,400
extra_trees_all_context,synthetic_test,lut,0.7236065864562988,29.801395416259766,54930.9921875,1.5349721908569336,-310.8258972167969,-21.050960540771484,17.665605545043945,0.0006289234455971073,294
extra_trees_all_context,synthetic_test,ff,0.8504552245140076,29.107791900634766,30822.08203125,1.1362954378128052,-24.416053771972656,-16.243839263916016,17.261438369750977,0.0006289234455971073,294
extra_trees_all_context,synthetic_test,dsp,0.5563150644302368,34.63987731933594,856.8721923828125,-2.8439409732818604,-24.0018310546875,-19.925689697265625,13.170260429382324,0.0006289234455971073,294
extra_trees_all_context,synthetic_test,bram,0.4875319004058838,32.205711364746094,30.234596252441406,-0.4022076725959778,-17.328815460205078,-15.539594650268555,15.563584327697754,0.0006289234455971073,294
extra_trees_all_context,synthetic_test,cycles_max,0.5304703712463379,27.092021942138672,708785.4375,0.7264089584350586,-11.249024391174316,-12.640204429626465,11.887826919555664,0.0006289234455971073,294
extra_trees_all_context,synthetic_test,interval_max,0.5289568901062012,33.40115737915039,710056.3125,-1.4639956951141357,-25.744552612304688,-15.594329833984375,11.130642890930176,0.0006289234455971073,294
extra_trees_all_context,exemplar,lut,0.1999714970588684,98.64498138427734,24589.173828125,-204.99908447265625,-515.7138671875,-495.50604248046875,-66.68650817871094,0.0004902620424763882,400
extra_trees_all_context,exemplar,ff,0.2011200189590454,94.07632446289062,15488.8017578125,-146.43252563476562,-456.5203857421875,-433.6592712402344,-17.66209602355957,0.0004902620424763882,400
extra_trees_all_context,exemplar,dsp,-0.0593334436416626,114.850830078125,724.5558471679688,-74.89750671386719,-172.31878662109375,-305.7281494140625,69.62171936035156,0.0004902620424763882,400
extra_trees_all_context,exemplar,bram,-3.6897454261779785,115.8137435913086,5.4754438400268555,-227.71005249023438,-255.31988525390625,-347.7119140625,-130.65093994140625,0.0004902620424763882,400
extra_trees_all_context,exemplar,cycles_max,0.1680086851119995,104.10762023925781,1256.1474609375,-36.01448059082031,-457.6181335449219,-707.7029418945312,45.100826263427734,0.0004902620424763882,400
extra_trees_all_context,exemplar,interval_max,-0.17464971542358398,128.71047973632812,593.3232421875,-8.294496536254883,-270.19293212890625,-379.94390869140625,82.9291000366211,0.0004902620424763882,400
rbf_svr_all_context,synthetic_test,lut,0.8042073249816895,24.258304595947266,46232.9765625,0.8631834387779236,-328.0583801269531,-16.011701583862305,12.690753936767578,0.0010492182720839014,294
rbf_svr_all_context,synthetic_test,ff,0.8013684153556824,26.062702178955078,35522.25390625,1.4072673320770264,-24.858245849609375,-10.907322883605957,14.84184455871582,0.0010492182720839014,294
rbf_svr_all_context,synthetic_test,dsp,0.48125404119491577,36.28899383544922,926.522705078125,-0.9185066223144531,-21.503061294555664,-22.255859375,13.035919189453125,0.0010492182720839014,294
rbf_svr_all_context,synthetic_test,bram,0.5229802131652832,32.56193161010742,29.1701717376709,-0.7131826877593994,-14.691372871398926,-11.654555320739746,12.911343574523926,0.0010492182720839014,294
rbf_svr_all_context,synthetic_test,cycles_max,0.4827667474746704,28.039342880249023,743920.4375,-0.5391913652420044,-14.78288459777832,-16.940982818603516,10.46851634979248,0.0010492182720839014,294
rbf_svr_all_context,synthetic_test,interval_max,0.46228814125061035,33.989837646484375,758642.6875,0.259765625,-28.081510543823242,-15.057226181030273,11.474264144897461,0.0010492182720839014,294
rbf_svr_all_context,exemplar,lut,0.40844225883483887,63.32415771484375,21144.12890625,-9.013090133666992,-127.67790222167969,-68.42755126953125,33.313995361328125,0.0008843341275132843,400
rbf_svr_all_context,exemplar,ff,0.06614512205123901,93.75662994384766,16746.21875,49.69523620605469,-45.51056671142578,-17.972742080688477,72.9485092163086,0.0008843341275132843,400
rbf_svr_all_context,exemplar,dsp,-0.04160046577453613,79.32048034667969,718.4658203125,0.0,-50.56025314331055,-79.48224639892578,49.044342041015625,0.0008843341275132843,400
rbf_svr_all_context,exemplar,bram,-0.22666144371032715,65.61354064941406,2.800316095352173,-1.5660405158996582,-65.28913116455078,-59.5760383605957,32.265377044677734,0.0008843341275132843,400
rbf_svr_all_context,exemplar,cycles_max,0.6054105758666992,103.03972625732422,865.0753784179688,-105.53141784667969,-547.3877563476562,-794.3497314453125,40.03477478027344,0.0008843341275132843,400
rbf_svr_all_context,exemplar,interval_max,-0.0734015703201294,121.06844329833984,567.1765747070312,4.381658554077148,-309.4804382324219,-301.0326843261719,75.59140014648438,0.0008843341275132843,400
tabular_mlp_all_context,synthetic_test,lut,0.7893320322036743,25.840822219848633,47957.09765625,-1.7278296947479248,-58.887451171875,-20.651195526123047,13.75003433227539,2.0909493206604225e-05,294
tabular_mlp_all_context,synthetic_test,ff,0.7685181498527527,28.398508071899414,38347.30078125,-1.612243890762329,-13.20382022857666,-16.784271240234375,15.977481842041016,2.0909493206604225e-05,294
tabular_mlp_all_context,synthetic_test,dsp,0.6843547821044922,36.11435317993164,722.733642578125,0.0,-25.098886489868164,-28.529903411865234,13.622828483581543,2.0909493206604225e-05,294
tabular_mlp_all_context,synthetic_test,bram,0.6184852123260498,34.775264739990234,26.087139129638672,0.0,-9.092283248901367,-21.43964958190918,16.103483200073242,2.0909493206604225e-05,294
tabular_mlp_all_context,synthetic_test,cycles_max,0.7824837565422058,29.399099349975586,482424.25,2.1247754096984863,-21.66326141357422,-20.525341033935547,12.917839050292969,2.0909493206604225e-05,294
tabular_mlp_all_context,synthetic_test,interval_max,0.7801369428634644,41.15420150756836,485108.21875,-3.062980890274048,-72.5840835571289,-43.63740158081055,12.739473342895508,2.0909493206604225e-05,294
tabular_mlp_all_context,exemplar,lut,-1.0017249584197998,91.35990905761719,38894.96875,-129.4783935546875,-205.8631591796875,-356.1554260253906,26.433059692382812,2.4545647502236534e-05,400
tabular_mlp_all_context,exemplar,ff,0.10975074768066406,88.52980041503906,16350.568359375,2.8595664501190186,-61.27663040161133,-91.58329772949219,73.15607452392578,2.4545647502236534e-05,400
tabular_mlp_all_context,exemplar,dsp,-0.04773056507110596,87.31663513183594,720.576904296875,-3.964743137359619,-128.38418579101562,-148.74386596679688,50.334781646728516,2.4545647502236534e-05,400
tabular_mlp_all_context,exemplar,bram,0.2868672013282776,50.8466796875,2.135157585144043,0.0,-21.67925262451172,-25.313438415527344,31.286672592163086,2.4545647502236534e-05,400
tabular_mlp_all_context,exemplar,cycles_max,-0.4301525354385376,112.33012390136719,1646.919677734375,-233.52297973632812,-1101.77880859375,-1130.3485107421875,-21.05817222595215,2.4545647502236534e-05,400
tabular_mlp_all_context,exemplar,interval_max,-0.01692032814025879,112.32047271728516,552.0527954101562,21.001605987548828,-1494.3994140625,-190.65101623535156,64.80459594726562,2.4545647502236534e-05,400
rbf_svr_graph_no_pragmas,synthetic_test,lut,0.7321330308914185,26.677465438842773,54077.08203125,1.2204701900482178,-423.4391784667969,-18.724536895751953,14.409286499023438,0.0008221659149565151,294
rbf_svr_graph_no_pragmas,synthetic_test,ff,0.6321126818656921,31.828113555908203,48343.01953125,0.4682140648365021,-70.28988647460938,-12.209365844726562,15.866064071655273,0.0008221659149565151,294
rbf_svr_graph_no_pragmas,synthetic_test,dsp,0.03843569755554199,40.683441162109375,1261.443603515625,0.0,-18.564977645874023,-23.60724449157715,14.412845611572266,0.0008221659149565151,294
rbf_svr_graph_no_pragmas,synthetic_test,bram,0.5126214027404785,33.193359375,29.485193252563477,-1.343646764755249,-14.511125564575195,-12.376077651977539,14.113325119018555,0.0008221659149565151,294
rbf_svr_graph_no_pragmas,synthetic_test,cycles_max,0.5726497173309326,34.96189880371094,676200.125,0.9294779300689697,-55.28959655761719,-19.827978134155273,13.539745330810547,0.0008221659149565151,294
rbf_svr_graph_no_pragmas,synthetic_test,interval_max,0.5214724540710449,41.474525451660156,715675.1875,-0.307900071144104,-82.8700942993164,-20.092082977294922,12.891401290893555,0.0008221659149565151,294
rbf_svr_graph_no_pragmas,exemplar,lut,0.3033461570739746,61.94090270996094,22945.6171875,-6.205548286437988,-98.41232299804688,-67.3932113647461,35.2143440246582,0.0007098947674967349,400
rbf_svr_graph_no_pragmas,exemplar,ff,-0.1540905237197876,121.50514221191406,18616.455078125,77.01353454589844,8.036996841430664,44.948463439941406,86.22136688232422,0.0007098947674967349,400
rbf_svr_graph_no_pragmas,exemplar,dsp,-0.037987470626831055,76.68085479736328,717.2186889648438,-9.911611557006836,-61.925479888916016,-105.41915130615234,33.86726379394531,0.0007098947674967349,400
rbf_svr_graph_no_pragmas,exemplar,bram,-0.7736815214157104,59.9591064453125,3.3673057556152344,-13.091191291809082,-101.75471496582031,-69.74034118652344,16.876571655273438,0.0007098947674967349,400
rbf_svr_graph_no_pragmas,exemplar,cycles_max,0.5949223041534424,101.47349548339844,876.4969482421875,-86.595703125,-469.7320251464844,-769.7120361328125,36.4799690246582,0.0007098947674967349,400
rbf_svr_graph_no_pragmas,exemplar,interval_max,-0.0476912260055542,111.80815887451172,560.3428344726562,-7.176072120666504,-223.6632843017578,-248.72569274902344,71.80816650390625,0.0007098947674967349,400
rbf_svr_graph_no_pragma_arguments,synthetic_test,lut,0.739611029624939,26.34351348876953,53316.90234375,1.0278856754302979,-329.58892822265625,-17.345172882080078,13.987344741821289,0.0009573248537141691,294
rbf_svr_graph_no_pragma_arguments,synthetic_test,ff,0.6558589935302734,31.690248489379883,46756.77734375,0.19201505184173584,-53.23278045654297,-11.998294830322266,15.554267883300781,0.0009573248537141691,294
rbf_svr_graph_no_pragma_arguments,synthetic_test,dsp,0.03268229961395264,40.64796447753906,1265.2117919921875,0.0,-16.953269958496094,-22.44942855834961,15.262520790100098,0.0009573248537141691,294
rbf_svr_graph_no_pragma_arguments,synthetic_test,bram,0.5280178189277649,33.20351791381836,29.015735626220703,-0.5106816291809082,-11.814766883850098,-12.280508995056152,15.126619338989258,0.0009573248537141691,294
rbf_svr_graph_no_pragma_arguments,synthetic_test,cycles_max,0.4898373484611511,34.15283203125,738818.25,1.1167998313903809,-55.63975143432617,-17.754459381103516,13.487109184265137,0.0009573248537141691,294
rbf_svr_graph_no_pragma_arguments,synthetic_test,interval_max,0.44773054122924805,40.744842529296875,768843.625,0.675852358341217,-83.21175384521484,-15.998936653137207,13.51559829711914,0.0009573248537141691,294
rbf_svr_graph_no_pragma_arguments,exemplar,lut,0.31845635175704956,61.52217483520508,22695.412109375,1.6422737836837769,-91.65956115722656,-62.20157241821289,37.81671142578125,0.0007577386075354297,400
rbf_svr_graph_no_pragma_arguments,exemplar,ff,-0.12971484661102295,117.15415954589844,18418.806640625,74.42959594726562,13.243886947631836,38.80626678466797,85.50260925292969,0.0007577386075354297,400
rbf_svr_graph_no_pragma_arguments,exemplar,dsp,-0.041048526763916016,74.60599517822266,718.2754516601562,-4.619100570678711,-52.72607421875,-108.71434020996094,31.292823791503906,0.0007577386075354297,400
rbf_svr_graph_no_pragma_arguments,exemplar,bram,-0.6987220048904419,60.06732177734375,3.2953829765319824,-9.069025039672852,-95.95780944824219,-59.011558532714844,23.449899673461914,0.0007577386075354297,400
rbf_svr_graph_no_pragma_arguments,exemplar,cycles_max,0.6213520765304565,101.32539367675781,847.4205322265625,-81.18517303466797,-459.7102355957031,-694.1502685546875,37.357086181640625,0.0007577386075354297,400
rbf_svr_graph_no_pragma_arguments,exemplar,interval_max,-0.07549393177032471,113.75640869140625,567.7290649414062,8.350258827209473,-163.5163116455078,-184.62538146972656,80.96928405761719,0.0007577386075354297,400
rbf_svr_graph_no_pragma_edges,synthetic_test,lut,0.7981573939323425,23.514570236206055,46941.8359375,0.7411521673202515,-290.81549072265625,-17.466388702392578,11.338213920593262,0.0013298393605509773,294
rbf_svr_graph_no_pragma_edges,synthetic_test,ff,0.8074551820755005,27.948740005493164,34973.75390625,0.6134699583053589,-26.425399780273438,-11.159481048583984,14.182600021362305,0.0013298393605509773,294
rbf_svr_graph_no_pragma_edges,synthetic_test,dsp,0.4967723488807678,35.00075912475586,912.5588989257812,0.0,-17.00718879699707,-21.257043838500977,13.00623893737793,0.0013298393605509773,294
rbf_svr_graph_no_pragma_edges,synthetic_test,bram,0.5443611145019531,32.73024368286133,28.50894546508789,-1.1809425354003906,-14.09531307220459,-12.094343185424805,15.504859924316406,0.0013298393605509773,294
rbf_svr_graph_no_pragma_edges,synthetic_test,cycles_max,0.5050019025802612,27.701494216918945,727754.75,-0.7932074666023254,-15.92809009552002,-17.586050033569336,10.496137619018555,0.0013298393605509773,294
rbf_svr_graph_no_pragma_edges,synthetic_test,interval_max,0.4910784959793091,32.149112701416016,738053.5625,0.562900722026825,-24.163955688476562,-14.10518741607666,12.423341751098633,0.0013298393605509773,294
rbf_svr_graph_no_pragma_edges,exemplar,lut,0.3690822124481201,61.11615753173828,21836.2265625,1.370350956916809,-98.90753936767578,-63.12745666503906,32.50925827026367,0.001034294767487154,400
rbf_svr_graph_no_pragma_edges,exemplar,ff,-0.08770251274108887,110.35405731201172,18073.076171875,70.13999938964844,6.932338714599609,23.285179138183594,88.88467407226562,0.001034294767487154,400
rbf_svr_graph_no_pragma_edges,exemplar,dsp,-0.0342254638671875,75.90682220458984,715.9177856445312,0.0,-49.50774383544922,-84.39027404785156,43.921958923339844,0.001034294767487154,400
rbf_svr_graph_no_pragma_edges,exemplar,bram,-0.35694897174835205,65.05181884765625,2.945279359817505,-10.748858451843262,-74.18316650390625,-63.49093246459961,29.183387756347656,0.001034294767487154,400
rbf_svr_graph_no_pragma_edges,exemplar,cycles_max,0.634458601474762,102.45344543457031,832.6250610351562,-117.97024536132812,-470.6067199707031,-787.7303466796875,31.916826248168945,0.001034294767487154,400
rbf_svr_graph_no_pragma_edges,exemplar,interval_max,-0.08298826217651367,111.12934112548828,569.7037353515625,22.587289810180664,-192.31690979003906,-178.47987365722656,76.51189422607422,0.001034294767487154,400
rbf_svr_graph_no_type_features,synthetic_test,lut,0.7250803709030151,31.9217586517334,54784.3515625,1.062007188796997,-1320.10498046875,-28.880952835083008,19.002517700195312,0.0014471189387884706,294
rbf_svr_graph_no_type_features,synthetic_test,ff,0.8259586095809937,34.226417541503906,33250.8359375,1.8691682815551758,-70.13590240478516,-21.643465042114258,20.65164566040039,0.0014471189387884706,294
rbf_svr_graph_no_type_features,synthetic_test,dsp,0.17917734384536743,51.842350006103516,1165.47607421875,-3.0011727809906006,-37.47488784790039,-32.36790084838867,27.658279418945312,0.0014471189387884706,294
rbf_svr_graph_no_type_features,synthetic_test,bram,0.5736707448959351,35.25880432128906,27.576766967773438,0.0,-9.365680694580078,-12.407755851745605,20.89132308959961,0.0014471189387884706,294
rbf_svr_graph_no_type_features,synthetic_test,cycles_max,0.3560504913330078,45.01824951171875,830059.4375,1.5677874088287354,-27.66484260559082,-53.745994567871094,32.26858139038086,0.0014471189387884706,294
rbf_svr_graph_no_type_features,synthetic_test,interval_max,0.3574443459510803,49.88677978515625,829311.8125,1.974043846130371,-30.449159622192383,-45.36532974243164,33.52212142944336,0.0014471189387884706,294
rbf_svr_graph_no_type_features,exemplar,lut,0.15305095911026,87.52574920654297,25299.962890625,37.29121780395508,-107.6284408569336,-13.359039306640625,70.38226318359375,0.0008468329925017315,400
rbf_svr_graph_no_type_features,exemplar,ff,-0.15150368213653564,123.4725570678711,18595.580078125,73.39212036132812,-74.3219223022461,30.667888641357422,90.01478576660156,0.0008468329925017315,400
rbf_svr_graph_no_type_features,exemplar,dsp,-0.01728677749633789,105.88780975341797,710.0308837890625,-3.8630802631378174,-608.6493530273438,-271.94305419921875,58.89591598510742,0.0008468329925017315,400
rbf_svr_graph_no_type_features,exemplar,bram,-1.484050989151001,70.14710235595703,3.984969139099121,0.0,-101.86583709716797,-71.70332336425781,37.678871154785156,0.0008468329925017315,400
rbf_svr_graph_no_type_features,exemplar,cycles_max,0.278195858001709,103.2605972290039,1170.0135498046875,-70.49147033691406,-572.36328125,-836.3629760742188,36.33802795410156,0.0008468329925017315,400
rbf_svr_graph_no_type_features,exemplar,interval_max,-0.09859621524810791,112.5907211303711,573.7943115234375,20.704814910888672,-279.3022766113281,-164.63917541503906,76.64488220214844,0.0008468329925017315,400
rbf_svr_graph_no_literal_features,synthetic_test,lut,0.7916560769081116,23.886735916137695,47691.8359375,0.35307204723358154,-277.63226318359375,-16.19719123840332,11.581615447998047,0.001157350115637219,294
rbf_svr_graph_no_literal_features,synthetic_test,ff,0.8139731287956238,28.625123977661133,34376.69921875,-0.5189085006713867,-29.499441146850586,-13.486574172973633,15.096967697143555,0.001157350115637219,294
rbf_svr_graph_no_literal_features,synthetic_test,dsp,0.47732239961624146,36.03837966918945,930.0271606445312,-0.4609714150428772,-17.22954750061035,-23.025257110595703,14.371822357177734,0.001157350115637219,294
rbf_svr_graph_no_literal_features,synthetic_test,bram,0.5444658994674683,32.16551971435547,28.50566864013672,-0.19813835620880127,-11.997626304626465,-11.220948219299316,13.326364517211914,0.001157350115637219,294
rbf_svr_graph_no_literal_features,synthetic_test,cycles_max,0.4046792984008789,28.415510177612305,798102.6875,-0.6185613870620728,-17.625980377197266,-14.837772369384766,11.005988121032715,0.001157350115637219,294
rbf_svr_graph_no_literal_features,synthetic_test,interval_max,0.38812899589538574,32.469303131103516,809268.0625,0.1170845553278923,-23.364471435546875,-14.776641845703125,13.360868453979492,0.001157350115637219,294
rbf_svr_graph_no_literal_features,exemplar,lut,0.259915292263031,64.17475891113281,23650.04296875,-3.2766482830047607,-102.27758026123047,-76.10938262939453,35.48339080810547,0.0011556556674986495,400
rbf_svr_graph_no_literal_features,exemplar,ff,-0.07866072654724121,107.3309097290039,17997.802734375,67.38806915283203,5.2209320068359375,17.08623695373535,88.19611358642578,0.0011556556674986495,400
rbf_svr_graph_no_literal_features,exemplar,dsp,-0.029137849807739258,77.87818908691406,714.1547241210938,0.0,-73.14604187011719,-102.93318939208984,38.491817474365234,0.0011556556674986495,400
rbf_svr_graph_no_literal_features,exemplar,bram,-0.5639302730560303,67.6330337524414,3.161938428878784,-14.968862533569336,-86.9954605102539,-73.1182861328125,26.281034469604492,0.0011556556674986495,400
rbf_svr_graph_no_literal_features,exemplar,cycles_max,0.6390721797943115,101.8144760131836,827.3540649414062,-119.38539123535156,-496.4766845703125,-781.732666015625,29.67330551147461,0.0011556556674986495,400
rbf_svr_graph_no_literal_features,exemplar,interval_max,-0.05561685562133789,108.9234848022461,562.4583129882812,13.526533126831055,-206.50120544433594,-179.68927001953125,70.68272399902344,0.0011556556674986495,400
rbf_svr_graph_no_edges,synthetic_test,lut,0.8147410154342651,23.445980072021484,44972.11328125,0.7301371097564697,-298.5738525390625,-17.17115592956543,11.095112800598145,0.0011360390510447291,294
rbf_svr_graph_no_edges,synthetic_test,ff,0.8161801695823669,27.762985229492188,34172.16796875,0.6054962873458862,-26.162324905395508,-11.484241485595703,13.465950965881348,0.0011360390510447291,294
rbf_svr_graph_no_edges,synthetic_test,dsp,0.5137301683425903,35.457298278808594,897.0514526367188,0.0,-18.077178955078125,-22.098655700683594,12.919439315795898,0.0011360390510447291,294
rbf_svr_graph_no_edges,synthetic_test,bram,0.5388282537460327,32.94121551513672,28.681516647338867,-1.361595630645752,-13.491008758544922,-12.842187881469727,13.336193084716797,0.0011360390510447291,294
rbf_svr_graph_no_edges,synthetic_test,cycles_max,0.5149682760238647,27.0876522064209,720391.125,-0.26305922865867615,-15.254786491394043,-16.97776985168457,10.346649169921875,0.0011360390510447291,294
rbf_svr_graph_no_edges,synthetic_test,interval_max,0.5029916763305664,32.3861083984375,729364.0,0.010339761152863503,-24.09347152709961,-15.652039527893066,12.548238754272461,0.0011360390510447291,294
rbf_svr_graph_no_edges,exemplar,lut,0.34177470207214355,61.5518798828125,22303.78125,-4.801932334899902,-107.87017822265625,-72.71493530273438,31.407957077026367,0.0009822389699911582,400
rbf_svr_graph_no_edges,exemplar,ff,-0.07173144817352295,106.83058166503906,17939.900390625,67.83413696289062,6.228879928588867,18.813974380493164,87.40277862548828,0.0009822389699911582,400
rbf_svr_graph_no_edges,exemplar,dsp,-0.03645527362823486,73.31166076660156,716.6891479492188,0.0,-33.207279205322266,-54.852691650390625,46.26112747192383,0.0009822389699911582,400
rbf_svr_graph_no_edges,exemplar,bram,-0.21272850036621094,65.08988952636719,2.784367322921753,-13.98859977722168,-68.56262969970703,-67.65644073486328,28.398744583129883,0.0009822389699911582,400
rbf_svr_graph_no_edges,exemplar,cycles_max,0.6360867023468018,102.78030395507812,830.7688598632812,-146.98744201660156,-499.88616943359375,-744.6627197265625,24.824050903320312,0.0009822389699911582,400
rbf_svr_graph_no_edges,exemplar,interval_max,-0.05876362323760986,108.85369873046875,563.2959594726562,16.09536361694336,-220.5155792236328,-199.98086547851562,75.76426696777344,0.0009822389699911582,400
rbf_svr_graph_size_only,synthetic_test,lut,0.37750011682510376,46.29703903198242,82437.2109375,4.517806053161621,-2954.96875,-30.503379821777344,30.53736114501953,0.0005039428163269934,294
rbf_svr_graph_size_only,synthetic_test,ff,0.291945219039917,51.27739334106445,67067.1328125,1.3551576137542725,-226.09483337402344,-36.118316650390625,33.245304107666016,0.0005039428163269934,294
rbf_svr_graph_size_only,synthetic_test,dsp,-0.020299673080444336,76.02539825439453,1299.3990478515625,0.0,-30.245203018188477,-44.526432037353516,53.540382385253906,0.0005039428163269934,294
rbf_svr_graph_size_only,synthetic_test,bram,0.4507700204849243,43.82826614379883,31.300254821777344,-1.2717341184616089,-22.388639450073242,-28.448776245117188,25.281431198120117,0.0005039428163269934,294
rbf_svr_graph_size_only,synthetic_test,cycles_max,0.26077646017074585,66.64903259277344,889346.875,3.0824246406555176,-83.12481689453125,-79.02537536621094,46.66450119018555,0.0005039428163269934,294
rbf_svr_graph_size_only,synthetic_test,interval_max,0.2066778540611267,73.43727111816406,921482.875,7.538468360900879,-127.75012969970703,-96.22283935546875,46.52595138549805,0.0005039428163269934,294
rbf_svr_graph_size_only,exemplar,lut,-0.3081240653991699,96.09144592285156,31442.400390625,-62.572532653808594,-429.8994140625,-210.43670654296875,56.17163848876953,0.0002611191825053538,400
rbf_svr_graph_size_only,exemplar,ff,-0.20367014408111572,113.33232116699219,19012.130859375,61.083213806152344,-252.06761169433594,-16.746109008789062,84.95195007324219,0.0002611191825053538,400
rbf_svr_graph_size_only,exemplar,dsp,-0.05269420146942139,118.9091567993164,722.2817993164062,-122.48706817626953,-457.5592956542969,-508.61053466796875,42.32225036621094,0.0002611191825053538,400
rbf_svr_graph_size_only,exemplar,bram,-3.421654224395752,86.32218170166016,5.316638469696045,-54.4520263671875,-211.6496124267578,-302.68560791015625,-5.252925872802734,0.0002611191825053538,400
rbf_svr_graph_size_only,exemplar,cycles_max,-0.013633012771606445,132.4947509765625,1386.5054931640625,27.627052307128906,-621.0263061523438,-945.288818359375,72.39779663085938,0.0002611191825053538,400
rbf_svr_graph_size_only,exemplar,interval_max,-0.21987080574035645,130.72874450683594,604.6361083984375,63.149986267089844,-158.14053344726562,-77.52619934082031,96.04934692382812,0.0002611191825053538,400
rbf_svr_graph_opcodes_size,synthetic_test,lut,0.5708903074264526,40.7110710144043,68444.375,-1.3757823705673218,-895.619140625,-33.4541015625,23.164438247680664,0.0005308020952316856,294
rbf_svr_graph_opcodes_size,synthetic_test,ff,0.4441720247268677,43.275028228759766,59421.90234375,-0.05567839741706848,-131.0394287109375,-29.5045166015625,27.44913101196289,0.0005308020952316856,294
rbf_svr_graph_opcodes_size,synthetic_test,dsp,0.0034180879592895508,54.001529693603516,1284.2073974609375,-1.8108186721801758,-25.046695709228516,-34.349300384521484,28.56673812866211,0.0005308020952316856,294
rbf_svr_graph_opcodes_size,synthetic_test,bram,0.4309004545211792,38.127498626708984,31.86140251159668,0.0,-13.619174003601074,-21.04791259765625,22.944242477416992,0.0005308020952316856,294
rbf_svr_graph_opcodes_size,synthetic_test,cycles_max,0.4700601100921631,58.74077606201172,753002.75,-1.1413989067077637,-68.32035064697266,-75.47972869873047,41.45448303222656,0.0005308020952316856,294
rbf_svr_graph_opcodes_size,synthetic_test,interval_max,0.40006333589553833,66.10496520996094,801337.0,9.68547534942627,-100.00407409667969,-83.16490173339844,41.85851287841797,0.0005308020952316856,294
rbf_svr_graph_opcodes_size,exemplar,lut,0.04193621873855591,80.7137451171875,26908.435546875,11.898409843444824,-141.5639190673828,-71.31334686279297,64.8892593383789,0.0004130990425255732,400
rbf_svr_graph_opcodes_size,exemplar,ff,-0.2026740312576294,123.8836441040039,19004.26171875,71.83524322509766,-68.54013061523438,16.134296417236328,88.1017074584961,0.0004130990425255732,400
rbf_svr_graph_opcodes_size,exemplar,dsp,-0.05972123146057129,93.47772216796875,724.6884765625,0.0,-153.6748809814453,-110.0356216430664,68.69770050048828,0.0004130990425255732,400
rbf_svr_graph_opcodes_size,exemplar,bram,-6.39735746383667,68.3631591796875,6.87674617767334,-44.34698486328125,-221.78872680664062,-109.63323211669922,0.0,0.0004130990425255732,400
rbf_svr_graph_opcodes_size,exemplar,cycles_max,-0.29106438159942627,101.97683715820312,1564.7867431640625,-102.982177734375,-629.2391967773438,-720.9174194335938,28.348094940185547,0.0004130990425255732,400
rbf_svr_graph_opcodes_size,exemplar,interval_max,0.07225757837295532,101.85498046875,527.2916259765625,-34.37739562988281,-170.54409790039062,-202.76339721679688,65.00518035888672,0.0004130990425255732,400
logistic_hurdle_rbf_expected_graph,synthetic_test,lut,0.7955071330070496,23.645957946777344,47249.01171875,0.5255669355392456,-302.2684020996094,-17.574058532714844,11.088844299316406,0.0010469500952005088,294
logistic_hurdle_rbf_expected_graph,synthetic_test,ff,0.8071165680885315,28.13250160217285,35004.49609375,0.7630753517150879,-27.298730850219727,-11.319648742675781,14.537443161010742,0.0010469500952005088,294
logistic_hurdle_rbf_expected_graph,synthetic_test,dsp,0.7881734371185303,33.53754425048828,592.0642700195312,-1.5365921258926392,-38.178131103515625,-21.26927947998047,7.161690711975098,0.0010469500952005088,294
logistic_hurdle_rbf_expected_graph,synthetic_test,bram,0.5484265089035034,31.45541000366211,28.38147735595703,-0.33683496713638306,-13.559462547302246,-10.442619323730469,14.005851745605469,0.0010469500952005088,294
logistic_hurdle_rbf_expected_graph,synthetic_test,cycles_max,0.47182750701904297,27.90445899963379,751746.0625,-0.6392694115638733,-16.152545928955078,-16.960729598999023,11.504694938659668,0.0010469500952005088,294
logistic_hurdle_rbf_expected_graph,synthetic_test,interval_max,0.45851796865463257,32.35159683227539,761297.6875,0.5005186200141907,-24.27008056640625,-14.77424144744873,11.844528198242188,0.0010469500952005088,294
logistic_hurdle_rbf_threshold_graph,synthetic_test,lut,0.7955071330070496,23.645957946777344,47249.01171875,0.5255669355392456,-302.2684020996094,-17.574058532714844,11.088844299316406,0.0010469500952005088,294
logistic_hurdle_rbf_threshold_graph,synthetic_test,ff,0.8071165680885315,28.13250160217285,35004.49609375,0.7630753517150879,-27.298730850219727,-11.319648742675781,14.537443161010742,0.0010469500952005088,294
logistic_hurdle_rbf_threshold_graph,synthetic_test,dsp,0.7888891100883484,24.052875518798828,591.0632934570312,0.0,-16.633771896362305,-13.811588287353516,6.768307209014893,0.0010469500952005088,294
logistic_hurdle_rbf_threshold_graph,synthetic_test,bram,0.5484249591827393,31.06142807006836,28.38152313232422,0.0,-12.881702423095703,-9.91786003112793,14.004271507263184,0.0010469500952005088,294
logistic_hurdle_rbf_threshold_graph,synthetic_test,cycles_max,0.47182750701904297,27.90445899963379,751746.0625,-0.6392694115638733,-16.152545928955078,-16.960729598999023,11.504694938659668,0.0010469500952005088,294
logistic_hurdle_rbf_threshold_graph,synthetic_test,interval_max,0.45851796865463257,32.35159683227539,761297.6875,0.5005186200141907,-24.27008056640625,-14.77424144744873,11.844528198242188,0.0010469500952005088,294
logistic_hurdle_rbf_expected_graph,exemplar,lut,0.375227153301239,61.2072868347168,21729.62890625,4.737912654876709,-93.68441772460938,-59.07269287109375,34.7706298828125,0.0010655773100006628,400
logistic_hurdle_rbf_expected_graph,exemplar,ff,-0.09686005115509033,111.3505859375,18148.998046875,71.09239959716797,10.452280044555664,26.737991333007812,88.98592376708984,0.0010655773100006628,400
logistic_hurdle_rbf_expected_graph,exemplar,dsp,0.06317567825317383,79.45639038085938,681.37255859375,-10.58517837524414,-154.45765686035156,-92.20924377441406,47.62874221801758,0.0010655773100006628,400
logistic_hurdle_rbf_expected_graph,exemplar,bram,-0.32941901683807373,65.4714584350586,2.9152488708496094,-4.273564338684082,-72.9113998413086,-93.97994995117188,27.23535919189453,0.0010655773100006628,400
logistic_hurdle_rbf_expected_graph,exemplar,cycles_max,0.6332201957702637,102.08384704589844,834.0343017578125,-110.98443603515625,-457.0946350097656,-763.3740234375,33.808284759521484,0.0010655773100006628,400
logistic_hurdle_rbf_expected_graph,exemplar,interval_max,-0.07557439804077148,110.99990844726562,567.7503662109375,22.59612274169922,-188.94476318359375,-175.73507690429688,76.02604675292969,0.0010655773100006628,400
logistic_hurdle_rbf_threshold_graph,exemplar,lut,0.375227153301239,61.2072868347168,21729.62890625,4.737912654876709,-93.68441772460938,-59.07269287109375,34.7706298828125,0.0010655773100006628,400
logistic_hurdle_rbf_threshold_graph,exemplar,ff,-0.09686005115509033,111.3505859375,18148.998046875,71.09239959716797,10.452280044555664,26.737991333007812,88.98592376708984,0.0010655773100006628,400
logistic_hurdle_rbf_threshold_graph,exemplar,dsp,0.11527633666992188,68.87092590332031,662.154541015625,0.0,-100.0139389038086,-47.481998443603516,48.49964141845703,0.0010655773100006628,400
logistic_hurdle_rbf_threshold_graph,exemplar,bram,-0.3315584659576416,64.7711181640625,2.9175939559936523,0.0,-73.1390609741211,-99.26001739501953,25.007326126098633,0.0010655773100006628,400
logistic_hurdle_rbf_threshold_graph,exemplar,cycles_max,0.6332201957702637,102.08384704589844,834.0343017578125,-110.98443603515625,-457.0946350097656,-763.3740234375,33.808284759521484,0.0010655773100006628,400
logistic_hurdle_rbf_threshold_graph,exemplar,interval_max,-0.07557439804077148,110.99990844726562,567.7503662109375,22.59612274169922,-188.94476318359375,-175.73507690429688,76.02604675292969,0.0010655773100006628,400
