split,kernel_family,tensor_path,baseline_smape_lut,candidate_smape_lut,delta_smape_lut,delta_absolute_error_lut,baseline_smape_ff,candidate_smape_ff,delta_smape_ff,delta_absolute_error_ff,baseline_smape_dsp,candidate_smape_dsp,delta_smape_dsp,delta_absolute_error_dsp,baseline_smape_bram,candidate_smape_bram,delta_smape_bram,delta_absolute_error_bram,baseline_smape_cycles_max,candidate_smape_cycles_max,delta_smape_cycles_max,delta_absolute_error_cycles_max,baseline_smape_interval_max,candidate_smape_interval_max,delta_smape_interval_max,delta_absolute_error_interval_max
test,2layer,2layer/archive_1/0bc7e3b8-c2a6-427a-ab7b-97c8d1f26de3.pt,16.416309984992335,33.97151217036663,17.555202185374295,0.230372916496862,23.16248035800406,48.127997786396016,24.965517428391955,0.3718118039805769,0.0,0.0,0.0,0.0,23.061114054136887,41.25363448043618,18.192520426299296,0.2072601318359375,9.411403278955655,9.463844843494243,0.05244156453858828,0.000577579128900872,3.662551818528696,30.287025776177284,26.62447395764859,0.22568837776224707
test,2layer,2layer/archive_1/0ceedcf7-5069-43e5-b761-a592699392fc.pt,5.4026110308076465,13.097880342197975,7.695269311390328,0.08755054999541431,15.254285004661583,0.11797581599078508,-15.136309188670797,-0.14054810848009527,8.036024210631686,7.569151830980386,-0.46687237965130013,-0.004423558712005615,11.529191805520131,22.251890905321538,10.722699099801407,0.10669247309366862,9.427538175716355,8.338467694796185,-1.0890704809201708,-0.018890291539634146,5.723104907324297,39.153888309665135,33.430783402340836,0.2717646868135221
test,2layer,2layer/archive_1/11fe5594-fbbe-4031-ac3a-4b43ba75a01f.pt,34.93538089158538,5.061685047407711,-29.87369584417767,-0.24803127235090228,27.976388607721386,0.348647130828966,-27.62774147689242,-0.2419433246416631,67.43631763815696,69.325836912191,1.8895192740340292,0.010056098302205404,17.19272130506394,51.40556638428646,34.21284507922252,0.3778456449508667,13.904065009826038,24.685414082236218,10.78134907241018,0.1321470199092742,6.851123866694729,0.5390887748001669,-6.312035091894562,-0.06553300066692073
test,2layer,2layer/archive_1/6979d03f-7ff1-4738-886e-3ee059a69d8a.pt,27.32141406691448,62.57888271441454,35.25746864750006,0.5942935414315864,17.792268318468675,52.749715799585346,34.957447481116674,0.5211376269257703,25.83879904084577,51.19516496679931,25.35636592595354,0.32613492012023926,0.5144086562576488,33.37278557845477,32.85837692219712,0.3163287162780762,2.08498028671891,5.1581718740081985,3.0731915872892888,0.0296466367464539,2.496695107503686,19.833538818143133,17.336843710639446,0.1551252054806128
test,2layer,2layer/archive_1/80788302-2292-4caa-a003-821aed591a4a.pt,17.172802577611172,41.392769050006464,24.219966472395292,0.18479721966911763,28.280710102264152,40.77875285054007,12.498042748275921,0.09095021747707802,0.0,0.0,0.0,0.0,53.15703496271075,60.78884585921641,7.631810896505655,0.11200094223022461,0.912418858332658,17.32846051557187,16.416041657239212,0.15036423877089136,2.2826118715583457,30.279693312944403,27.997081441386058,0.239825340734802
test,2layer,2layer/archive_1/81ae65ee-db11-4ff1-835c-a62e010c7087.pt,13.181201926579254,51.88097243546993,38.69977050889067,0.5594005525420984,12.543583959084804,47.70609590352724,35.162511944442436,0.4926487111253516,21.130817374197104,50.9599187637634,29.829101389566294,0.37297550837198895,1.8005638209325585,24.396205792730026,22.595641971797466,0.21640491485595703,22.75228973484957,32.31100493387158,9.55871519902201,0.07388211165186703,4.748892746436908,38.783816250455814,34.034923504018906,0.27842086716512626
test,2layer,2layer/archive_1/b7ff2436-119d-4ba9-9b49-189b5fabbe4c.pt,0.518557669432793,50.45185865522438,49.93330098579158,0.6695024782712552,16.333380995608614,63.088284655672744,46.75490366006413,0.743689023733632,12.088946362226828,54.69805871068597,42.60911234845914,0.520184596379598,2.4936198561460547,39.15301061958034,36.65939076343429,0.36926755905151365,19.359674665094733,19.462556387978406,0.10288172288367292,0.001261710624674987,4.061803503572954,28.527045627921044,24.46524212434809,0.20981416500347103
test,2layer,2layer/archive_1/b9c55cc1-33b8-4573-98e9-76d328fb262d.pt,7.664355079434323,37.54388399315215,29.879528913717827,0.3883748933559668,18.29847863480004,28.716340760719408,10.417862125919367,0.16765307757989034,19.862037173146664,21.889805231648708,2.027768058502044,0.056982994079589844,15.844097026969267,56.14957987506773,40.305482848098464,0.4564451575279236,14.116026561114069,17.245028805072618,3.129002243958549,0.026903210865287405,3.1786518074472117,24.728214874491886,21.549563067044673,0.1877180180017351
test,2layer,2layer/archive_1/d18488ed-9367-45dc-9e7e-03a6dad1662e.pt,9.262891827783823,16.33777130404511,7.074879476261286,0.08078186787625029,23.609673919700036,30.84227073998942,7.232596820289384,0.09695498916083213,8.545670440990682,19.652467321481986,11.106796880491304,0.0821978251139323,19.917528291754536,39.754797527917425,19.83726923616289,0.21997604370117188,11.388605819898444,5.11309443757193,-6.275511382326514,-0.06828215037677304,3.9276032088852464,22.91433629723646,18.986733088351215,0.16703651603987701
test,2layer,2layer/archive_1/d8705803-c54c-4ad6-bdd4-bea949213cf1.pt,4.003158919994556,28.521873018835525,24.518714098840967,0.29180141271062165,24.476607853690144,47.61560596265477,23.138998108964625,0.346024824246187,31.00114491044697,35.721768566295346,4.7206236558483745,0.05667797724405924,30.65378593442265,16.571785378001316,-14.082000556421335,-0.09866654872894287,0.35264223766913744,12.353855100441878,12.001212862772741,0.11282137532147925,0.028646708579381112,32.76645016863081,32.73780346005143,0.2812106177483854
test,2layer,2layer/archive_1/e2d32045-fe85-41fa-87fd-34469cfd2b33.pt,13.453988735737449,20.700580420353944,7.2465916846164955,0.104842267388718,17.986882396293286,17.501718362859233,-0.485164033434053,0.02677315698859425,30.95922750943156,6.165662961267766,-24.793564548163793,-0.1874518871307373,24.985132156847577,8.518142846434007,-16.46698931041357,-0.11094498634338379,13.027743014002729,18.94490559239735,5.917162578394622,0.05073948075110504,1.549048373688416,26.465523579320816,24.916475205632402,0.21805856477339278
test,2layer,2layer/archive_1/e71cebc8-9c8d-4db4-af21-b5ffd3e7d1e9.pt,61.53044345534708,114.04499207446102,52.51454861911394,1.764736656057859,27.895483856873902,86.23013925910446,58.33465540223056,1.1916018858650663,0.4207575173958964,64.24186681933656,63.821109301940666,0.785181442896525,6.251500799181579,58.48236997744846,52.23086917826688,0.5714781284332275,17.6710337689996,30.486954371008483,12.815920602008884,0.16583042160021982,5.298353602367684,22.480085803268334,17.18173220090065,0.1504309761964797
test,2layer,2layer/archive_1/ecfce556-484f-4093-a80c-893fda981e41.pt,6.7473580767805155,15.82171267482167,9.074354598041154,0.10653471891579377,7.960797950526105,28.70085676000053,20.740058809474426,0.2521786518354575,7.291450473435205,4.407581138109669,-2.883869335325536,-0.024501895904541014,0.7382794918090576,21.329306476965144,20.591026985156088,0.1928332249323527,1.7972440148364617,5.763799702518141,3.966555687681679,0.03788452828874025,4.419304642229846,20.984455778587638,16.56515113635779,0.14470146957067456
test,2layer,2layer/archive_1/f8730447-91f8-4ba9-8e61-8f68f3e2bcf2.pt,13.764262341319194,32.21177003838643,18.447507697067238,0.23613519750042997,15.488603591517414,32.86880100439422,17.380197412876807,0.22543235585162819,3.8819383767807647,1.1348243117918715,-2.747114064988893,-0.024765610694885254,43.71872871021409,35.13356267149947,-8.585166038714618,-0.05393214225769043,5.88597623144349,8.908085259979895,3.0221090285364056,0.024635845065842137,0.7283674007894257,32.25451914971397,31.526151748924544,0.27040598660016923
test,3layer,3layer/archive_1/1779f702-f865-451f-89d0-4f6b42a09e77.pt,17.165503861360182,15.428523798787392,-1.7369800625727905,-0.014850878533516222,24.943364040243225,15.832052694142291,-9.111311346100933,-0.07506563694955916,0.0,0.0,0.0,0.0,4.328295222103011,30.155519942362346,25.827224720259334,0.2590460777282715,2.435601636900523,6.709686875771388,4.274085238870866,0.04476222257118928,12.606951558471446,5.4480069415732455,-7.1589446168982,-0.08147915679359946
test,3layer,3layer/archive_1/182b1883-c1ef-4e91-b811-6a3d11a6d43f.pt,44.66491377211823,50.58532292956733,5.9204091574491,0.03862604074102693,27.44459609706614,27.791209333411082,0.34661323634494323,0.002675991520541533,55.83891498401099,126.2837629958644,70.4448480118534,0.33193108240763347,140.31942695952586,130.10553422860295,-10.213892730922908,-0.03526531566273083,8.988774669281815,12.58244293870102,3.5936682694192044,0.040146599561140806,3.5912703887567563,4.992017537452772,1.4007471486960155,0.014621701639048992
test,3layer,3layer/archive_1/1aefc079-3d88-4736-ab6a-8821bf651cfa.pt,68.88155762133654,6.365432298847821,-62.51612532248872,-0.44660058339090414,52.253290942253,13.521510175998577,-38.731780766254424,-0.2692643573204849,62.53581125760454,39.553440391786744,-22.9823708658178,-0.13952771100130948,8.151190979329625,40.6550600674821,32.50386908815247,0.3455659866333008,23.102206043696533,6.212723907558024,-16.88948213613851,-0.14294704093735267,5.42221275581786,14.287734653736159,8.865521897918299,0.09806687375332447
test,3layer,3layer/archive_1/652d7823-3b2f-48c4-b58a-bf36a9040d34.pt,23.180136693160453,25.915586043552228,2.735449350391775,0.021701111915126376,21.221768875317334,17.646881422342776,-3.574887452974558,-0.029698504279023315,41.55941124527217,98.00463825551282,56.44522701024064,0.30493394533793133,41.903116325844444,66.25232552698193,24.34920920113749,0.3684896469116211,10.476322707303828,2.061239137159623,-8.415083570144205,-0.09014337928090486,4.6839141263012,9.464888384725711,4.780974258424511,0.04239932684388726
test,3layer,3layer/archive_1/7964a722-8bad-4458-9c56-7a00af65391c.pt,2.4520631878747463,14.079037945545696,11.62697475767095,0.12662357577865016,0.9695682797908839,18.183272792422294,17.21370451263141,0.1903624336068539,0.0,0.0,0.0,0.0,27.41512967692728,55.22050973512391,27.805380058196633,0.3560976028442383,22.214381528856322,30.571511220682247,8.357129691825925,0.11095763620022124,0.08543612425054065,21.79541116652347,21.709975042272927,0.19562106874121643
test,3layer,3layer/archive_1/7dff1db2-d16a-4a01-829b-05b72a41623c.pt,11.89204758135429,20.4423543977096,8.55030681635531,0.10125654228726175,15.323839539269747,26.374711340827783,11.050871801558037,0.1378548821569295,26.841010045667797,18.385296443128926,-8.455713602538871,-0.09679584503173828,9.615145438221097,27.60575322188235,17.990607783661254,0.19184863567352295,5.653267747651035,26.091595619252594,20.438327871601558,0.17581877886836028,7.572410099694661,17.659041715305154,10.086631615610493,0.08354846861982557
test,3layer,3layer/archive_1/88cf0a0e-91b2-4947-96d7-9eed8547d6cd.pt,12.244013560294883,8.208394953965346,-4.035618606329537,-0.044826630899975545,0.07135030021192985,5.281431427731814,5.210081127519884,0.053531518340825264,0.0,0.0,0.0,0.0,31.712594450428877,55.22050973512391,23.507915284695034,0.3087489128112793,15.538659320793132,20.013452311492873,4.474792990699742,0.05390368827007154,1.2558594312813793,17.754553561929047,16.498694130647667,0.1503825240423715
test,3layer,3layer/archive_1/9e767c1a-c86e-47d2-9618-8ef0d7eff20c.pt,7.125908381118339,8.281774899859204,1.1558665187408659,0.010717077691811735,9.000354344659238,11.087263249600172,2.086908904940934,0.02313453632496114,4.626100837902011,19.50244244285508,14.876341604953069,0.12103039877755302,4.602861185467226,17.573917657599665,12.971056472132439,0.1293831401401096,8.117149262783295,17.557526279440655,9.44037701665736,0.0767969558214991,6.261387854444389,19.08587584058925,12.82448798614486,0.10958146495931953
test,3layer,3layer/archive_1/bd7b1de0-0728-4813-a20e-2217a437ae55.pt,6.364646251931778,18.312373620649392,11.947727368717615,0.13583904776956693,10.790542395978097,31.832577349430256,21.04203495345216,0.2645139540824804,0.0,0.0,0.0,0.0,19.84503242790619,46.42681156910326,26.581779141197067,0.32025885581970215,25.10313716373382,25.911698775377054,0.8085616116432348,0.010621355412679426,2.8431716403668497,26.630464724978545,23.787293084611694,0.20613796803506626
test,3layer,3layer/archive_1/c12178a4-9a41-4408-bb6e-2a2b0220f271.pt,19.23031602412701,46.29136586930282,27.061049845175813,0.3895555315960015,10.36976007359651,41.92883824410409,31.559078170507583,0.4211235671078136,0.6509814181401896,0.850625793129048,0.19964437498885834,0.0018485069274902343,20.149975644394438,45.71264153110239,25.562665886707954,0.30707470575968426,22.76794395877678,14.794855478271911,-7.9730884805048685,-0.09715202631847451,5.854786166918566,29.210467138293275,23.35568097137471,0.19796767936885304
test,3layer,3layer/archive_1/cac2ba37-2e08-4ee6-a30f-40100774fba2.pt,32.120257919994096,59.21033871503068,27.090080795036585,0.4584459037903079,18.299241677623947,50.235708110329384,31.936466432705437,0.46942465333859484,23.10276280828924,26.81815371968918,3.7153909113999433,0.04244720935821533,0.753541031629785,27.2264725551733,26.472931523543515,0.26366192953927176,1.891537293977295,8.553318217979376,6.66178092400208,0.06292454461271568,1.803952032995279,24.30516289666114,22.50121086366586,0.19847979072860217
test,3layer,3layer/archive_1/e15f45e8-e937-4419-b661-351b6a4e3b24.pt,1.8748928788001382,27.045605076675123,25.170712197874984,0.29381654105931726,7.385986237019673,34.09575453149343,26.709768294473754,0.33432824168591846,5.693999856285956,18.385296443128926,12.69129658684297,0.1294706344604492,0.9055975560861778,25.120851328950653,24.215253772864475,0.24342209100723267,1.3874278483375946,16.371209574149297,14.983781725811703,0.13753926438403122,7.572410099694661,20.331606975998668,12.759196876304006,0.10583683600868915
test,3layer,3layer/archive_1/e512b35b-2fc9-49ce-87f4-274643a853bd.pt,48.93314537010301,99.48283219438846,50.54968682428545,1.3315261464546426,28.18243013223838,85.19812748978717,57.01569735754879,1.1561547111742425,0.8203846302350939,43.828882094671094,43.008497464436,0.4839823842048645,1.166867737149515,48.84116899078448,47.674301253634965,0.5287383397420248,27.634751696365964,38.79000256093757,11.15525086457161,0.16056332406833215,19.700581307262357,39.28267246164613,19.58209115438377,0.1489759032862622
test,3layer,3layer/archive_1/ffdcecc5-d14c-43be-b3c4-2857c53c08f1.pt,21.541953369039966,50.33323005339247,28.791276684352503,0.4311671700413484,11.134041523865625,43.051419562436195,31.91737803857057,0.4306830816330832,55.82147004397181,44.062572912777874,-11.758897131193933,-0.18305587768554688,11.619202051917346,44.22688711260328,32.60768506068593,0.35558285713195803,16.60307745245943,26.314025192026424,9.710947739566993,0.12191811812194309,0.5608360395590141,3.5436916882053637,2.9828556486463498,0.0291831685684085
test,conv1d,conv1d/archive_1/40a8e82a-f9f5-4c4d-b727-a0478a1b75eb.pt,5.392022541294629,40.35029656305937,34.958274021764744,0.45005703272498426,8.04509637820383,48.40371711630253,40.3586207380987,0.554751946313601,1.2272309950822708,0.39437575533760005,-0.8328552397446708,-0.006997108459472656,3.155704185797175,56.359575034610415,53.20387084881324,0.7083938262041878,44.21427130788111,22.210890349520202,-22.00338095836091,-0.31776926285587576,41.68959422948899,10.246760678353212,-31.442833551135777,-0.42920336174242424
test,conv1d,conv1d/archive_1/652e0143-09a7-4bb0-afe0-afe109e97397.pt,5.277474128399473,10.796170816401565,5.518696688002092,0.059914752876368785,4.003431868551741,22.66969268413754,18.6662608155858,0.21482019735372934,0.0,0.0,0.0,0.0,95.20977732023745,46.79534166686707,-48.41443565337038,-0.2601519848438019,72.83991780205162,113.14213755409129,40.302219752039676,0.18868569150245015,69.9941694104451,129.43788813588293,59.44371872543783,0.2673236994484452
test,conv1d,conv1d/archive_1/79d43e81-55cb-41d8-8da5-72ce41fcafad.pt,19.004975534740264,43.59936439566494,24.594388860924678,0.347510004069452,5.899632207792828,35.8200247412605,29.92039253346767,0.37903356472896393,0.0,0.0,0.0,0.0,38.139253441510526,112.4627670231746,74.32351358166409,1.8359460830688477,33.45039766912797,24.457983647206632,-8.992414021921341,-0.06864419845732594,37.43811540874302,58.59747886665954,21.15936345791652,0.13784312012535263
test,conv1d,conv1d/archive_1/82b35702-e1ac-446c-aabc-45ec3ed80610.pt,0.12727793743954638,29.084173743240314,28.956895805800766,0.33905130941465106,15.73875700996905,48.117640924673935,32.378883914704886,0.462777336450872,10.831833155767889,6.8175094208627804,-4.014323734905108,-0.03222233057022095,3.4982607717594116,19.336794762900734,15.838533991141322,0.17159535334660456,75.31805409248933,50.659597707130125,-24.65845638535921,-0.5297130095653045,64.99548360073477,27.673100165852063,-37.32238343488271,-0.6416875876490034
test,conv1d,conv1d/archive_1/a4d19761-4b0a-42ab-9d53-c66d8f00f10b.pt,0.5100831516422387,5.622959451175339,5.1128762995331,0.04957645702033656,2.4647486038859414,8.73471245544942,6.269963851563479,0.06698719745275176,0.0,0.0,0.0,0.0,58.12521014145184,101.28004449581599,43.15483435436415,1.1092304229736327,2.9303895596165996,12.528211317696302,9.597821758079702,0.08901575536171497,10.19428649263095,38.437294745591416,28.243008252960465,0.2254102899227976
test,conv1d,conv1d/archive_1/d1c94bd8-9b95-4896-90ef-9820b72e9c80.pt,10.902340062945852,34.417485833859544,23.51514577091369,0.3003959893882647,7.206747563080417,35.06008521469757,27.853337651617156,0.35035757324035943,4.283301895515691,6.114533682467553,1.8312317869518626,0.014497081438700357,41.126453782502,9.261682103639789,-31.86477167886221,-0.24558496475219727,10.274418468455279,67.06057834331692,56.78615987486164,0.4044874262298828,5.988798900457283,86.19796530999909,80.20916640954181,0.5442176296883481
test,conv2d,conv2d/archive_1/3bbaf020-b175-4605-a2b0-72afa319294a.pt,0.5267476814350861,2.8503989716475466,2.3236512902124606,0.02284953950268126,31.76803732298298,19.032577529180575,-12.735459793802406,-0.10034833565262988,1.3841802648082129,7.422866194254199,6.038685929445986,0.05187063217163086,5.531134190897829,6.834163841402307,1.3030296505044783,0.012134276714521585,17.27605315499681,24.986376750808837,7.710323595812028,0.06309057323016243,20.437009416570827,33.37222691897299,12.935217502402164,0.10057730817907466
test,conv2d,conv2d/archive_1/3f18bf56-0827-4c9d-9732-8b84acf35b7e.pt,13.740533958000757,64.62221645444127,50.88168249644052,0.8071356650384031,22.56579530826611,43.41828608460672,20.85249077634061,0.3517950229278422,17.481302690439858,28.997643485973715,11.516340795533857,0.13283348083496094,10.292684236506284,52.77771537683927,42.485031140332985,0.5965380201152727,73.27402461470598,133.65047775118467,60.37645313647869,2.8722604771278366,83.92401093601396,125.81754393124197,41.893532995228014,1.9460905987633121
test,conv2d,conv2d/archive_1/4a8852f6-e3bd-4fa4-8621-03eb844a9adb.pt,2.6723398951092827,20.80178217712798,18.129442282018697,0.16133370428401603,46.173482475497146,63.3239269298696,17.150444454372455,0.10582847479010808,48.68724147546137,7.443786283481851,-41.24345519197952,-0.5309241158621651,33.38994398552709,108.34748165690557,74.95753767137847,0.41531367241581785,95.87177259349333,39.931877026752666,-55.93989556674067,-0.31520284392292053,91.21444116691394,50.37136251270628,-40.843078654207666,-0.22406853340689453
test,conv2d,conv2d/archive_1/c7e3cc32-3d80-43bf-8f4a-499e99ad26e5.pt,11.202963167275426,40.99920235014883,29.7962391828734,0.3970208940205475,33.62682108704188,27.478418497483467,-6.148402589558415,0.03068229207391769,0.0,0.0,0.0,0.0,15.203127227907965,107.12672143002969,91.92359420212172,2.062526612054734,47.15432732549949,136.5629813275631,89.40865400206363,3.9238848159374617,68.92238281135481,124.57638435335336,55.654001541998554,2.7907941087121984
test,dense_latency,dense_latency/archive_1/16e51304-7de9-4fd9-9d2c-2f48c1c4cd2e.pt,1.363891607245276,84.25360892508351,82.88971731783823,1.442278277591673,21.620775878847184,80.70087797485454,59.08010209600735,1.1577831539676133,12.693141677210576,53.509658028378915,40.81651635116834,0.30277303808510825,0.0,0.0,0.0,0.0,28.829525366847616,40.72510604054756,11.895580673699943,0.16829654148646764,1.1610267197961124,33.5827977661082,32.42177104631209,0.2939397096633911
test,dense_latency,dense_latency/archive_1/4325e22a-7bf5-466c-8183-1e5d2d85e4ae.pt,27.073654424284843,15.248869190814249,-11.824785233470594,-0.17143674742788675,22.586873517026405,9.195063499724961,-13.391810017301443,-0.16671168354661575,0.0,0.0,0.0,0.0,0.0,0.0,0.0,0.0,13.89116637498002,24.319256633111653,10.428090258131633,0.06576959710372121,8.201055842051801,13.830180059593832,5.6291242175420315,0.03653287887573242
test,dense_latency,dense_latency/archive_1/61e64dcb-4e3d-4410-88e3-2e494e292c5b.pt,23.214222120882145,58.41227531527409,35.198053194391946,0.2440860065272753,7.667547892089366,78.70782066284141,71.04027277075205,0.4909594349000887,44.937699024273066,69.34855208259269,24.410853058319624,0.147692800569935,0.0,0.0,0.0,0.0,19.578110652736495,41.44731983820015,21.869209185463657,0.12592873378106725,0.9958347826018372,64.48761791251454,63.4917831299127,0.4715101780035557
test,dense_latency,dense_latency/archive_1/70e760e8-e3c0-402f-a5ba-4876fa9c460c.pt,3.0858455814937282,19.471131635332164,16.385286053838435,0.1460945945945946,2.5844446248422543,31.11915576143111,28.534711136588854,0.2431078538652418,16.929893548900033,30.604586154468073,13.67469260556804,0.08033011300223214,0.0,0.0,0.0,0.0,1.4669306856129594,82.41606863582989,80.94913795021692,0.5686987788299394,12.335014323444549,55.47344490585198,43.13843058240743,0.30121097158878407
test,dense_latency,dense_latency/archive_1/7766208b-d8e9-4390-8311-3a01b04b6115.pt,3.816949596099153,11.312524966800902,7.495575370701749,0.0824525498396051,2.4000574089365903,10.106639027969493,7.706581619032903,0.07191237328546643,24.099623866978195,28.91964095575422,4.820017088776023,0.06364095052083334,0.0,0.0,0.0,0.0,7.270287163313158,93.49204562151394,86.22175845820078,0.5661944125561004,0.17642317410769542,71.40442651975566,71.22800334564796,0.5192775352328431
test,dense_latency,dense_latency/archive_1/777e4ee2-ce18-47a2-9f62-0061ca24e3b7.pt,12.6477497325699,24.204507907113545,11.556758174543644,0.0969593886672473,2.022439873326205,17.072402676491368,15.049962803165164,0.1368643511015724,29.1722403196875,15.791029652595,-13.3812106670925,-0.16996964164402173,0.0,0.0,0.0,0.0,17.89054180038614,1.5329720559788012,-16.357569744407336,-0.1767227536156064,11.92874526240742,36.80611391889649,24.877368656489075,0.2431640625
test,dense_latency,dense_latency/archive_1/7bb9a774-9792-4539-b976-d6b1b2a46fe4.pt,13.733445041838637,23.14529196815123,9.411846926312593,0.07893549867975733,7.782645171831352,1.0082429493011138,-6.774402222530238,-0.06477616940203224,0.0,0.0,0.0,0.0,0.0,0.0,0.0,0.0,7.053691847553959,23.211523870919322,16.157832023365362,0.13179718364368787,11.42847637249573,8.89296813546274,-2.5355082370329907,-0.023452599843343098
test,dense_latency,dense_latency/archive_1/87cc04e1-24d9-48e9-99d9-a4d1cc1907d9.pt,72.86243415855739,148.2386416540224,75.376207495465,4.581361870830631,67.07762354925931,146.87553400354818,79.79791045428887,4.519388077817287,0.0,0.0,0.0,0.0,0.0,0.0,0.0,0.0,0.16582997606568206,7.064973765409594,6.899143789343912,0.06902081625802177,11.559704439122937,7.257176519345282,-4.302527919777655,-0.032708446184794106
test,dense_latency,dense_latency/archive_1/a16f76eb-446f-48ed-ba0d-9471cdce0bc5.pt,3.8837031899693777,40.41336530234529,36.52966211237592,0.46686455127399873,2.8620449339179515,55.204609062677534,52.342564128759584,0.7342660116582865,0.0,0.0,0.0,0.0,0.0,0.0,0.0,0.0,28.829525366847616,27.078308892915974,-1.7512164739316418,-0.022820608956473216,1.6007884259349605,18.348605337591366,16.747816911656404,0.15511600176493326
test,dense_latency,dense_latency/archive_1/c3eb7dbd-6363-473b-bbf4-15ba765437b9.pt,18.378813517554093,126.9627889036512,108.58397538609711,3.274244529723569,89.94248626211481,165.6861210252369,75.74363476312209,8.021901336255656,15.597691990521996,10.109115499871816,-5.48857649065018,-0.04845991468155157,0.0,0.0,0.0,0.0,31.24722889730699,37.805621270263714,6.558392372956725,0.09148866480047052,9.909103534389892,4.313728172550263,-5.595375361839629,-0.03914007544517517
test,dense_latency,dense_latency/archive_1/c4bf7d33-025d-449e-a839-c5e10c2f4438.pt,9.022069702499207,6.8137820935346385,-2.208287608964569,-0.023941617330113473,0.24689298391390108,9.199558008563313,8.952665024649413,0.09395649330149791,0.0,0.0,0.0,0.0,0.0,0.0,0.0,0.0,8.543559974209057,54.888134346335946,46.344574372126885,0.33511313685664423,20.976889125672074,13.830180059593832,-7.146709066078241,-0.087493101755778
test,dense_latency,dense_latency/archive_1/d8d26a1e-5908-4c54-b96b-718ace33552c.pt,14.147467319280363,65.6535604284012,51.50609310912084,0.3621509675419975,15.070576287199009,81.30778617972149,66.23720989252249,0.4379241353580675,10.94780294686343,41.859253647300726,30.911450700437296,0.22998705982456547,0.0,0.0,0.0,0.0,5.214845856278279,84.27855007377453,79.06370421749625,0.5390138062027167,11.596995245213437,59.909405076168696,48.31240983095526,0.3361339569091797
test,dense_latency,dense_latency/archive_1/dd85badd-94ca-4169-802a-d7af9c51156c.pt,14.729276356322229,2.6148268235609176,-12.114449532761311,-0.13250720999699003,0.12449143634669374,13.260266502250275,13.135775065903582,0.1407687876257937,0.0,0.0,0.0,0.0,0.0,0.0,0.0,0.0,3.9643623650473776,39.86808713270651,35.903724767659135,0.2876728057861328,8.201055842051801,2.4865861663984057,-5.714469675653396,-0.050281922022501625
test,dense_latency,dense_latency/archive_1/f7736eb2-b054-42b3-b4a7-c0c273cb49b5.pt,31.491326695056465,60.1054922854967,28.614165590440237,0.48553075293689574,23.549575856584006,46.62651604764863,23.076940191064622,0.34108584421214383,31.76817839317727,15.523337637160273,-16.244840756017,-0.20873716400890815,0.0,0.0,0.0,0.0,4.448184053612155,48.19155862262568,43.743374569013525,0.3424937981219331,21.036415313842895,54.9757443419138,33.93932902807091,0.19505410665994163
test,dense_latency,dense_latency/archive_1/fc104bca-438b-44ec-94c3-56102fe6a07c.pt,40.76643763068166,90.6522984225744,49.885860791892746,1.146002026565533,22.183154250376866,87.06338958006445,64.8802353296876,1.2922145461877341,0.0,0.0,0.0,0.0,0.0,0.0,0.0,0.0,18.882860135135115,18.322217073912704,-0.5606430612224109,-0.004569354810212788,47.65032028444236,37.20228077562465,-10.448039508817708,-0.06225082278251648
test,dense_resource,dense_resource/archive_1/420d552f-1af1-4c78-9f42-27e07f3e0308.pt,7.760224184063633,25.698798142799006,17.938573958735375,0.1469901249195407,1.2916419880065053,31.298050552340346,30.00640856433384,0.25762730146904667,0.0,0.0,0.0,0.0,0.10140452877553456,0.26896664427052025,0.16756211549498568,0.0015864372253417969,0.3313023193685544,41.43049291845098,41.099190599082426,0.339863278186755,1.3737478921989172,21.033350237990245,19.659602345791328,0.17639975943216463
test,dense_resource,dense_resource/archive_1/51ee691c-fc3e-4344-b26f-c6ede458e30a.pt,12.971425429560897,36.97282677946046,24.001401349899567,0.19022722743367754,21.365608561730888,46.13124724453055,24.76563868279966,0.18181505835588632,0.0,0.0,0.0,0.0,5.15265326265117,1.4040250858186158,-3.748628176832554,-0.03408771091037326,7.563983818322784,36.822665227536646,29.258681409213864,0.23806992080617254,2.058716200666899,18.69577362612622,16.637057425459318,0.1501006335746951
test,dense_resource,dense_resource/archive_1/84aee444-abc3-4b80-a992-0a2f895f8ff8.pt,9.315257081849454,14.447728118898574,5.13247103704912,0.03704007106198184,4.942895092537765,9.431837924820243,4.488942832282478,0.03938896191697986,1.614856204556328,72.03742041274606,70.42256420818973,0.5011118026006789,14.012294712021433,8.278969078196765,-5.733325633824668,-0.06163525581359863,5.112396106390028,52.63767257761184,47.52527647122181,0.3668316996108234,1.023783194203446,11.654870099902201,10.631086905698755,0.09989644864710366
test,dense_resource,dense_resource/archive_1/a6570df3-719e-4db4-9750-b3ac3b7b999f.pt,3.4291925238939047,131.78219394223026,128.35300141833636,3.8298337568326657,10.232884861620034,132.1792812035427,121.94639634192266,3.789995827651275,16.400278339664624,118.28988228224199,101.88960394257737,2.715094535872781,0.0,0.0,0.0,0.0,43.85951980990768,29.784807380100773,-14.074712429806908,-0.009691901828931726,85.15532757309595,66.35655801370675,-18.7987695593892,-0.0982405735896184
test,dense_resource,dense_resource/archive_1/b02245d7-4c51-4718-8119-88b8af7948e0.pt,4.164742534598649,17.44599695160866,13.281254417010011,0.15033358267584915,9.936564818635977,13.66846492147406,3.7319001028380825,0.05204841425932414,14.821543470669685,56.061573629780234,41.240030159110546,0.29639931612236553,36.67578698353067,30.668967139616516,-6.006819843914155,-0.0431128521354831,2.298092796128847,10.400460481721646,8.1023676855928,0.07560749797077922,2.0512427293865345,19.86524232120313,17.813999591816597,0.16032137242759145
test,dense_resource,dense_resource/archive_1/cccd1536-edbc-42ca-b615-841872d98b81.pt,8.522819475530552,73.04839090660334,64.52557143107279,1.0617644252275555,6.485503128756914,70.2396849975654,63.75418186880849,1.0197738934334784,90.22685747349121,122.77520139040224,32.54834391691104,1.2798372904459636,4.539736558793532,79.65025927549772,75.11052271670418,1.1610861691561611,4.581450814490286,53.61060608476191,49.02915527027162,0.6874937939741262,1.9526653945138144,37.4213250138777,35.46865961936388,0.44019863433540446
test,dense_resource,dense_resource/archive_1/dc9570ca-cbb7-4de5-b079-cc6cb2340763.pt,28.28703997535319,23.025905621534484,-5.261134353818704,-0.04133325828267033,34.82572801333529,25.053850115706446,-9.77187789762884,-0.07396114314183257,74.8325485264761,71.49206352664683,-3.340484999829272,-0.07476367950439453,37.75418505465569,20.446815515471783,-17.30736953918391,-0.1278258292905746,3.468665579287756,18.68136502370102,15.212699444413264,0.13674653167696052,0.3462602766097561,15.012345296309368,14.666085019699612,0.13610667158917683
test,dense_resource,dense_resource/archive_1/f8404942-926e-4a43-b971-da3cc743f93c.pt,21.570867129980137,6.33442690577821,-15.236440224201926,-0.17636810579346615,8.366196404015968,0.9516173780659305,-7.4145790259500375,-0.0777520350265725,0.0,0.0,0.0,0.0,2.467697920804676,16.20461332860367,13.736915407798994,0.1430183298447553,6.6889459850653195,16.373479522103462,9.684533537038142,0.08212987846312549,13.739072548440474,21.0082716100569,7.269199061616428,0.08713012457358675
test,rule4ml,rule4ml/archive_1/037fc21461f5f182fb4b02c9497faae1.pt,29.79251734579185,52.91756606929014,23.12504872349829,0.3694863771511564,14.521314779441223,57.387003438149684,42.865688658708464,0.648195116312717,20.88878635351167,102.6838323456834,81.79504599217174,0.4885528564453125,106.23676481877568,102.00108321937586,-4.235681599399825,-0.01808479504707532,4.751399405389972,26.75546201752391,22.00406261213394,0.26205614931094723,4.645904267397918,49.78599774448845,45.14009347709053,0.5831597646077474
test,rule4ml,rule4ml/archive_1/06c168b45dc8eaa94acbd977714bcbbe.pt,49.13093085479039,55.02895713958653,5.898026284796138,0.10785598466981132,73.09832809239307,102.27453475425482,29.17620666186174,0.9408979572233607,8.026028647383248,84.16796652683816,76.14193787945491,0.5111290765187096,26.07269319410058,89.20951691200894,63.13682371790836,0.3833134774943344,125.74314903756371,87.86669729218711,-37.8764517453766,-0.16149950741671257,27.22173490254389,75.16439663295695,47.942661730413064,0.7409234046936035
test,rule4ml,rule4ml/archive_1/0ee4c8dcd8015f1b089d2ca174605fab.pt,53.71865051768103,126.84905964177486,73.13040912409383,2.7326855540450623,53.309058991507385,166.1451243496641,112.8360653581567,9.031513786315918,52.45775904523738,108.74243234604393,56.284673300806546,1.62293041453642,12.72433396636887,12.601182502891161,-0.12315146347770956,0.014416189754710478,136.93665482654538,143.63722585612942,6.70057102958404,0.7470720079210069,60.67706020906879,20.305460717892775,-40.37159949117601,-0.1796509325504303
test,rule4ml,rule4ml/archive_1/185abbf195c85cb50f2e2f3698494035.pt,14.781430717606975,37.016921106564226,22.235490388957253,0.3165997519553882,44.018031735558424,32.97826940898068,-11.039762326577744,0.034120917519441456,48.34719278132906,108.7875414753241,60.44034869399504,0.314546058620263,173.3222279719761,151.2289064982114,-22.093321473764718,-0.06725050427459783,86.8340659048916,38.72545086140763,-48.10861504348397,-0.2809370324966755,11.446777100847129,23.62801577590017,12.181238675053041,0.14520876748221262
test,rule4ml,rule4ml/archive_1/2084ff9e1c3f7347ba0aea77dc91149a.pt,20.282093424168952,38.08021409973386,17.798120675564906,0.2446449038757898,94.7127909463317,187.35529636345302,92.64250541712133,27.798517083502436,45.35311306618633,154.53730262747783,109.1841895612915,5.59069595336914,123.96377824115686,139.7556446984852,15.791866457328354,0.057171836043849136,25.47432528136245,9.962586460977272,-15.511738820385178,-0.1309239813622008,42.209459222214974,154.25807149110278,112.04861226888781,4.6572794914245605
test,rule4ml,rule4ml/archive_1/216f00238b09a3abf19c0eea1e8cf8c6.pt,81.60355153300985,76.85697100272009,-4.746580530289762,-0.024352681096213413,66.35284763396577,6.5585128658222915,-59.79433476814347,-0.43472859977772993,32.485633735518356,103.58032574876452,71.09469201324617,0.40201637647810023,43.274182780249745,143.3575481845938,100.08336540434406,4.099648475646973,116.52669777767727,19.2705386272871,-97.25615915039018,-0.5602681745562637,26.6923146100025,99.91603878893415,73.22372417893165,1.7192184357416063
test,rule4ml,rule4ml/archive_1/3219ffd8661622e8c83c7ceec7993204.pt,35.43585574308068,11.787745265598783,-23.648110477481897,-0.3053952404825567,57.955342676232405,128.65090583911876,70.69556316288636,2.78958042850161,0.0,0.0,0.0,0.0,0.0,0.0,0.0,0.0,52.97331645825198,149.6819556895905,96.70863923133851,0.43712249486658605,42.209459222214974,125.61443890412744,83.40497968191247,2.1317861080169678
test,rule4ml,rule4ml/archive_1/3bdfe2f8b21e2434dc6258e8e7ae38be.pt,42.27114067218146,130.01081974308028,87.73967907089882,3.1785997569132194,51.00257891204458,147.00169800045546,95.99911908841088,4.8616528770075575,85.21727555665314,62.96715339227179,-22.250122164381345,-0.5583915710449219,170.93895835980672,187.03457048898815,16.095612129181433,8.543570518493652,105.90506527248783,140.67986382666632,34.77479855417849,2.4826784062206295,81.70964466376806,114.09732576076082,32.387681096992765,1.2395080990261502
test,rule4ml,rule4ml/archive_1/466d99f5bafd16bc2656bb493e26d3a3.pt,3.5985562935767685,0.30835902270446963,-3.290197270872299,-0.0322704283230599,18.45294204574101,66.2959613810605,47.84301933531948,0.7883774315429496,30.06607513558055,66.2587334581283,36.19265832254776,0.23541679678037186,26.138346667855206,62.35301787956214,36.21467121170693,0.6507127625601632,0.9483413339272273,77.38911010502635,76.44076877109912,1.2508934759324597,84.83318496910161,145.85494956967815,61.021764600576546,3.5881457328796387
test,rule4ml,rule4ml/archive_1/72287c9cac676de50d6937c1591c013c.pt,134.61431332962349,126.03396293274479,-8.5803503968787,-0.03145975027480077,84.19308915457444,47.78929750038125,-36.403791654193185,-0.2067785744096444,68.51621242746285,134.3724532791699,65.85624085170704,0.29273337800038884,66.77893282613866,118.62528395213253,51.84635112599388,1.7763605117797852,21.335585220108296,24.174729459267276,2.83914423915898,0.08216141681281888,66.24093032091281,97.38115821277476,31.140227891861954,0.15712381740511977
test,rule4ml,rule4ml/archive_1/8d2cdad9082523fa3ea68740ce1050fe.pt,9.650900258684551,25.66819496555147,16.01729470686692,0.19307121148290804,8.704099707670839,2.926350812638664,-5.7777488950321745,-0.05371158941088117,81.02926657173566,148.08445608377423,67.05518951203857,0.2737297367405247,4.553161880694178,84.4907045440663,79.93754266337213,1.3488880339122953,25.403845074626457,5.478548976297681,-19.925296098328776,-0.17193701626282254,78.6164620509239,143.28004683761807,64.66358478669417,0.26941157832290186
test,rule4ml,rule4ml/archive_1/b00aea7a22b1f54c6cfb728ea20d9048.pt,79.06980366704526,111.89928500371975,32.82948133667449,1.2325226373050766,11.151790546217574,69.733103589578,58.58131304336042,0.9524824438508981,26.63110449365179,83.0167459513364,56.38564145768461,0.27904132270272664,76.28475413009089,41.74016212281754,-34.54459200727335,-0.20274978637695312,21.88769223240937,74.80543343149401,52.91774119908464,0.9468312166175064,35.15244084307306,103.40432470376248,68.25188386068942,1.5430391311645508
test,rule4ml,rule4ml/archive_1/b46ba552ba805cad9fe028c9b2beb67b.pt,21.65747290217444,2.427671604169778,-19.229801298004663,-0.2182990220900057,4.9011176967129195,29.928379024882616,25.027261328169697,0.21248766818395323,3.378247409821611,116.22544580843912,112.84719839861751,0.7002704154312341,72.90859372826014,110.37158971362575,37.46299598536561,0.17649916527976453,74.23863957732624,81.1124747419887,6.8738351646624665,0.03565319568127185,119.0239802651207,143.28004683761807,24.256066572497375,0.08825926347212358
test,rule4ml,rule4ml/archive_1/b7f8ba9933ca67bf4e89522e4957ce7d.pt,79.1675969710998,100.55933440234497,21.391737431245176,0.7120789687061712,83.05197786082628,111.4056256574062,28.35364779657992,1.0945549295315757,19.969729448950794,88.86180550207004,68.89207605311924,1.3367660746854895,29.396369292068464,37.519437067430836,8.123067775362372,0.05892413003104074,24.43483631136981,26.702100215419218,2.2672639040494076,0.09036963208378525,21.444580403850512,24.866666121153784,3.422085717303272,0.08960054837740385
test,rule4ml,rule4ml/archive_1/c26968f68714ae3b753593e66c7a2d4c.pt,76.26464306996286,55.022692220357825,-21.241950849605033,-0.4736335447388153,136.89615755004235,56.53958151844491,-80.35657603159743,-3.5467635557656583,0.0,0.0,0.0,0.0,58.27860759412353,47.81441604395255,-10.46419155017098,-0.06367497695119757,0.48724888254938303,95.06450767272695,94.57725879017757,1.8006868162355223,18.929994754949355,73.71455113869536,54.784556383746,0.8701835870742798
test,rule4ml,rule4ml/archive_1/c63e2a6582295344fbe9e1c6ece8e0a0.pt,76.03691407071652,120.1057877616944,44.06887369097788,1.7786310216882726,47.01526371142556,37.58444769257306,-9.430816018852504,0.08184028394294507,27.61299469058275,121.60559410849052,93.99259941790777,2.689309565226237,34.101736296829,61.5114336787082,27.409697381879198,0.4374414285024007,69.49257839442862,40.311604384351696,-29.180974010076923,-0.18001156042117883,68.77917080362367,6.441647932539143,-62.33752287108453,-0.333921879529953
test,rule4ml,rule4ml/archive_1/e76bf57773bcf57b1f19da562e9ff10b.pt,30.19579878146293,110.55815209465757,80.36235331319465,2.116413234302264,45.79768525908015,125.14365802935798,79.34597277027783,2.749388280933662,58.38543861729796,87.62575226469983,29.24031364740187,0.7238302519827178,1.2402072641446913,54.41597111881733,53.17576385467264,0.7214621791133174,29.613765373211116,100.09963444428875,70.48586907107764,1.6534657008211378,24.088545303057053,131.07377759314062,106.98523229008356,3.3333555857340493
test,rule4ml,rule4ml/archive_1/ecf7f5a60f0ef8948e0f8b3c91eab2f1.pt,12.790306703810872,0.3669603744597686,-12.423346329351103,-0.1329762631895758,1.539669579873021,7.291425458548669,5.751755878675647,0.0601557896375076,73.90976834715144,122.16295932161731,48.253190974465866,0.21835400057327217,53.61223261951692,79.91697866405056,26.304746044533644,0.1472075845108551,41.90534850405949,39.3204036058555,-2.584944898203986,-0.017854598588173138,91.43934078506233,41.942402481199466,-49.49693830386286,-0.27969942906106166
test,rule4ml,rule4ml/archive_1/eea79f2ee33e9eba8e086cce0a1f286d.pt,41.806009940100225,68.79880968032606,26.992799740225834,-0.016642440380856723,15.985212319063637,55.987202109860355,40.00198979079672,0.26367596854364056,0.0,0.0,0.0,0.0,4.375736622447893,86.78207365395367,82.40633703150579,0.5554272076031109,42.32095333216226,17.746172829011854,-24.574780503150407,-0.18618168634421817,24.088545303057053,111.24768706563087,87.15914176257382,2.1089950137668185
test,rule4ml,rule4ml/archive_1/f6d8bf0745d1fb17117a04ab71839702.pt,112.88398340858333,121.91225552546571,9.028272116882377,0.5304611808985562,139.30482708190078,42.64053047241067,-96.66429660949012,-3.990525599888393,0.0,0.0,0.0,0.0,0.0,0.0,0.0,0.0,64.12828905400045,40.35483033784398,-23.77345871615647,-0.435352537367079,74.68056666730739,34.29564414296361,-40.38492252434378,-0.6743160486221313
exemplar,exemplar,exemplar/archive_1/0273888c-6100-46de-ba53-476666388e81.pt,26.795692181867945,57.9215459112782,31.125853729410256,0.5059230609622993,13.684748941564001,45.776913701429365,32.09216475986536,0.46555228778782387,0.0,0.0,0.0,0.0,51.60625814706682,34.34968797676798,-17.256570170298836,0.004134972890218099,91.73369400998575,125.97298787260563,34.239293862619874,0.14400700028003494,44.53441388760435,138.49334145444524,93.95892756684088,0.45387939829594737
exemplar,exemplar,exemplar/archive_1/08ceef03-f529-483b-9de4-b4b67e848d56.pt,95.25973679049915,158.14298101433823,62.883244223839085,5.736936625890691,70.96902051322712,137.64317534210554,66.67415482887841,3.314458220108696,77.76192253857275,84.00880194554634,6.246879406973591,0.1636465617588588,120.33485048292309,147.6286644479345,27.293813965011424,1.9625623226165771,129.4087011903899,180.26509680925895,50.856395618869044,14.588356627257605,93.7334233286491,178.81257527722204,85.07915194857294,15.075846459581443
exemplar,exemplar,exemplar/archive_1/0971e6d6-d73b-4833-aefc-bbae6dc5b505.pt,37.85531346053915,16.960557967394212,-20.894755493144938,-0.13298361897063635,17.526526433141196,44.126676562202064,26.600150129060868,0.40504010503663784,2.226306752391918,65.1375332000432,62.91122644765127,0.9369221018321479,0.0,0.0,0.0,0.0,40.757483585688206,65.55329276798507,24.795809182296864,0.15500882056451612,5.855810449620256,58.238808053210676,52.38299760359042,0.3886211354245422
exemplar,exemplar,exemplar/archive_1/0b264399-9786-4e1d-95f5-b15ae9eef489.pt,75.84792938271185,132.57054869356085,56.722619310849,2.7100998482818413,49.340224760518666,117.16559403397714,67.82536927345848,2.173788474369061,30.535811257950545,123.10506672544459,92.56925546749405,2.5698676109313965,12.952509971940945,100.03465934272667,87.08214937078573,1.6917659282684325,78.58859775785245,124.26095424853678,45.67235649068432,1.9847334450329275,33.15912008391398,90.11287035176404,56.95375026785006,1.237788473912912
exemplar,exemplar,exemplar/archive_1/0ca740a3-feef-4ee0-91b6-46f493ae36b2.pt,105.66793989311388,168.62570330343712,62.95776341032324,8.507679862406716,83.43308954775222,155.30472016522535,71.87163061747313,5.517281343694182,133.33333333333334,87.98136213337253,-45.351971199960815,0.6423619588216146,90.31686296537752,144.46984059736272,54.152977631985195,2.667318105697632,84.86042878367999,177.89751438299956,93.03708559931957,14.60946035567828,39.858590634803015,173.5463501676419,133.68775953283887,12.59029234258622
exemplar,exemplar,exemplar/archive_1/0e85b020-3749-4e4d-ac93-a44f053ea57b.pt,35.14927010183045,129.123247561211,93.97397745938055,3.2166098736702127,5.105020067352017,137.86011541166152,132.7550953443095,4.38390923443151,150.0,91.89848988445266,-58.10151011554734,0.7376976013183594,46.29439306535258,101.78430511742083,55.48991205206825,1.2252428531646729,20.927701198747275,109.53557204023747,88.6078708414902,2.23175048828125,64.9582941551992,104.37539308534396,39.41709893014476,1.691869581269055
exemplar,exemplar,exemplar/archive_1/1096f607-c024-4e57-a794-4bf4d2886e54.pt,127.54930723889395,173.25455536625472,45.705248127360775,9.434085991110418,126.2056816183203,187.55200890673774,61.34632728841744,26.70601168920516,109.74630876620432,174.5002754344002,64.75396666819589,0.2230248293040488,18.070895286677366,142.54907994787695,124.47818466119958,3.5975478887557983,130.27481883210484,195.80462724935734,65.5298084172525,87.88313029362605,15.446778526041888,198.65669849054856,183.20991996450667,221.70480543375015
exemplar,exemplar,exemplar/archive_1/12d641dd-5146-4c9f-911d-cf810823fff7.pt,22.756383511384474,124.50005200070966,101.74366848932519,3.0407508407037733,3.016661302938035,135.77435993756745,132.7576986346294,4.197599791954122,166.66666666666666,69.40693522494153,-97.25973144172512,0.1410373051961263,56.925336846652165,108.27988884695621,51.35455200030405,1.3044588565826416,24.438678684083268,89.30281124270279,64.86413255861952,1.3954328485250904,64.80498379735788,76.60638083513211,11.801397037774237,0.7518373666158537
exemplar,exemplar,exemplar/archive_1/14689274-3866-4b30-b586-c404fc0eb7e3.pt,42.57309805142124,161.6624222830006,119.08932423157937,7.883566547384906,65.67177265572225,160.88456986338548,95.21279720766323,7.237671978705753,0.0,0.0,0.0,0.0,144.70835043770043,175.65323572269386,30.944885284993433,4.597461223602295,188.8542999954442,193.6059641338335,4.751664138389316,25.885605755974264,192.71687686753248,195.62959550395703,2.9127186364245574,27.452411651611328
exemplar,exemplar,exemplar/archive_1/182f2870-c640-40ba-987d-d85d5a889c32.pt,16.54769742531732,109.59484374053018,93.04714631521286,2.2430143695574976,188.45722464854592,40.86963578710576,-147.58758886144017,-0.45560402955327717,77.01148081929936,167.99035702807024,90.97887620877087,8.08841097354889,0.0,174.51776667633268,174.51776667633268,6.848605632781982,155.3934806249435,168.7168335427921,13.32335291784861,3.753283270474138,72.84829329304151,112.41672639929928,39.56843310625777,1.5248236656188965
exemplar,exemplar,exemplar/archive_1/1c3965f8-aac2-4e66-ae41-f24c4f7586e5.pt,23.611129515609143,79.71424408633284,56.1031145707237,1.0576838215922861,19.046561177813008,140.4948244315831,121.44826325377011,4.511354458809499,162.6537632000273,194.2784554755631,31.624692275535807,0.08844839572018529,37.48491019896299,111.05799387332812,73.57308367436512,1.8180250724156697,113.87933847707676,191.95671146796997,78.07737299089321,44.53642421815454,71.94358191459881,198.22731769006353,126.28373577546472,166.8923442363739
exemplar,exemplar,exemplar/archive_1/1d3a9271-bb21-46f7-a928-48272ce7193f.pt,10.426158865603144,63.538511142045444,53.1123522764423,0.8212152313298584,57.10973084147504,3.113091593252211,-53.99663924822283,-0.41358459862902347,150.6271302022943,179.51559322347782,28.888463021183526,0.08650131373442421,28.714831330528288,48.411342464617,19.696511134088713,0.35993528366088867,8.734233556987009,109.4505208890109,100.7162873320239,2.3257432426982967,25.2131025862209,96.30628297608622,71.09318038986532,1.5682479039634147
exemplar,exemplar,exemplar/archive_1/206dfc0c-9319-43c0-b4e3-b5bf034ef1bd.pt,96.04235211636951,159.1216781163627,63.07932599999317,5.936834857960114,82.2312067339652,162.85372102919436,80.62251429522917,8.18328970326952,5.054268744121318,150.10538729497821,145.0511185508569,4.97087041536967,3.596147478634481,149.27105098796963,145.67490350933514,4.387288361787796,162.7429542716629,170.82209813036124,8.07914385869833,2.945254855685764,43.06360269200424,126.03425746118819,82.97065476918395,2.7491400792048526
exemplar,exemplar,exemplar/archive_1/247d9155-f7f3-4ed7-92d8-cb8bf564eaeb.pt,112.22152330732477,160.94719451534442,48.72567120801965,5.6811812902203584,183.66515834472474,197.0878421557362,13.422683811011467,105.81342887878418,16.137239481593852,155.80680940643745,139.6695699248436,6.039113640785217,125.62744853966231,174.72192364633628,49.09447510667397,5.222830295562744,186.99956400606254,180.17571204982846,-6.82385195623408,-10.370285034179688,182.3335351917373,156.48546746927903,-25.848067722458268,-10.087077617645264
exemplar,exemplar,exemplar/archive_1/250eb325-6f3c-4c11-9d82-2353ec7b3655.pt,35.02440439005679,120.849616007387,85.82521161733021,2.628676152215024,21.171550708490653,113.72073468547691,92.54918397698626,2.444365693603047,166.66666666666666,73.29799533476904,-93.36867133189762,0.227262814839681,59.479771110009246,108.48052993482209,49.00075882481284,1.2700745264689128,41.47289286246968,84.09200397084805,42.61911110837838,1.1073211468380693,81.7711348814114,73.71118189767341,-8.059952983737986,0.5866484851371951
exemplar,exemplar,exemplar/archive_1/275c93ce-d31a-4833-97ca-00657c0684ec.pt,69.12354367335688,8.949404559183574,-60.1741391141733,-0.41998755243039027,55.149732856415866,12.64199553107557,-42.507737325340294,-0.31336547594417696,0.0,0.0,0.0,0.0,0.0,0.0,0.0,0.0,159.07378037175664,104.56720177115722,-54.506578600599425,-5.552874113384046,104.17692674224175,177.59626923550806,73.41934249326631,10.259856939315796
exemplar,exemplar,exemplar/archive_1/2b1ebd37-082b-44ce-80f1-5789f44e794d.pt,36.74023587278092,75.78896552909156,39.048729656310634,0.9099296660936773,123.14785940745644,135.09695777739674,11.949098369940302,3.4006825120160458,123.2311409686251,186.67524592809133,63.44410495946623,0.2029969897357634,3.697428398046552,125.16630645377234,121.46887805572578,2.7562626202901206,106.9121925300609,180.61572033904494,73.70352780898403,16.139012778677593,48.49625187243832,191.3120223615733,142.815770489135,32.55032658576965
exemplar,exemplar,exemplar/archive_1/2db30ca7-c3d9-421a-bd5f-13c2711d4758.pt,66.05572086579387,67.9481232752164,1.8924024094225302,0.04279530136195293,11.95343926340183,140.47253145420243,128.5190921908006,4.592068643358588,76.61509679533256,143.62858861221187,67.01349181687931,3.5327486991882324,30.0811463740774,151.24550000915968,121.16435363508228,4.875255028406779,126.16094606287857,186.50611151139225,60.34516544851368,23.944165606831394,1.6007884259349605,192.06429596146214,190.46350753552719,40.32435401280721
exemplar,exemplar,exemplar/archive_1/30e2c5f7-5a29-4903-8934-750ea19679e8.pt,67.61262895941108,158.5288612881258,90.91623232871471,6.622842457968379,76.03053359052598,153.20997372966144,77.17944013913547,5.319102411684782,0.0,0.0,0.0,0.0,113.74400638585357,173.43639316431262,59.69238677845905,5.2104185819625854,183.51335609465045,184.26126499020313,0.7479088955526834,1.130767822265625,137.78746770600748,174.4482203639669,36.66075265795942,8.456171353658041
exemplar,exemplar,exemplar/archive_1/317b26f4-5f81-4d40-a851-b24c3c44654c.pt,38.26184539314811,110.67179888915489,72.40995349600678,2.003757119178772,26.770944162966135,183.5759526979953,156.80500853502915,21.397055794210996,65.1279650900444,153.41933852864483,88.29137343860043,5.153023719787598,9.162466008043983,175.55511909459088,166.3926530865469,7.133660230785608,83.99757839515246,47.370718283372575,-36.626860111779884,-0.2083445541731274,81.01540864429504,104.03697305954356,23.02156441524852,1.193761132657528
exemplar,exemplar,exemplar/archive_1/34c6a605-582c-4ac3-a672-21a86b84164d.pt,97.44223352205442,160.83235335731527,63.39011983526085,6.3117794060559005,74.18486024977506,154.41284406866532,80.22798381889027,5.5946360628446286,136.98593322687722,147.8378373269359,10.851904100058675,1.100503921508789,159.05677712531076,167.07553677742948,8.018759652118717,1.189697265625,137.08831252887032,125.0160866003287,-12.072225928541613,-1.0219467870447019,32.57021631727693,59.30025903698234,26.73004271970541,0.06820657444332535
exemplar,exemplar,exemplar/archive_1/36213331-74e8-44ed-8da9-e209c6703607.pt,43.66197515096489,134.83835824659653,91.17638309563164,3.579781839424755,3.957422396113867,112.00474087234988,108.04731847623601,2.505186447746817,150.0,109.53348940997974,-40.46651059002026,1.3688349723815918,19.376187376456095,115.47296842497289,96.09678104851679,2.2029582262039185,15.968368418288621,3.9264470862102665,-12.041921332078354,-0.10780567037248194,53.23595740987024,74.01362288830683,20.77766547843659,0.11971465320121952
exemplar,exemplar,exemplar/archive_1/36b4d64d-8c42-4320-adc4-a82339843784.pt,66.37422031668753,161.26345769947284,94.88923738278531,7.3300524259868425,52.70983166040938,165.90577836814242,113.19594670773304,9.013096192136118,133.33333333333334,126.94004877835336,-6.393284554979985,2.2291297912597656,157.3419925998705,176.98627166543778,19.644279065567275,4.002013444900513,81.92344445337508,170.56004622086883,88.63660176749374,10.189556919910629,25.51131229824104,166.0517142166412,140.54040191840014,9.465629063739678
exemplar,exemplar,exemplar/archive_1/371d50bf-1f3d-4d55-9d2d-9421bc2a01e2.pt,97.38696084115345,47.11400511490328,-50.272955726250174,-1.281797721906193,91.6870669507309,80.00973946919893,-11.677327481531961,-0.3593908472254605,126.0760414629173,190.80591051468255,64.72986905176525,0.20313358442542565,111.93748846284149,134.83770170806062,22.900213245219135,1.3302424748738606,153.67705411896227,196.07230619417038,42.395252075208106,92.1467451615767,107.8615994365774,199.13271273735,91.27111330077261,380.7224232355754
exemplar,exemplar,exemplar/archive_1/37a7c317-89f4-4554-91c5-68afcaf539c1.pt,98.91684080588949,158.20382539102664,59.28698458513715,5.612124213228799,40.9590817536432,45.27010561491685,4.311023861273654,0.2450700903904811,0.0,0.0,0.0,0.0,98.36030634852484,174.13918522264524,75.7788788741204,5.765973210334778,190.4815161292242,171.07012633865116,-19.411389790573025,-27.861283075241815,7.764146067421172,21.274183906712274,13.510037839291101,0.15437500565140336
exemplar,exemplar,exemplar/archive_1/38f204fc-3e79-4077-93a0-3892a3ab85d2.pt,85.38283888874342,34.86561729235387,-50.517221596389554,-1.0676002452086153,157.39206456314125,153.08935328304688,-4.302711280094371,-0.8610155195681511,105.7278669841417,188.280101047263,82.5522340631213,0.2781079280998896,118.81945330471072,144.75692437699968,25.937471072288957,1.927864710489909,40.8122173396448,142.05101366890744,101.23879632926264,4.559395093596383,101.52556228960655,198.32712095924256,96.80155866963601,195.8723103205363
exemplar,exemplar,exemplar/archive_1/3a3f2dca-5b03-44d4-9918-2282eb4440fb.pt,115.08301395735651,107.21006373298603,-7.872950224370484,1.5802091728177567,83.33921122709322,106.01844131900344,22.679230091910227,1.6677123115369288,186.19043205549067,171.3317871522278,-14.85864490326287,-0.041373372077941895,152.1994848768035,169.7472687961584,17.547783919354913,2.4269180297851562,188.2184217998764,192.01027784202188,3.7918560421454686,15.729367210751487,190.76564831317663,191.35002148107915,0.5843731679025268,2.4386393229166665
exemplar,exemplar,exemplar/archive_1/4107d0be-42b6-4158-9f36-c8a56530d5de.pt,41.882267791156934,74.49639221223885,32.61412442108191,0.6573862931988099,72.1685098430775,145.7308653609863,73.56235551790878,4.2411820946019745,65.5002190421999,133.72344231355103,68.22322327135113,2.678667187690735,121.47089787731538,159.61450729707374,38.14360941975836,3.6081702709198,141.3271754243087,195.86417448175462,54.53699905744591,88.71553882799651,62.28816355697091,198.6949057912998,136.40674223432887,252.98889017105103
exemplar,exemplar,exemplar/archive_1/45c61271-60eb-4ff5-ba6f-246ba575185f.pt,35.951660449942466,86.99363615870712,51.04197570876465,1.1010708218202985,68.75512675781538,77.86970061997006,9.114573862154685,0.7609193880264074,0.0,0.0,0.0,0.0,0.0,0.0,0.0,0.0,89.41156352746428,35.138818866961046,-54.272744660503236,-1.1831947036936312,148.82341845036242,95.01968238288549,-53.80373606747693,-3.0043777227401733
exemplar,exemplar,exemplar/archive_1/46c56634-0933-47cc-9e72-89614aaa7251.pt,102.30927494734425,167.14597197227232,64.83669702492807,8.079297227549638,76.45050388100611,156.3723290083865,79.92182512738037,5.930117750543921,133.33333333333334,133.03235736478914,-0.3009759685442077,2.6441949208577475,41.46295275885496,134.22748615098104,92.76453339212608,2.9654151598612466,114.16811752825494,150.7001618297492,36.53204430149425,3.4481116092566286,88.20970085001544,119.73060697834136,31.52090612832592,1.397848699510712
exemplar,exemplar,exemplar/archive_1/4705b427-e733-41ed-bda3-6cc20c46fb96.pt,134.3386782696342,142.9817742932147,8.643096023580512,0.9233872892900794,135.78440689277363,149.29272588999547,13.508318997221835,1.659255683279054,26.03477139650694,126.9358195951396,100.90104819863267,0.5455119356195978,132.40774503182976,160.80974125340686,28.401996221577093,3.216585159301758,169.68870954162395,192.9859349513267,23.297225409702747,43.10133666992188,119.57788081868615,196.071455204063,76.49357438537685,80.70426336924235
exemplar,exemplar,exemplar/archive_1/4d39c459-d8e1-4de1-a8de-a7b376d0e510.pt,26.48616984521062,74.10506603112681,47.61889618591619,0.8719512069250248,18.652120257254108,112.7294113439526,94.0772910866985,2.3776709479543072,133.81841324264948,192.61443593213178,58.7960226894823,0.17939948938873926,90.60167114566197,30.898449286408773,-59.70322185925319,-0.2419714629650116,20.1258823990431,144.7778661780504,124.65198377900731,5.051704890291456,32.762186100222465,191.79017628613028,159.0279901859078,42.46945492426554
exemplar,exemplar,exemplar/archive_1/4d551fc6-7a68-4f90-a6b9-4c483baed59e.pt,13.517815602699054,84.53467921542291,71.01686361272385,1.3191350351827382,16.166655073916715,95.21646251190901,79.0498074379923,1.641334545090715,22.829210597078756,95.75500245178414,72.92579185470538,0.440910398498062,158.89388864834203,184.4413476125246,25.547458964182567,7.989127159118652,62.393925949071736,89.0361644549283,26.64223850585656,0.6970785001429116,61.83079414560864,67.61389861267084,5.783104467062195,0.1254913330078125
exemplar,exemplar,exemplar/archive_1/4d7af3a5-68b9-46b1-9875-78271f4a712b.pt,38.66578965763933,46.46283861191599,7.7970489542766614,0.28119752117406543,70.07722658582789,61.384814160541524,-8.692412425286363,0.3667211954529517,134.58346087367687,149.14837083417666,14.56490996049979,0.04967829977819162,71.81438748343854,124.13678842245619,52.322400939017655,1.7934773763020833,14.289975730027454,20.552137748731507,6.262162018704053,0.05299061304871965,93.8002821009264,67.44620653865782,-26.354075562268577,-0.13409334508384146
exemplar,exemplar,exemplar/archive_1/4fe50b78-f06b-4441-a458-1445bd2d983a.pt,61.08940905202763,141.47829497074477,80.38888591871714,3.955254390321929,31.38332086330514,117.97700458966946,86.59368372636432,2.5042975691359395,166.66666666666666,32.76910862471025,-133.89755804195642,-0.4740893046061198,2.1133207686623816,103.14592283059689,101.03260206193451,1.8449946641921997,41.95559341228376,95.9475046467914,53.99191123450764,1.4971381784651168,62.92017011155901,67.81309343863298,4.892923327073966,0.5471256311928354
exemplar,exemplar,exemplar/archive_1/52c0f586-1dea-422b-84cb-fcc178db7048.pt,58.85014606630458,136.06349397072364,77.21334790441907,3.422117241190677,32.15886483022239,114.68621471856008,82.52734988833768,2.3052415392451433,166.66666666666666,18.43159232893463,-148.23507433773202,-0.6472257773081461,2.716453577623413,96.39511625080685,93.67866267318344,1.6041228771209717,43.13245171395546,111.57199307718761,68.43954136323215,2.168255244253686,62.997359044245236,96.30628297608622,33.30892393184099,1.377769745617378
exemplar,exemplar,exemplar/archive_1/568fa7df-b876-4e31-bcb8-7dd7426d9616.pt,23.509775153100847,123.59312943408915,100.0833542809883,2.9682522434956966,3.6930180263076964,135.29761918377213,131.60460115746443,4.143813471513056,166.66666666666666,55.2642911996627,-111.40237546700396,-0.1333134969075521,57.86967437910086,101.99574448417864,44.12607010507779,1.0559474627176921,26.440095061961493,105.3061150788353,78.86602001687382,1.990249380027567,66.18165746900698,103.39069969448376,37.20904222547678,1.6423197527629574
exemplar,exemplar,exemplar/archive_1/6346baef-4016-4baa-95ca-4d01f340d884.pt,19.873140606768164,120.37835768746244,100.50521708069428,2.8026523412403628,47.93630027503942,147.8665532987737,99.93025302373428,5.040821079433901,83.40956539336047,119.97892067237949,36.56935527901902,1.4372138977050781,107.59863527304122,177.47467158314086,69.87603631009964,6.714423656463623,156.74174906389558,193.98697420646675,37.24522514257117,56.593607584635414,81.88881489539683,197.8400217112773,115.95120681588047,159.0753562450409
exemplar,exemplar,exemplar/archive_1/641d2098-53ea-4e20-b11b-636ecfc4de3b.pt,81.45724566907408,113.8480851511122,32.39083948203812,2.0639312410780786,2.7268255570386275,149.97844078411708,147.25161522707845,5.96713459803203,0.0,0.0,0.0,0.0,150.65677089384005,176.86252292755583,26.205752033715783,4.590743780136108,187.3917492178003,192.6440965103158,5.252347292515481,22.086514282226563,191.07088175655767,191.1764208912938,0.10553913473611942,0.4465179443359375
exemplar,exemplar,exemplar/archive_1/64239147-5c4d-4f1c-b543-1bb26a6df2a6.pt,124.69489022551075,172.20461625612077,47.509726030610025,9.073769276393831,108.02654829274049,178.5207354734732,70.49418718073271,14.263004269220133,46.99256760256847,159.00257062815317,112.0100030255847,5.952047665913899,129.83477823232423,177.17065159784875,47.33587336552452,5.910238027572632,152.99930800061355,196.29588480449786,43.29657680388431,97.487939453125,80.02458259432755,198.9768860593024,118.95230346497483,290.72196090221405
exemplar,exemplar,exemplar/archive_1/67c490e4-5293-4931-a67a-efe1c2b8a712.pt,74.95107415256838,50.08472872447368,-24.866345428094704,-0.5305660500260553,8.966058211429075,26.49528683559557,17.529228624166496,0.21154033367597946,11.870188571395506,112.33497942268545,100.46479085128995,0.6049184281696645,75.95779071949191,124.85651393415897,48.89872321466706,1.888596534729004,83.73923238598003,119.65494422535389,35.915711839373856,1.535512451956893,154.18570407823117,171.61035555910215,17.424651480870978,5.09080810546875
exemplar,exemplar,exemplar/archive_1/6f78ee34-8249-459a-900a-d8aee5f203ad.pt,50.41532188015642,49.89340105023439,-0.5219208299220313,-0.009297641866829512,118.93107975793332,129.97960422924766,11.048524471314337,0.7785095941095487,58.58130784360934,174.56746938580332,115.98616154219398,0.478890210899049,96.48942963195603,149.3249421326501,52.83551250069408,3.357574939727783,170.98202122283246,189.23460445610644,18.25258323327398,23.055700353673988,147.52671577329681,196.12578279255456,48.599067019257745,71.71780252456665
exemplar,exemplar,exemplar/archive_1/733d4346-c1e0-45cc-841d-62a798bbe60a.pt,28.19575961486715,61.65800131426355,33.4622416993964,0.5631489625372872,22.290638161496613,46.942576167563075,24.651938006066462,0.4128404805021513,53.32435581321307,146.61052046927992,93.28616465606686,0.42355369567871093,30.41531131018599,83.99317764850139,53.577866338315395,0.9804326057434082,88.79072941571428,151.3290389348704,62.538309519156115,4.61830073199973,117.09230953088408,170.54468255742017,53.452373026536094,8.711029669251104
exemplar,exemplar,exemplar/archive_1/74923cb9-abeb-4329-bb34-2e0714e33867.pt,127.60045370864943,139.84574461805545,12.245290909406023,1.124600285893707,118.54648366894585,171.69468833616014,53.14820466721429,9.218844984802432,60.26384298818872,161.31181267493284,101.04796968674412,6.2304463386535645,99.21336131157311,162.91592994607197,63.70256863449886,5.113141894340515,158.94015630815474,192.69059420067094,33.7504378925162,44.14912979691117,59.53865980123716,194.45890022663755,134.92024042540038,57.78339751561483
exemplar,exemplar,exemplar/archive_1/7ad022f0-031e-4928-8967-2a10e6ead5a5.pt,22.125235017473322,57.91471665418077,35.78948163670745,0.6159831240723764,143.67478213768004,172.3992145827795,28.724432445099467,11.648956203579754,4.922846192500579,150.89924890895128,145.9764027164507,5.334038615226746,23.19204593301274,159.0042835496394,135.81223761662667,5.621081471443176,145.417516941448,178.7061596969619,33.28864275551388,11.258892190867456,4.7850265980903925,174.49996644015664,169.71493984206626,10.227923035621643
exemplar,exemplar,exemplar/archive_1/7ecb5102-3313-4c41-9586-c1ad1fd36c66.pt,100.40044955594442,23.044731941691953,-77.35571761425247,-1.755616112826679,113.39933562853359,33.66288695497837,-79.73644867355523,-2.2141101757858266,127.92264651214454,131.93220263894835,4.009556126803815,0.014733244462920653,0.0,0.0,0.0,0.0,65.21729700965777,93.27874726480913,28.061450255151357,0.14351419302133414,74.68056666730739,75.00990103730688,0.3293343699994864,0.0063076019287109375
exemplar,exemplar,exemplar/archive_1/7f402bb4-51cf-485d-bc52-6ee172ca14fa.pt,112.27513935621899,164.06550455890124,51.79036520268225,6.571097261384837,93.2631177656756,148.1960488496599,54.932931083984286,3.973591459690554,72.97134089984316,80.93995084992073,7.968609950077578,0.1990449693467882,88.2197007532604,126.52104429117954,38.30134353791914,1.5544061660766602,144.47283489699197,184.38282832585497,39.909993428863004,18.38117364112367,123.32633587670574,185.0770946991395,61.75075882243377,21.47624096427996
exemplar,exemplar,exemplar/archive_1/8317cf35-eefa-4791-bcf7-f4065665fd13.pt,64.11178808996301,125.53631010679717,61.42452201683416,2.885973528890356,36.22951948679406,161.43032742275048,125.20080793595642,7.926072125706474,0.0,0.0,0.0,0.0,148.7938992731556,173.14995711922353,24.356057846067927,3.5429930686950684,185.4261771654971,197.63511022798838,12.208933062491269,138.15223999023436,190.82750307477252,199.01443126716805,8.186928192395527,301.87366994222003
exemplar,exemplar,exemplar/archive_1/840fcf94-ccfc-43d8-b7c2-d33799fa8aa8.pt,7.662362763581059,110.6508565292702,102.98849376568914,2.396784078663793,74.98161746315225,110.63244163425671,35.65082417110446,1.9303054976272305,166.66666666666666,109.47248578220236,-57.1941808844643,1.3836673100789387,52.56086450299072,122.74603677582053,70.18517227282982,2.0539533297220864,25.274917315441066,20.36709881993196,-4.907818495509105,-0.039537882614268334,66.1053515362831,71.89284879863153,5.787497262348438,0.03198066525342988
exemplar,exemplar,exemplar/archive_1/84384e9c-dbd4-42f2-9768-d6071fed7642.pt,27.29802439543135,86.05224142440562,58.75421702897427,1.1942387936617709,5.217486508933741,83.4123533937092,78.19486688477545,1.3773034381850373,143.43324672781864,116.60613691483279,-26.827109812985853,-2.1610366821289064,94.07905433037536,133.61243004327258,39.533375712897225,1.8740191459655762,77.32388865744456,1.9719394227057958,-75.35194923473875,-1.2408059473195787,37.08276259366384,144.37969182722603,107.2969292335622,0.5255432698264051
exemplar,exemplar,exemplar/archive_1/85e17655-4ec7-4dde-bbe4-d48bacfaa343.pt,183.51094893328622,195.22747153498366,11.716522601697449,58.74970307221284,192.60279291522377,197.0988676305235,4.496074715299727,62.85205078125,0.0,0.0,0.0,0.0,115.10310788860954,162.07962881594673,46.97652092733719,2.918411135673523,173.41474155249247,189.21929722109357,15.804555668601097,21.269635881696427,146.20039963253714,178.7308192331128,32.53041960057567,8.528666019439697
exemplar,exemplar,exemplar/archive_1/86a7fb3e-bc83-41fa-894f-d57ab0a037c1.pt,126.59871574747665,114.39357951846388,-12.205136229012766,-0.7768954208777517,114.50067456988708,103.41246997869848,-11.0882045911886,-0.5370212547659394,15.272238322071578,175.7854154822918,160.5131771602202,0.7922728103799449,185.8167879591702,164.53823273357352,-21.278555225596676,-8.461301326751709,173.23247321504977,193.61041108513928,20.37793787008951,46.523633684430806,92.57415419035188,196.64316396547974,104.06900977512787,96.19693994522095
exemplar,exemplar,exemplar/archive_1/8c5001d5-58f2-49e9-a6bb-2ae23830866f.pt,3.4836784739104893,62.3939513770013,58.910272903090814,0.872591736889125,54.43489898093661,36.3732641206366,-18.06163486030001,0.016699076935377914,117.51050603781707,146.85120948005286,29.340703442235792,0.10615552857864735,65.4768060335921,59.56945170586978,-5.907354327722317,0.32974134172712055,153.40565216258398,78.02943132474557,-75.3762208378384,-5.2961992387478665,5.778799722052927,119.24278279196982,113.46398306991689,2.7855312640850363
exemplar,exemplar,exemplar/archive_1/8d2bea12-85c5-4b4c-802c-3390a356a35e.pt,13.052751588567006,19.434554166971353,6.381802578404347,0.09272752844769022,5.032015044158765,6.744566389380295,1.71255134522153,0.018179466316986855,0.0,0.0,0.0,0.0,12.739685858798621,150.0,137.26031414120138,0.6309440732002258,2.421578490796562,48.61188017359723,46.190301682800666,0.6173269452839872,15.521850081717709,61.359302073040304,45.837451991322595,0.7144052439722521
exemplar,exemplar,exemplar/archive_1/8e75be00-7e3e-4f3d-8aa1-3e913ec040ec.pt,32.79203085282954,66.51540997944736,33.723379126617814,0.604363570780105,20.480777496129416,69.36828822875314,48.887510732623724,0.8762451415216076,139.4596181906292,193.57585407402263,54.11623588339344,0.16198036228197107,49.03028976023748,68.36682216756017,19.336532407322693,0.5804800987243652,22.56672583622956,147.92508713030807,125.35836129407852,5.469503963694853,18.62518903291414,189.59388381269886,170.96869477978473,34.45512065887451
exemplar,exemplar,exemplar/archive_1/90c22023-a457-4031-8dcc-74aa8742c717.pt,161.08188262488363,188.24728879201163,27.165406167127998,23.627597974694293,192.60279291522377,197.0988676305235,4.496074715299727,62.85205078125,0.0,0.0,0.0,0.0,115.10310788860954,162.07962881594673,46.97652092733719,2.918411135673523,173.41474155249247,189.21929722109357,15.804555668601097,21.269635881696427,146.20039963253714,178.7308192331128,32.53041960057567,8.528666019439697
exemplar,exemplar,exemplar/archive_1/933de88a-1fe8-4497-b8cf-66fe9146b0e0.pt,69.1486865900777,8.92090644153707,-60.22778014854063,-0.42043864087183574,55.149732856415866,12.64199553107557,-42.507737325340294,-0.31336547594417696,0.0,0.0,0.0,0.0,0.0,0.0,0.0,0.0,159.07378037175664,104.56720177115722,-54.506578600599425,-5.552874113384046,104.17692674224175,177.59626923550806,73.41934249326631,10.259856939315796
exemplar,exemplar,exemplar/archive_1/93c8fe85-cd4d-4b53-a93f-688a737d92ef.pt,98.47395745636936,159.48837693435013,61.014419477980766,5.932772613219778,5.138551731681612,83.46089067267151,78.3223389409899,1.3813305790560233,0.0,0.0,0.0,0.0,99.96179969726566,175.52232471805735,75.56052502079169,6.171474277973175,192.28099580700774,175.428809718814,-16.852186088193747,-35.0182674632353,29.845769410226076,28.3686149067739,-1.4771545034521765,-0.01977252960205078
exemplar,exemplar,exemplar/archive_1/93f027a8-36c7-4159-b997-fa581ea23d40.pt,7.786706416994601,58.89023125356012,51.10352483656551,0.7597168047379628,6.482323240697359,84.35548614643255,77.8731629057352,1.3960670445201457,62.64445193350823,23.617343902715835,-39.02710803079239,-0.688403878893171,52.835905155861056,122.57073981267982,69.73483465681876,2.03995951016744,102.52627806149329,169.40969987714269,66.8834218156494,8.961401605955837,75.82986782781315,168.58401062672874,92.7541427989156,9.465257497934195
exemplar,exemplar,exemplar/archive_1/94394a1c-cebb-41b5-97ba-053c2cbb4444.pt,9.497848305125991,61.1589392632631,51.66109095813711,0.7902628814311854,37.20993988658966,63.75843121774429,26.54849133115463,0.6221892876059322,104.68574749382536,159.43359831716955,54.747850823344194,0.19919098255246184,161.01344678335448,177.53499164211217,16.521544858757693,3.7727603912353516,12.486069781107023,138.57011814564189,126.08404836453487,4.391674435548912,7.750613197427755,168.85969524761225,161.1090820501845,10.728728834048722
exemplar,exemplar,exemplar/archive_1/9748b154-4100-4641-a2d4-c9e8328e837d.pt,44.394580087327654,58.855090657187176,14.460510569859522,0.2633570228834108,17.084410294240683,6.854276957369741,-10.230133336870942,-0.09112483529342354,74.49478609294216,155.9174891054564,81.42270301251425,0.33207447584285293,48.146748448932286,73.5487736868664,25.40202523793411,0.6977019309997559,24.862608526663067,83.5378887726465,58.67528024598343,1.2114811005732136,56.91285988064619,157.8244885810588,100.91162870041262,6.354243469238281
exemplar,exemplar,exemplar/archive_1/990eb8b7-92c6-40ca-b679-e3cbaa3024b6.pt,34.63953067387654,115.36555202599482,80.72602135211827,2.3071796115763097,34.296375971837435,49.09288723704098,14.796511265203549,0.3578702034523641,84.418155025757,65.44847349758936,-18.96968152816764,-0.46573448181152344,53.185588808230214,106.19661321409194,53.011024405861725,1.3472464084625244,23.692442663977335,95.14333332471838,71.45089066074105,1.6026217456980942,54.70147618564942,82.84381712018886,28.14234093453944,0.9842313738567073
exemplar,exemplar,exemplar/archive_1/9a9a9339-a608-467c-91a9-1a3f6a783e95.pt,60.40320195238669,0.27737623970447906,-60.12582571268221,-0.4611469865769408,148.64880309762876,149.43211799299212,0.7833148953633611,0.120638922969592,0.0,0.0,0.0,0.0,154.78408025556678,0.0,-154.78408025556678,-3.4232208728790283,63.87765474506423,61.97297927598356,-1.904675469080665,-0.46260433886424607,175.09197406839215,127.35386972528855,-47.7381043431036,-7.914703130722046
exemplar,exemplar,exemplar/archive_1/9bce92a8-b4b7-42eb-a5e4-15f5d4f3c872.pt,84.3271969352236,132.54151898957937,48.214322054355776,2.471439763961093,43.75868715930606,94.36969183701527,50.61100467770921,1.2266099647750777,60.13360342940469,75.9472110776521,15.813607648247412,0.357810550265842,20.47587007348623,74.86675176879442,54.39088169530818,0.8993026188441685,107.06943750333578,124.62955617259465,17.56011866925887,1.0019739917200854,99.46082143879369,96.86661035370781,-2.594211085085874,-0.09976537479376942
exemplar,exemplar,exemplar/archive_1/9c3ee7e5-a98f-4ec9-9b34-0d1baaa3da26.pt,52.158369019193465,35.72621891938403,-16.432150099809434,0.02126388401106133,102.27950950533267,39.01386152852455,-63.26564797680812,-0.35026178965734056,102.73140988038116,90.19458340218425,-12.536826478196915,-0.05686922215703708,3.777688727994674,58.7131300222427,54.93544129424803,0.7444151639938354,33.26505265717509,7.419309356854377,-25.845743300320713,-0.3219104045854811,47.05207210474378,44.15193066428257,-2.900141440461212,-0.2534695955602134
exemplar,exemplar,exemplar/archive_1/9c51cef1-e8be-4066-85b1-e69bbe003acc.pt,24.500528750334976,53.26358720359926,28.763058453264282,0.1414075328407225,108.06927293282536,4.332228659789468,-103.73704427303589,-2.308254227260152,0.0,0.0,0.0,0.0,0.0,0.0,0.0,0.0,10.014530758235715,39.82012559106017,29.805594832824454,0.2252936765372035,51.57677629179858,69.58935854989566,18.012582258097083,0.2791787385940552
exemplar,exemplar,exemplar/archive_1/a2d0b7bd-e241-47cf-9b48-c8d5b31a4dfb.pt,7.501071927053551,69.27059019661132,61.76951826955777,0.9874468012081274,0.459821724714679,96.4659005865299,96.00607886181523,1.8588221817076565,60.53414051267948,2.060695496331344,-58.47344501634814,-0.83073486328125,108.37524426400114,153.8069126458123,45.431668381811164,3.2202539443969727,89.64886025822952,164.6885937224892,75.03973346425968,7.693410996773943,51.091564171714815,160.4115873599492,109.32002318823439,7.3813905902937345
exemplar,exemplar,exemplar/archive_1/a7ab27fb-bd8e-4dfb-bc4f-fc37b71e548c.pt,10.967917174218426,119.71320644894809,108.74528927472966,2.8655791685469314,4.175007104528451,149.4858156276356,145.31080852310714,5.876005557659262,74.78519634819611,170.3222944340636,95.53709808586748,8.998167872428894,126.41075202400724,183.67200756529985,57.26125554129261,9.531114935874939,145.44886264650842,186.68210413467463,41.233241488166215,22.38689676920573,51.092824539884795,192.16890717025476,141.07608263036997,40.3268350760142
exemplar,exemplar,exemplar/archive_1/a7fcc3e0-563d-4404-9467-f86818191469.pt,57.219661806413,40.84225061987018,-16.377411186542822,0.06831763759616298,33.69413162609925,37.81156661102282,4.11743498492357,0.1778927761999699,0.0,0.0,0.0,0.0,0.0,0.0,0.0,0.0,171.8642619567819,85.6440610577037,-86.2202008990782,-10.662528108295641,126.02909805072406,190.07873985947555,64.04964180875149,26.182445526123047
exemplar,exemplar,exemplar/archive_1/a84153c9-baad-493e-b043-331117736a38.pt,4.5209531738702875,61.455742147249644,56.934788973379355,0.8429377598690498,29.611316741414125,60.808903498290604,31.19758675687648,0.6157938246984035,117.51050603781707,146.85120948005286,29.340703442235792,0.10615552857864735,77.93992833018231,46.26808180027138,-31.67184652991093,0.03852367401123047,154.39359377504505,80.07323338308028,-74.32036039196477,-5.425826492843094,72.81719244467477,159.93733539844206,87.12014295376729,6.269339243570964
exemplar,exemplar,exemplar/archive_1/ab107bcf-9e12-42e0-9b1a-bf08d137f970.pt,84.77795284565413,4.984909335766345,-79.79304350988778,-0.5467555670583999,17.60808807681561,97.98928045139834,80.38119237458274,1.7591566855916936,0.0,0.0,0.0,0.0,136.71683136348446,0.0,-136.71683136348446,-2.160398006439209,172.7910622211001,34.084956558532326,-138.70610566256778,-12.228107645054056,94.17945474495762,29.18012628357544,-64.99932846138219,-1.4872029304504395
exemplar,exemplar,exemplar/archive_1/af019597-795a-45fb-af20-0492e247f185.pt,103.2478828807608,116.78512329092275,13.537240410161957,2.1257446677821457,28.90185676039687,139.0846604389782,110.18280367858134,4.313322567223296,184.07491012004607,187.34537449804026,3.2704643779941875,0.00877777397209871,167.8850008020511,163.5500954763594,-4.334905325691722,-0.7406368255615234,188.3284489690211,197.59947155705774,9.27102258803663,128.22240447998047,193.6390498563668,199.1006490981698,5.461599241803015,286.41114807128906
exemplar,exemplar,exemplar/archive_1/b19f2e4b-4590-4abd-a767-7530be27f889.pt,56.65161528440813,62.10950084346492,5.457885559056791,0.11044585954965025,22.700440357961213,145.72190633408192,123.02146597612071,5.1129164762405725,75.59575644399308,145.3742310275938,69.77847458360071,3.764958063761393,31.858143136477036,152.87243805995035,121.01429492347332,5.090548833211263,133.78912066997418,187.37739195188846,53.588271281914274,25.30127612964527,45.373737074590856,194.28977832767163,148.91604125308078,50.59720295667648
exemplar,exemplar,exemplar/archive_1/b43c3d48-b63e-4826-8f80-4f21daca2b4f.pt,9.56043655526556,120.2914542615601,110.73101770629455,2.9173775976830787,26.1636173997496,127.5351904824879,101.37157308273831,3.287955770461444,78.83958935023242,160.4013389683967,81.56174961816427,6.233281294504802,140.1062424332468,13.759477721373067,-126.34676471187373,-0.6719870090484619,84.52138170033665,53.95261345739998,-30.56876824293667,0.14457234662704752,58.859286109920255,185.76397802526367,126.90469191534342,22.105725049972534
exemplar,exemplar,exemplar/archive_1/b656d259-da97-4fd2-982a-eae002500fb2.pt,16.789992177802937,118.85817510966977,102.06818293186683,2.7458641343070895,30.167805950579442,136.34279460910017,106.17498865852073,4.020735499549572,16.005808074715354,146.59032366413814,130.58451558942278,4.650885701179504,66.51326670937678,149.89020210602007,83.37693539664329,3.739438772201538,43.3791982005166,112.97636699142576,69.59716879090917,2.0404830538254846,14.605110207328943,89.84362639886037,75.23851619153142,1.4892951906189438
exemplar,exemplar,exemplar/archive_1/b85933b6-f63c-4af0-aa76-bbf3f5b74598.pt,13.858132389874354,50.79264506938349,36.93451267950913,0.5319302768720833,8.03316160029723,63.829905610575544,55.79674401027832,0.8602641407048008,141.22982226022071,69.52946141676523,-71.70036084345548,-3.5703310533003374,109.01965479864845,123.96408116146328,14.944426362814838,0.7200980186462402,35.3974111631086,92.42856132662097,57.031150163512365,1.2880761282784599,62.872516203050914,5.890888659932013,-56.981627543118904,-0.4210037551559768
exemplar,exemplar,exemplar/archive_1/bb07fdf6-0145-43fa-b254-ae7790bd0390.pt,67.58106247718014,157.09272447027507,89.51166199309493,6.301109758976382,50.788187902682765,180.0984359112533,129.3102480085705,17.684042405975955,23.230282596529438,143.48124273825687,120.25096014172743,4.012054522832234,23.19204593301274,144.1990163561042,121.00697042309147,3.6794930696487427,104.06622978715268,188.04482594608245,83.97859615892978,28.702998046875,87.71699380337674,193.0710763747063,105.35408257132957,40.624948024749756
exemplar,exemplar,exemplar/archive_1/bfc05050-5933-4357-afc0-782c3c9871d3.pt,16.554762148548047,36.25119658392359,19.69643443537554,0.2898717840216655,4.974230125188199,76.3479107717823,71.3736806465941,1.1863318277532806,65.8938641501828,36.788800914283684,-29.10506323589911,-0.6617996909401633,60.48043012289273,124.13678842245619,63.656358299563465,2.0047221183776855,33.52760209368563,138.34556987876837,104.81796778508274,4.082657379357993,67.70957941363459,168.1793941226733,100.46981470903872,9.500476577906932
exemplar,exemplar,exemplar/archive_1/c50b7d06-2743-447e-8d30-7d44ffd86fa1.pt,48.97735759115593,146.13674671464767,97.15938912349174,4.777213871012157,172.66776827219454,171.38129718707395,-1.2864710851205814,11.043059097052856,0.4207575173958964,161.47212338138613,161.05136586399024,6.981578588485718,21.86878547510495,156.04213361090947,134.17334813580453,5.140565276145935,146.86301191132065,182.56350278086825,35.70049086954759,15.104420776367187,11.92874526240742,177.59626923550806,165.66752397310063,11.795486807823181
exemplar,exemplar,exemplar/archive_1/c50bdf2e-0abe-43fc-8139-06cf5e73816b.pt,42.16000123198952,154.17196179447325,112.01196056248372,6.191788641096742,25.584659735552766,165.10777091846947,139.5231111829167,9.166909343847733,10.956648231344227,151.50236046364915,140.54571223230494,5.119956890741984,152.38890158350483,180.97571109125462,28.58680950774979,6.312175273895264,85.01901484053167,145.64971435164276,60.63069951111109,3.874950801964962,38.276524561841825,128.53982565871766,90.26330109687584,3.1080618002980027
exemplar,exemplar,exemplar/archive_1/c547deb4-f314-4e7d-9e7b-88bda5d6f7ff.pt,27.79016451489476,163.81352841568273,136.02336390078796,8.730219896235521,174.68248281447322,198.99187378081132,24.3093909663381,377.99999809265137,85.8791105600651,151.01747826714364,65.13836770707854,0.2591780510501585,103.60118513223854,173.22185306157888,69.62066792934034,5.394062399864197,177.09518054828686,189.98294425575605,12.88776370746919,21.719375610351562,4.7850265980903925,187.07414755548777,182.2891209573974,21.672533631324768
exemplar,exemplar,exemplar/archive_1/c554422a-7e7f-40d8-88a4-8c54a0a92d59.pt,35.02440439005679,120.849616007387,85.82521161733021,2.628676152215024,20.00135370392565,114.51838576365826,94.51703205973261,2.497236273594926,166.66666666666666,73.29799533476904,-93.36867133189762,0.227262814839681,59.479771110009246,108.48052993482209,49.00075882481284,1.2700745264689128,41.47289286246968,84.09200397084805,42.61911110837838,1.1073211468380693,81.7711348814114,73.71118189767341,-8.059952983737986,0.5866484851371951
exemplar,exemplar,exemplar/archive_1/c76f45c1-2e16-422b-b87f-0befcb5d1cc0.pt,31.15232979205575,94.18523407134315,63.03290427928739,1.4111707693382765,142.71765343024646,189.40971734026954,46.69206391002308,30.77785685911017,157.82849475448515,193.22893985105117,35.40044509656602,0.10060992099270963,26.47499441052645,146.7245149136413,120.24952050311484,3.902250349521637,123.63784605303564,193.5769855186295,69.93913946559385,56.054446253283274,1.1610267197961124,197.64941395555255,196.48838723575642,126.11898803710938
exemplar,exemplar,exemplar/archive_1/cc933a28-ea40-4c6e-94eb-19bb770284e0.pt,21.823945734459677,119.51280459779692,97.68885886333723,2.7246677534535753,6.543636957039708,84.7400328427148,78.19639588567509,1.4070111603211413,89.8765760744236,135.21508729517564,45.33851122075204,2.4148895263671877,49.49868311921846,118.04023213272288,68.54154901350441,1.9448268413543701,2.811830592063224,2.16087518423832,-0.6509554078249038,-0.005882630698795726,29.913380167771734,61.8191857636841,31.905805595912362,0.21191031107088415
exemplar,exemplar,exemplar/archive_1/d2f9b92b-36b8-4913-bf89-d73b70e688b6.pt,154.6266415254954,186.54507859657468,31.918437071079296,20.773732096354166,164.92671714786962,190.3465128227255,25.419795674855862,22.52333354949951,0.0,0.0,0.0,0.0,154.12098809928466,172.7510581587612,18.630070059476537,2.980442762374878,170.54613277670552,186.06940482706108,15.523272050355558,14.592745099748884,35.75738103307542,148.22545337299766,112.46807233992224,3.9677869081497192
exemplar,exemplar,exemplar/archive_1/d555c2bc-0669-45e4-91b5-39d9ebf234a6.pt,185.32912910139547,196.0669992324006,10.737870131005138,73.95523507254464,196.27144988493617,199.33382711781684,3.0623772328806638,452.06739298502606,36.591755221750034,149.4957989426338,112.90404372088376,4.560230255126953,134.84711929879828,170.6265311579213,35.77941185912303,3.7391624450683594,187.38715124888012,191.66287827709377,4.275727028213652,15.756231307983398,179.01170055420306,189.11459016037193,10.102889606168873,13.26614761352539
exemplar,exemplar,exemplar/archive_1/d624f608-06d4-4b6b-b0a4-1fd09b11f9a5.pt,79.81143113221316,1.4446865849204773,-78.36674454729268,-0.5559090152122046,60.1699773436156,60.778931053713116,0.6089537100975164,0.41055979607503346,0.0,0.0,0.0,0.0,136.71683136348446,0.0,-136.71683136348446,-2.160398006439209,173.2443608691738,36.073184613379766,-137.17117625579402,-12.445521561140866,102.38418798840276,18.515337060224173,-83.86885092817859,-1.8746699227227106
exemplar,exemplar,exemplar/archive_1/dcec6b57-a6cd-442a-b467-1dd0d8a02ccf.pt,35.63057200003486,22.389433529648255,-13.241138470386606,-0.18142280641129632,45.18546075856082,56.459527757677876,11.274066999117053,0.2029301245368842,35.72913852281028,173.1800068002094,137.45086827739914,0.6248581814589784,104.19568720884475,150.29347242504483,46.09778521620008,3.2267128626505532,10.684681641654773,84.17885671973508,73.4941750780803,1.3509229846890884,93.55635162360298,191.1342359720792,97.57788434847623,36.18957829475403
exemplar,exemplar,exemplar/archive_1/dd09668d-3c30-4aad-9f96-919ce4bedbf0.pt,27.009339703284667,67.92830009410994,40.918960390825276,0.7906924858913278,30.80009359249974,78.87333246325669,48.07323887075695,1.0354138886772326,51.137400333765996,53.724455769377826,2.5870554356118305,0.046573028564453126,107.26525058050827,156.2600894840775,48.99483890356923,3.6236913204193115,120.37707627974976,121.6840836919103,1.3070074121605444,0.0837344068977701,80.9079645603946,83.46760622920203,2.55964166880743,0.07340621948242188
exemplar,exemplar,exemplar/archive_1/e0877d2d-c62b-4796-be5f-96c63aefb754.pt,135.82075924803797,146.34016060684644,10.519401358808466,1.2217559035375638,151.4617115972155,163.36344354215672,11.901731944941218,2.6768243283054445,24.461535263907425,125.99184239197437,101.53030712806695,0.5543634486648271,132.8825771862428,162.728910896978,29.846333710735195,3.5793559551239014,174.2588174939079,193.70428137192172,19.44546387801381,47.0360205078125,147.52671577329681,197.1917968954764,49.66508112217957,101.11268472671509
exemplar,exemplar,exemplar/archive_1/e3f6f73c-985e-45e2-8dfd-c8eeaf9b40da.pt,173.71460052284382,193.2504525051919,19.535851982348078,43.78957916969477,163.06329397674472,197.2878050248685,34.22451104812379,125.26496251424153,25.318523827779213,168.48432271060986,143.16579888283064,8.668511470158895,117.7574026085818,173.75498683245337,55.99758422387157,5.188665509223938,185.1367915065875,186.5735040671071,1.4367125605195952,2.7897567749023438,146.20039963253714,149.4869495331635,3.286549900626369,0.3628096580505371
exemplar,exemplar,exemplar/archive_1/e6a82969-b2e7-4bf3-ba16-00307a537ca0.pt,106.33622005693314,159.49600504149606,53.15978498456292,5.6045400611813525,84.25633848347141,140.96459098778467,56.708252504313265,3.3194630913943066,69.68368133494127,66.16459409318435,-3.519087241756921,-0.07622485690646702,87.5289898893906,120.4417246953598,32.912734805969194,1.22607421875,143.68614006816122,186.75347339059982,43.0673333224386,23.058976773016468,123.22005434744669,188.6529904519122,65.4329361044655,29.887029903451193
exemplar,exemplar,exemplar/archive_1/e78a5e99-9c04-4b9b-be44-a1b0d34a316b.pt,74.57743195502337,49.6774082549077,-24.900023700115675,-0.5282666336029299,7.613564698049595,25.30205525526936,17.688490557219765,0.21051391986997553,11.870188571395506,112.33497942268545,100.46479085128995,0.6049184281696645,75.95779071949191,124.85651393415897,48.89872321466706,1.888596534729004,83.59304921090089,119.86186305971553,36.268813848814645,1.5526520759828628,154.18570407823117,171.61035555910215,17.424651480870978,5.09080810546875
exemplar,exemplar,exemplar/archive_1/e7919f10-29bd-4777-b4cc-29dbe353cd1c.pt,28.213633517254788,86.88787981857088,58.67424630131609,1.289039787330412,32.00653346301122,187.8134220355578,155.8068885725466,30.432584284855768,121.04041151695466,186.22075681848844,65.18034530153378,0.21022168992810222,4.328295222103011,129.1696050537556,124.84130983165258,3.0025439262390137,121.7005370515579,183.53892036147417,61.83838330991627,18.900375828598484,48.49625187243832,190.07873985947555,141.5824879870372,28.25794529914856
exemplar,exemplar,exemplar/archive_1/e8403995-eed4-4ab2-bad9-4ab7a8a95220.pt,57.98994612889233,127.64266882767483,69.6527226987825,2.7112787254927118,4.198307284236953,83.61494728834018,79.41664000410323,1.393936191908017,166.66666666666666,36.9897948818562,-129.67687178481046,-0.41731874148050946,11.253874389486732,104.17088528351913,92.91701089403239,1.7979919910430908,54.17092744064276,90.92708721964499,36.75615977900223,1.2407997734157457,78.17220363251586,64.81233593491112,-13.359867697604741,0.3966144840891768
exemplar,exemplar,exemplar/archive_1/e87f94ad-6357-4f1e-8148-702cc5865918.pt,102.07878510070208,155.63464186794994,53.55585676724786,4.927790537254736,183.66515834472474,197.0878421557362,13.422683811011467,105.81342887878418,16.137239481593852,155.80680940643745,139.6695699248436,6.039113640785217,125.62744853966231,174.72192364633628,49.09447510667397,5.222830295562744,186.99956400606254,180.17571204982846,-6.82385195623408,-10.370285034179688,182.3335351917373,156.48546746927903,-25.848067722458268,-10.087077617645264
exemplar,exemplar,exemplar/archive_1/e89c3f49-0a65-47bb-8ace-4c65db6d108b.pt,30.3134774223785,65.48636522483577,35.17288780245727,0.6163737668148253,8.326149221726316,50.6457384926464,42.31958927092008,0.5982498140269368,0.0,0.0,0.0,0.0,54.73626928907374,24.550188132650582,-30.186081156423157,-0.1374030907948812,82.47925840484888,102.81570854106673,20.33645013621785,0.09509051081548162,48.74521113625409,106.36804401852976,57.62283288227567,0.30233536413658924
exemplar,exemplar,exemplar/archive_1/e9e2bcad-ffaa-477a-93b0-5d0493070787.pt,14.759813542351543,112.37024103525812,97.61042749290658,2.4052212173226915,17.85518449267035,73.11991809193069,55.26473359926034,0.9886391101803784,89.50329364081709,133.72055391847928,44.21726027766219,2.2942842483520507,24.643793164911102,97.08528123567666,72.44148807076556,1.4450778007507323,3.501971772729311,9.239747777401945,5.737776004672634,0.06244452151259935,30.750078994066836,47.348617318366294,16.598538324299458,0.11626970988948171
exemplar,exemplar,exemplar/archive_1/f47f94f0-87d1-4681-9dcc-02c2cb74fd5a.pt,35.56132263337458,86.66641263418977,51.10509000081519,1.096640943681549,68.75512675781538,77.86970061997006,9.114573862154685,0.7609193880264074,0.0,0.0,0.0,0.0,0.0,0.0,0.0,0.0,89.41156352746428,35.138818866961046,-54.272744660503236,-1.1831947036936312,148.82341845036242,95.01968238288549,-53.80373606747693,-3.0043777227401733
exemplar,exemplar,exemplar/archive_1/f7965c2f-28df-4155-9306-bfef8953a6be.pt,1.0858422774542713,115.62072284630214,114.53488056884787,2.729136435170046,59.71479210187478,133.8565569526074,74.14176485073263,3.586979563643293,150.0,132.95214877835053,-17.047851221649466,2.7201523780822754,38.58328731520155,122.39512222270905,83.81183490750749,2.2302141984303794,7.370451543678413,7.505769129752493,0.1353175860740805,0.001257635078154694,53.53424911826866,66.95983556882574,13.425586450557077,0.07930467559070122
