split,dataset_index,kernel_family,tensor_path,target_lut,prediction_lut,target_ff,prediction_ff,target_dsp,prediction_dsp,target_bram,prediction_bram,target_cycles_max,prediction_cycles_max,target_interval_max,prediction_interval_max
validation,192,2layer,2layer/archive_4/f1f196d5-1325-4225-893b-f7fa6e75ed62.pt,20477.0,29237.015625,15197.0,22019.962890625,6.0,8.066205978393555,3.5,3.0522568225860596,3749.0,5932.9482421875,2080.0,2654.998291015625
validation,204,3layer,3layer/archive_1/0e9a06ff-d052-4974-bfec-59f17d84f749.pt,16433.0,19775.0,12911.0,13049.2744140625,6.0,6.13748025894165,1.5,1.8253217935562134,3080.0,3388.15185546875,1792.0,1691.38525390625
validation,126,2layer,2layer/archive_4/3a92d25d-8ddf-4a6c-97dc-ee16bce0db57.pt,30094.0,27018.0390625,18418.0,20103.310546875,6.0,5.765699863433838,2.0,2.7316977977752686,6501.0,7449.16015625,3584.0,3942.971435546875
validation,524,exemplar,exemplar/archive_1/36b4d64d-8c42-4320-adc4-a82339843784.pt,1367.0,2861.374755859375,1337.0,1630.957275390625,2.0,5.488944053649902,0.0,0.9407866597175598,520.0,564.3511962890625,192.0,119.24188995361328
validation,492,dense_resource,dense_resource/archive_1/cccd1536-edbc-42ca-b615-841872d98b81.pt,25707.0,47780.0546875,34732.0,44805.68359375,2.0,11.790079116821289,4.5,6.19359827041626,2202.0,2925.330078125,512.0,563.6254272460938
validation,55,2layer,2layer/archive_1/a4b77544-b0d8-4465-8a89-14f47365346c.pt,11498.0,15202.4580078125,8769.0,10466.2265625,3.0,2.4405136108398438,1.0,1.6311826705932617,2789.0,3947.758544921875,1440.0,2473.028076171875
validation,340,conv1d,conv1d/archive_1/d1c94bd8-9b95-4896-90ef-9820b72e9c80.pt,16820.0,16354.8212890625,26709.0,25069.13671875,2.0,1.1059882640838623,17.0,8.097756385803223,175036.0,209887.875,175034.0,211832.03125
validation,201,3layer,3layer/archive_1/0089987a-8200-4d44-afae-7cc41eddbf07.pt,30839.0,21956.611328125,24613.0,15018.5126953125,0.0,0.0,2.5,3.1022021770477295,7240.0,4453.18310546875,3072.0,2047.7032470703125
validation,612,rule4ml,rule4ml/archive_1/2084ff9e1c3f7347ba0aea77dc91149a.pt,32444.0,45933.3359375,384.0,12351.900390625,4.0,24.019775390625,131.0,4.560119152069092,469.0,459.0928039550781,1.0,18.77696418762207
validation,69,2layer,2layer/archive_1/c1190931-2080-44e9-b582-009ce361f719.pt,20846.0,20441.515625,12147.0,14821.9853515625,3.0,3.3774471282958984,2.0,2.1219544410705566,5765.0,5993.4443359375,3072.0,3433.65966796875
validation,666,rule4ml,rule4ml/archive_1/bb29e5be8326d4c433c189c47376993f.pt,32468.0,62585.01953125,30771.0,52440.703125,249.0,201.5175018310547,82.0,218.0455780029297,924.0,1883.7188720703125,32.0,72.62071228027344
validation,216,3layer,3layer/archive_1/3235688d-c83f-4645-a728-639dca1de8e3.pt,30104.0,26087.7890625,20445.0,18099.826171875,6.0,9.464704513549805,2.0,2.3524632453918457,4136.0,4686.31298828125,2240.0,2158.310302734375
validation,367,conv2d,conv2d/archive_5/95879529-0326-4462-8440-bf3a92be9c6c.pt,12847.0,18625.9921875,22165.0,40809.5703125,0.0,0.0,40.0,31.699249267578125,2748647.0,2696137.5,2748648.0,4003762.75
validation,581,exemplar,exemplar/archive_1/c50bdf2e-0abe-43fc-8139-06cf5e73816b.pt,1357.0,3054.744140625,1278.0,1830.040283203125,2.0,5.465392112731934,0.0,0.9668315649032593,329.0,578.3462524414062,96.0,122.17595672607422
validation,541,exemplar,exemplar/archive_1/64239147-5c4d-4f1c-b543-1bb26a6df2a6.pt,842.0,2254.4453125,677.0,754.754150390625,2.0,8.280465126037598,0.0,1.0780109167099,24.0,88.53121948242188,1.0,7.501977920532227
validation,683,rule4ml,rule4ml/archive_1/da79d919753212c4a0b6b3f375126a39.pt,45607.0,346497.03125,45458.0,443534.4375,1664.0,1277.2611083984375,29.0,81.10853576660156,377.0,2375.26416015625,5.0,100.3407211303711
validation,142,2layer,2layer/archive_4/6fa2d5cd-c2eb-4499-b95d-2b2b167275f9.pt,19051.0,20663.65625,17400.0,16854.388671875,0.0,0.5669701099395752,4.5,2.9594459533691406,5829.0,5935.3310546875,3328.0,3020.6298828125
validation,1,2layer,2layer/archive_1/01e4f100-40c0-4490-b7a6-ae37cbb70c7b.pt,25406.0,23756.3515625,18496.0,18802.025390625,0.0,1.911234736442566,2.0,2.720536231994629,5125.0,5459.0498046875,2560.0,2515.577392578125
validation,197,2layer,2layer/archive_4/f8ca8e8f-370f-483d-a7eb-4e709b42d7e1.pt,3840.0,6709.0732421875,4521.0,4070.383056640625,2.0,2.6785266399383545,0.5,0.7380619645118713,900.0,1180.838623046875,832.0,963.3637084960938
validation,411,dense_latency,dense_latency/archive_1/732e720c-9e60-4a7a-804c-ffa3330f6261.pt,249976.0,289251.4375,163356.0,122505.515625,155.0,394.30029296875,0.0,0.42351821064949036,380.0,127.96855163574219,53.0,16.35959815979004
validation,460,dense_resource,dense_resource/archive_1/3f73ac95-81fc-47b7-9ac8-8f79d117f23a.pt,24656.0,45981.6796875,36362.0,41825.1640625,3.0,15.363859176635742,4.5,5.9225664138793945,2871.0,2118.42333984375,1024.0,345.6034240722656
validation,339,conv1d,conv1d/archive_1/ce291d44-3bc6-4748-a560-11e827144800.pt,12204.0,14169.775390625,16628.0,17315.162109375,0.0,0.3052632510662079,4.0,4.45383882522583,10689.0,53880.8203125,10690.0,43360.703125
validation,148,2layer,2layer/archive_4/7e8621c0-0dcf-4f11-a141-0fda1608013f.pt,13646.0,14263.1689453125,7768.0,9662.0302734375,4.0,2.4664013385772705,1.0,1.541776180267334,1349.0,3596.74560546875,960.0,2300.953125
validation,351,conv2d,conv2d/archive_5/0f3187f9-3386-47ae-8044-8cd0968ed5a7.pt,22254.0,16090.318359375,29784.0,31851.244140625,0.0,0.0,5.5,17.658893585205078,228285.0,1349405.25,228286.0,1884159.125
validation,529,exemplar,exemplar/archive_1/4107d0be-42b6-4158-9f36-c8a56530d5de.pt,26215.0,13029.861328125,5721.0,5545.7841796875,3.0,34.00342559814453,1.0,1.1654877662658691,37.0,44.65226745605469,2.0,1.727461338043213
validation,651,rule4ml,rule4ml/archive_1/8d2cdad9082523fa3ea68740ce1050fe.pt,51924.0,62320.98828125,20971.0,11004.7099609375,295.0,95.08985900878906,9.5,66.19796752929688,590.0,561.70849609375,131.0,4.863808631896973
validation,621,rule4ml,rule4ml/archive_1/2ed023f9ef036f1cf6698c523844b9e5.pt,41321.0,27454.626953125,1665.0,6586.36474609375,16.0,16.21388816833496,66.5,14.371920585632324,156.0,491.9127502441406,2.0,14.351729393005371
validation,312,conv1d,conv1d/archive_1/4ea66603-df81-4dd7-8d8e-e2a8e6826c26.pt,12676.0,10803.837890625,20151.0,14276.73828125,0.0,0.3033512532711029,9.0,4.386171340942383,57224.0,60144.1796875,57220.0,51152.125
validation,567,exemplar,exemplar/archive_1/9c51cef1-e8be-4066-85b1-e69bbe003acc.pt,62726.0,38223.55078125,2597.0,4109.93359375,0.0,0.9688698649406433,0.0,0.6456181406974792,82.0,55.95883560180664,1.0,1.147931694984436
validation,313,conv1d,conv1d/archive_1/57d2ba61-7869-4be1-8ca6-e7ea02662081.pt,14846.0,14473.4609375,23714.0,30088.673828125,0.0,0.25166067481040955,33.0,19.40153694152832,207775.0,661238.0625,207770.0,579786.125
validation,229,3layer,3layer/archive_1/624a019d-fbc7-45c8-9ca5-50725c8a7bba.pt,22791.0,24766.83203125,17440.0,18103.3828125,5.0,5.224501609802246,2.0,2.4271907806396484,4616.0,5739.23974609375,2304.0,2809.056640625
validation,650,rule4ml,rule4ml/archive_1/892e3cb2977e08682856275c6e9f79a8.pt,2297.0,7173.60888671875,925.0,3720.90380859375,0.0,3.1799280643463135,4.0,6.06032133102417,528.0,250.83299255371094,1.0,8.307352066040039
validation,380,dense_latency,dense_latency/archive_1/0ef69d9e-5b6e-4153-812b-e24a36a023a9.pt,401501.0,205624.609375,360052.0,75841.125,303.0,804.8989868164062,0.0,0.18144823610782623,320.0,79.13439178466797,64.0,7.946731090545654
validation,609,rule4ml,rule4ml/archive_1/129c32df20b34c6ccc3f009e7b092ba6.pt,20457.0,27558.30078125,32938.0,32075.328125,162.0,42.14842987060547,11.5,14.771871566772461,554.0,2598.583984375,64.0,366.61505126953125
validation,346,conv1d,conv1d/archive_1/e4ef5798-d9c1-482b-a52c-23ac2d119467.pt,16777.0,15063.88671875,24223.0,26070.1796875,1.0,0.5840901136398315,21.0,14.803335189819336,65524.0,284263.125,65522.0,293962.0625
validation,489,dense_resource,dense_resource/archive_1/b1bebdb4-d6ea-47bd-b1eb-1add0957e49b.pt,86375.0,121663.03125,126173.0,132131.328125,87.0,55.14528274536133,25.5,23.3906192779541,4365.0,5666.16162109375,512.0,902.5562133789062
validation,575,exemplar,exemplar/archive_1/b43c3d48-b63e-4826-8f80-4f21daca2b4f.pt,2911.0,3837.801025390625,2758.0,1515.7303466796875,5.0,12.395651817321777,14.0,1.6401238441467285,537.0,146.78260803222656,3.0,10.370294570922852
validation,240,3layer,3layer/archive_1/7964a722-8bad-4458-9c56-7a00af65391c.pt,19231.0,18763.904296875,15202.0,12356.4951171875,0.0,0.0,1.5,2.5577025413513184,2824.0,3271.57470703125,1600.0,1461.8170166015625
validation,302,conv1d,conv1d/archive_1/0ec1e366-7668-444d-a19d-784d1377df38.pt,12960.0,13441.517578125,17676.0,21581.97265625,0.0,0.0,8.5,8.278525352478027,112003.0,206077.3125,111998.0,198280.125
validation,511,exemplar,exemplar/archive_1/182f2870-c640-40ba-987d-d85d5a889c32.pt,1011.0,219.75926208496094,223.0,5.949976921081543,3.0,3.707292079925537,0.0,0.6595891714096069,28.0,23.677034378051758,1.0,0.0
validation,111,2layer,2layer/archive_4/220abe4b-c84a-4896-a433-d724e728e262.pt,20322.0,22349.85546875,12629.0,15243.6044921875,3.0,7.605552673339844,2.0,2.087857961654663,6661.0,5226.94384765625,3584.0,2856.62060546875
validation,614,rule4ml,rule4ml/archive_1/2339f65766415309a19973f60b56847d.pt,112903.0,245744.609375,75054.0,38553.4140625,220.0,565.5656127929688,185.0,411.4056701660156,1347.0,678.3988037109375,44.0,3.022366762161255
validation,109,2layer,2layer/archive_4/1b640b85-c8ec-43ef-b967-7dbad52c0efb.pt,16713.0,20903.955078125,12007.0,14085.455078125,3.0,6.144908905029297,1.5,1.9571117162704468,3877.0,4522.9765625,2112.0,2457.60205078125
validation,409,dense_latency,dense_latency/archive_1/719b1e74-8d1a-47ee-83d8-f2ec246a0690.pt,575736.0,467160.8125,348311.0,174584.265625,507.0,771.5556030273438,0.0,0.1393476277589798,264.0,102.15506744384766,37.0,16.822418212890625
validation,118,2layer,2layer/archive_4/29f2219a-82fd-4228-a36b-759c38419ed9.pt,28514.0,26553.24609375,15999.0,18534.853515625,9.0,9.586071014404297,1.0,2.452026605606079,3077.0,5366.408203125,1536.0,2612.57421875
validation,441,dense_latency,dense_latency/archive_1/f7736eb2-b054-42b3-b4a7-c0c273cb49b5.pt,153903.0,183609.1875,141865.0,83028.2421875,163.0,411.30615234375,0.0,0.34766289591789246,483.0,139.65478515625,90.0,13.496503829956055
validation,373,conv2d,conv2d/archive_5/cb130e06-49f3-4e4d-b671-a9e1523801e4.pt,32542.0,34078.1953125,81743.0,79712.6953125,4.0,3.2327656745910645,58.5,45.02630615234375,4393481.0,7170070.0,4393482.0,14672923.0
validation,267,3layer,3layer/archive_1/a6cff69c-f002-40ad-b566-887f80b5c700.pt,13496.0,18966.33203125,12291.0,13125.740234375,3.0,6.394886016845703,1.5,2.122303009033203,3464.0,3222.479248046875,1408.0,1693.19384765625
validation,604,rule4ml,rule4ml/archive_1/05da13b36f4552d8950a1fc2282e4c2a.pt,124854.0,138324.015625,90664.0,78933.0625,0.0,7.408871173858643,132.0,164.100830078125,596.0,663.526611328125,16.0,9.544025421142578
validation,257,3layer,3layer/archive_1/9517f6e1-f723-4613-9e00-2ef5a2d8fd54.pt,34098.0,28778.671875,26715.0,21449.150390625,0.0,0.09233984351158142,3.5,4.1207275390625,3112.0,6655.6357421875,1280.0,3091.56640625
validation,5,2layer,2layer/archive_1/0e501e7a-8a7e-4233-a38f-8c4299d1b20b.pt,4427.0,7418.16162109375,4642.0,4430.0625,2.0,3.3180770874023438,0.5,0.7645867466926575,1412.0,1212.3697509765625,1280.0,921.7477416992188
validation,14,2layer,2layer/archive_1/2b9c1f3d-10e2-4bd5-93e8-eca0d7865515.pt,14041.0,13849.5517578125,7795.0,8706.3291015625,4.0,4.215195655822754,1.0,1.3716861009597778,1349.0,2853.47216796875,960.0,1833.2010498046875
validation,225,3layer,3layer/archive_1/5514e90a-4b71-4043-b3c7-3afd065a4e80.pt,23014.0,34609.3203125,17830.0,25609.55078125,3.0,11.394123077392578,3.0,3.874628782272339,10952.0,6065.0595703125,4032.0,2616.6552734375
validation,203,3layer,3layer/archive_1/075ba7e2-686c-4d8c-8154-801a8c763333.pt,9233.0,15488.5751953125,8509.0,10242.541015625,3.0,4.845771789550781,1.5,1.7049858570098877,2632.0,2692.40380859375,1344.0,1601.1484375
validation,414,dense_latency,dense_latency/archive_1/777e4ee2-ce18-47a2-9f62-0061ca24e3b7.pt,213557.0,283299.40625,45661.0,85367.015625,689.0,588.73681640625,0.0,0.1421605497598648,20.0,73.7795639038086,1.0,5.324155807495117
validation,490,dense_resource,dense_resource/archive_1/bdd3f573-5d43-4db9-8af5-3a38c4a5b927.pt,61459.0,99478.09375,72094.0,115282.703125,18.0,62.533599853515625,12.0,15.896137237548828,5407.0,9500.3779296875,1024.0,1606.574951171875
validation,263,3layer,3layer/archive_1/9f8634e0-7887-4fe7-be4f-cfd2f7cf5fcf.pt,33333.0,26309.5390625,29236.0,19595.255859375,0.0,0.10480882972478867,2.5,3.646998882293701,7048.0,5827.4453125,3584.0,2635.514404296875
validation,58,2layer,2layer/archive_1/a77cb707-ea79-4f1c-b0be-3c48ad115929.pt,13875.0,17983.833984375,9757.0,12746.8916015625,6.0,2.778351306915283,1.0,1.871172547340393,2117.0,4789.65966796875,1152.0,2786.74462890625
validation,297,3layer,3layer/archive_1/f501929c-e089-4234-a2d4-b9b913c2eb87.pt,33835.0,27263.86328125,21852.0,18980.265625,7.0,9.60546875,2.5,2.4875738620758057,6296.0,5043.580078125,2880.0,2340.501708984375
validation,647,rule4ml,rule4ml/archive_1/833e9e718ff392ec5c7d7fd00a050c36.pt,72538.0,125833.34375,65725.0,77689.6640625,220.0,204.3977508544922,13.5,24.731611251831055,513.0,861.18017578125,24.0,58.103851318359375
validation,694,rule4ml,rule4ml/archive_1/ecf7f5a60f0ef8948e0f8b3c91eab2f1.pt,28241.0,40696.1171875,26303.0,35383.3125,292.0,96.07698059082031,72.5,176.93849182128906,1596.0,2008.0126953125,128.0,73.31592559814453
validation,222,3layer,3layer/archive_1/4f415d2a-8a37-4458-9923-fe4ae65d193c.pt,17298.0,23831.19140625,13192.0,16305.60546875,4.0,7.755854606628418,1.5,2.1649606227874756,3016.0,4187.08251953125,1280.0,1969.732666015625
validation,89,2layer,2layer/archive_1/e9c76293-9e6a-48f1-b378-168c5ecf7f81.pt,20626.0,21606.9140625,17042.0,17602.234375,0.0,0.5440592765808105,2.5,3.2458484172821045,6149.0,6127.07177734375,4096.0,3060.35009765625
validation,306,conv1d,conv1d/archive_1/292c10b3-fc48-446b-9b51-8926858f14a3.pt,18890.0,22952.625,35643.0,29716.2890625,2.0,2.10471248626709,20.0,11.083044052124023,91339.0,85942.5859375,91010.0,67363.09375
validation,175,2layer,2layer/archive_4/bffb7448-50ba-4fe9-baa8-a2259c234db6.pt,14641.0,17642.3359375,9455.0,11585.119140625,6.0,4.775381088256836,1.0,1.6784628629684448,2005.0,3840.152099609375,1120.0,2245.431396484375
validation,292,3layer,3layer/archive_1/e512b35b-2fc9-49ce-87f4-274643a853bd.pt,11232.0,18059.9765625,9899.0,12496.439453125,3.0,3.691375970840454,2.0,1.8411648273468018,4232.0,3808.55224609375,3584.0,2008.64404296875
validation,338,conv1d,conv1d/archive_1/c6b0f879-99bd-4d15-804c-ff576830a3d8.pt,18897.0,20600.51171875,26594.0,30353.806640625,4.0,2.7854864597320557,15.0,11.42447280883789,60799.0,136286.921875,60794.0,127158.15625
validation,92,2layer,2layer/archive_1/ee988277-dfbd-4069-b575-6ec269845314.pt,26093.0,24926.951171875,13706.0,17151.96875,5.0,9.41205883026123,1.5,2.2822957038879395,3525.0,5108.517578125,2240.0,2567.30322265625
validation,655,rule4ml,rule4ml/archive_1/99b3695d2b1e340b8efd8f0c8212ff55.pt,167691.0,334706.4375,95853.0,196520.875,196.0,664.5537719726562,38.5,260.9678039550781,482.0,853.4212646484375,10.0,26.338024139404297
validation,246,3layer,3layer/archive_1/88cf0a0e-91b2-4947-96d7-9eed8547d6cd.pt,20444.0,19850.791015625,17351.0,13557.49609375,0.0,0.0,1.5,2.6851577758789062,3144.0,3646.09716796875,1536.0,1645.5789794921875
validation,173,2layer,2layer/archive_4/bd8cc68c-5608-41bc-8a50-ee9ec4b789c6.pt,20724.0,22039.669921875,13838.0,15116.490234375,3.0,6.702141761779785,3.0,2.0814414024353027,8645.0,5129.69482421875,5184.0,2797.620849609375
validation,688,rule4ml,rule4ml/archive_1/e26a3bf49ed55e5953941ef0a49d31bc.pt,42948.0,32827.98046875,7189.0,13182.609375,0.0,1.4110643863677979,10.0,14.161828994750977,106.0,121.61544036865234,2.0,0.5456275939941406
validation,571,exemplar,exemplar/archive_1/a84153c9-baad-493e-b043-331117736a38.pt,26154.0,23496.03515625,11148.0,3008.482421875,128.0,31.884971618652344,7.0,6.732865810394287,285.0,118.10182189941406,5.0,1.3334286212921143
validation,13,2layer,2layer/archive_1/28f27352-4968-4846-8e24-fbf005003fc0.pt,21462.0,26762.5859375,14645.0,19565.09765625,3.0,8.221048355102539,3.0,2.6757636070251465,8965.0,6270.25927734375,5120.0,3076.42041015625
validation,514,exemplar,exemplar/archive_1/206dfc0c-9319-43c0-b4e3-b5bf034ef1bd.pt,5101.0,3654.140625,1837.0,388.85394287109375,2.0,4.572153091430664,1.0,0.9257655143737793,53.0,29.434648513793945,12.0,0.8498272895812988
validation,121,2layer,2layer/archive_4/2d1f70b7-423a-402f-ada9-942e9990e265.pt,12640.0,12483.490234375,10005.0,9054.1572265625,0.0,0.3899173140525818,2.5,1.6830034255981445,1989.0,3267.956298828125,1024.0,2315.8857421875
validation,169,2layer,2layer/archive_4/b6fdf1cc-22d3-4d4d-a8e7-f0dfb0a55d9a.pt,14998.0,15905.8818359375,10452.0,12095.830078125,0.0,0.1057002916932106,1.5,1.952368140220642,3333.0,4201.10888671875,2304.0,2303.264892578125
validation,435,dense_latency,dense_latency/archive_1/d9513d05-59c9-40bb-89f9-27cc59c7dd57.pt,87481.0,55555.9140625,17760.0,7476.037109375,0.0,0.0,0.0,0.15070003271102905,12.0,7.006869316101074,1.0,0.0
validation,136,2layer,2layer/archive_4/60145e93-68eb-4ab9-b2c1-288d589fd323.pt,15248.0,20240.517578125,13107.0,14562.91015625,2.0,3.3711764812469482,3.5,2.0870485305786133,4997.0,5489.58056640625,2496.0,3079.383056640625
validation,304,conv1d,conv1d/archive_1/1310c9b8-e9bd-48f6-836a-ed77b1e7cce5.pt,18695.0,21749.923828125,24444.0,26594.98828125,4.0,3.5105462074279785,3.0,5.024058818817139,41998.0,29773.080078125,41858.0,17782.42578125
validation,362,conv2d,conv2d/archive_5/6d484cfe-9973-4890-bf75-ebdd937c0244.pt,27583.0,23193.11328125,45013.0,44954.4609375,6.0,2.7267117500305176,9.5,17.325088500976562,471714.0,421768.09375,471715.0,392411.09375
validation,525,exemplar,exemplar/archive_1/371d50bf-1f3d-4d55-9d2d-9421bc2a01e2.pt,46584.0,28735.2578125,21444.0,12950.865234375,2108.0,1733.5888671875,2.0,1.6369233131408691,43.0,63.336944580078125,2.0,1.7465968132019043
validation,332,conv1d,conv1d/archive_1/ab687396-f457-491f-a39e-5e44dfc821b4.pt,36449.0,28423.63671875,66845.0,43574.5703125,3.0,4.5868659019470215,33.0,15.549327850341797,749635.0,210400.125,749630.0,167898.875
validation,322,conv1d,conv1d/archive_1/822f4255-a25c-40fb-866e-66e2fc9ccf23.pt,28298.0,27831.03515625,37521.0,47975.34375,6.0,2.9347760677337646,35.5,26.569734573364258,63271.0,840758.75,63259.0,1154550.875
validation,278,3layer,3layer/archive_1/c931f125-d81f-4ad7-8deb-3fedba17c28a.pt,24123.0,34139.44921875,17913.0,25287.33984375,4.0,11.457435607910156,2.5,3.732841968536377,8264.0,5940.89892578125,3840.0,2535.45654296875
validation,326,conv1d,conv1d/archive_1/8fbdc2ef-8f56-46d3-862e-db80e0fefbf0.pt,21990.0,18895.75390625,31084.0,22887.943359375,4.0,2.6836071014404297,5.0,7.299076080322266,118273.0,35280.40234375,118274.0,27493.904296875
validation,400,dense_latency,dense_latency/archive_1/5bb71433-861c-4cbd-8c20-ee520a96973a.pt,29024.0,53299.0625,6609.0,7518.79296875,0.0,0.0,0.0,0.0,15.0,8.621901512145996,1.0,0.09168700128793716
validation,83,2layer,2layer/archive_1/e0e762b2-c042-40d5-81ff-9562e708adc1.pt,17861.0,29259.97265625,13232.0,21992.69921875,3.0,8.09451675415039,1.5,3.0652408599853516,4229.0,5959.048828125,2688.0,2681.120361328125
validation,207,3layer,3layer/archive_1/182b1883-c1ef-4e91-b811-6a3d11a6d43f.pt,51765.0,35639.37890625,27772.0,24615.111328125,29.0,14.674349784851074,15.5,3.4646546840667725,2712.0,5982.8203125,1040.0,2701.970947265625
validation,237,3layer,3layer/archive_1/6b3300f7-a118-4317-90b2-2bdf83c010d0.pt,30420.0,28742.876953125,24510.0,21213.283203125,0.0,0.08706814050674438,4.0,4.208658218383789,12232.0,7281.84033203125,4608.0,3536.92333984375
validation,325,conv1d,conv1d/archive_1/8b104884-e27d-48de-b14c-f164c3e20238.pt,18791.0,22148.01953125,30776.0,37218.4453125,3.0,2.2578625679016113,18.0,13.179237365722656,67864.0,478573.65625,67862.0,561217.4375
validation,629,rule4ml,rule4ml/archive_1/4617b43ecf0a73ed1c1303eabb7161c4.pt,75753.0,107509.5546875,72484.0,77562.921875,20.0,80.37187957763672,245.0,62.77183151245117,1091.0,796.469970703125,32.0,42.27101516723633
validation,601,exemplar,exemplar/archive_1/f7965c2f-28df-4155-9306-bfef8953a6be.pt,3057.0,3987.814208984375,2828.0,2542.740966796875,3.0,5.991933345794678,2.0,1.3061017990112305,2630.0,798.1723022460938,1024.0,158.8258514404297
validation,341,conv1d,conv1d/archive_1/d48d454a-eb04-4e3b-93c4-e02d3fd15b5a.pt,16381.0,19057.91796875,23240.0,24399.91796875,4.0,2.688650369644165,4.5,6.65623664855957,98177.0,42924.53125,98178.0,31007.19140625
validation,643,rule4ml,rule4ml/archive_1/72287c9cac676de50d6937c1591c013c.pt,90974.0,16916.583984375,43278.0,16190.8857421875,220.0,106.70588684082031,6.0,18.414447784423828,1175.0,1520.0179443359375,393.0,150.58221435546875
validation,320,conv1d,conv1d/archive_1/79d43e81-55cb-41d8-8da5-72ce41fcafad.pt,9214.0,8898.0556640625,16851.0,13596.291015625,0.0,0.155929297208786,3.0,5.0605363845825195,78337.0,124038.5078125,78338.0,123934.6875
validation,281,3layer,3layer/archive_1/ce352bfc-bbec-4951-8281-f01f2aef7e78.pt,33612.0,30335.806640625,25132.0,22077.474609375,18.0,8.215689659118652,31.5,3.071800470352173,2952.0,6234.29296875,1152.0,2944.6640625
validation,618,rule4ml,rule4ml/archive_1/292067c07a79c665aceef846ceef1a69.pt,100240.0,168125.28125,43218.0,27895.794921875,344.0,294.8548278808594,125.0,250.55575561523438,441.0,691.0772705078125,131.0,3.7600486278533936
validation,323,conv1d,conv1d/archive_1/82b35702-e1ac-446c-aabc-45ec3ed80610.pt,20175.0,17261.658203125,25687.0,18484.490234375,3.0,1.4835883378982544,12.0,6.08122444152832,49919.0,58388.90625,49914.0,63942.1796875
validation,446,dense_resource,dense_resource/archive_1/04992afb-8679-4a99-a73d-137e6710a4d2.pt,23354.0,55590.68359375,40234.0,43005.66015625,10.0,32.380680084228516,4.5,5.204369068145752,2162.0,2726.6474609375,512.0,584.2183227539062
validation,96,2layer,2layer/archive_1/f8730447-91f8-4ba9-8e61-8f68f3e2bcf2.pt,17442.0,20185.845703125,12252.0,14443.0556640625,3.0,4.527444839477539,4.0,2.125382423400879,6245.0,5047.9931640625,3840.0,2853.07470703125
validation,572,exemplar,exemplar/archive_1/ab107bcf-9e12-42e0-9b1a-bf08d137f970.pt,61095.0,38223.44140625,5272.0,4109.921875,0.0,0.9688548445701599,0.0,0.645613431930542,98.0,55.958892822265625,19.0,1.1479419469833374
validation,558,exemplar,exemplar/archive_1/933de88a-1fe8-4497-b8cf-66fe9146b0e0.pt,10507.0,25679.84375,6645.0,8260.7529296875,0.0,1.0233107805252075,0.0,0.015989789739251137,94.0,210.18994140625,1.0,22.754375457763672
validation,264,3layer,3layer/archive_1/a0fa580f-3e1a-40e8-9e84-ff74191b77f5.pt,4933.0,11481.916015625,6130.0,7005.845703125,3.0,4.5977911949157715,0.5,1.1718944311141968,1158.0,1707.7325439453125,1024.0,1026.2650146484375
validation,170,2layer,2layer/archive_4/b98ee90d-28b3-47a6-ba04-6aa03f4bb903.pt,11462.0,13268.5849609375,10252.0,9461.4404296875,0.0,0.0,1.0,1.5737853050231934,1413.0,2875.635009765625,704.0,1580.751708984375
test,588,exemplar,exemplar/archive_1/d624f608-06d4-4b6b-b0a4-1fd09b11f9a5.pt,57420.0,38223.515625,8222.0,4109.92578125,0.0,0.9688694477081299,0.0,0.645616888999939,96.0,55.95883560180664,17.0,1.1479347944259644
test,75,2layer,2layer/archive_1/cdc76d86-77ef-49e1-b7a6-15f49931bcff.pt,19415.0,17988.345703125,13455.0,12493.28125,12.0,4.099278926849365,7.0,1.9207683801651,2053.0,4279.59326171875,1152.0,2540.0009765625
test,408,dense_latency,dense_latency/archive_1/70e760e8-e3c0-402f-a5ba-4876fa9c460c.pt,360749.0,411287.28125,326020.0,226145.546875,279.0,466.1722412109375,0.0,0.23990893363952637,731.0,144.03048706054688,93.0,23.587766647338867
test,485,dense_resource,dense_resource/archive_1/a6570df3-719e-4db4-9750-b3ac3b7b999f.pt,79397.0,169297.578125,31531.0,92662.28125,844.0,829.5921630859375,0.0,0.5698146224021912,91.0,231.34915161132812,64.0,26.842220306396484
test,394,dense_latency,dense_latency/archive_1/309a8f6e-dd3c-47ec-8d59-3d1ae4c0c9bd.pt,122409.0,214079.0,79042.0,52004.26953125,152.0,2095.280029296875,0.0,0.0,178.0,51.729217529296875,40.0,4.14439582824707
test,673,rule4ml,rule4ml/archive_1/c8b43e229f04b218773593f2a9ee42e6.pt,12176.0,23944.830078125,8702.0,16692.2265625,149.0,122.3127670288086,17.0,16.52394676208496,308.0,436.31640625,64.0,16.845714569091797
test,577,exemplar,exemplar/archive_1/b85933b6-f63c-4af0-aa76-bbf3f5b74598.pt,64713.0,30090.166015625,48949.0,11183.0791015625,10.0,112.43470764160156,2.0,1.710710048675537,2239.0,177.4820098876953,1715.0,12.988106727600098
test,49,2layer,2layer/archive_1/8cd79506-22df-4683-8c96-7de460d9fb65.pt,23843.0,19305.634765625,14986.0,13343.6884765625,13.0,4.598681926727295,11.0,1.9441328048706055,2149.0,4792.67138671875,1120.0,2735.04052734375
test,536,exemplar,exemplar/archive_1/4fe50b78-f06b-4441-a458-1445bd2d983a.pt,7423.0,9919.6572265625,9003.0,6619.328125,5.0,6.821812152862549,3.0,1.9789538383483887,2760.0,283.9800109863281,1024.0,42.898040771484375
test,265,3layer,3layer/archive_1/a146ffd8-d0fb-4953-8ca8-21c83df1b404.pt,15402.0,21736.46484375,13427.0,14649.80859375,3.0,6.472248077392578,1.5,1.9851197004318237,3848.0,3811.947021484375,1536.0,1852.4324951171875
test,358,conv2d,conv2d/archive_5/4be4148b-06fb-4cf2-9dc5-45dfce3a4d19.pt,28547.0,24246.9296875,48069.0,49617.3359375,2.0,1.8006751537322998,17.0,28.96548843383789,362922.0,1652320.5,362914.0,2199318.75
test,545,exemplar,exemplar/archive_1/74923cb9-abeb-4329-bb34-2e0714e33867.pt,7563.0,9258.30859375,2302.0,3854.55712890625,2.0,22.37247657775879,1.0,0.9318026304244995,26.0,35.75151062011719,2.0,1.6465239524841309
test,227,3layer,3layer/archive_1/60400566-0320-4650-8ed8-c6ab80a4a20b.pt,37890.0,30828.033203125,28069.0,22589.73828125,0.0,0.07894351333379745,6.5,4.588734149932861,8808.0,7933.13427734375,3840.0,3896.063720703125
test,321,conv1d,conv1d/archive_1/7f409ca1-f40e-482c-baa0-62bc58562519.pt,27757.0,20058.265625,42719.0,25291.19921875,2.0,1.907753825187683,13.0,9.09017562866211,39361.0,79231.875,39362.0,68687.4765625
test,260,3layer,3layer/archive_1/9b0d6a8f-81b2-47f8-bf8f-b6e5281842b1.pt,43245.0,43971.82421875,28867.0,31956.4296875,8.0,18.74609375,3.5,5.08425760269165,11336.0,7076.59765625,4320.0,3044.741455078125
test,87,2layer,2layer/archive_1/e612f56a-7104-4924-8a8d-91698f555f92.pt,21202.0,20006.109375,14883.0,15716.75390625,0.0,1.240999460220337,2.0,2.3391873836517334,4613.0,4422.0703125,2304.0,2135.53515625
test,456,dense_resource,dense_resource/archive_1/28bf2b90-bd65-4827-939f-f6c713a11f12.pt,61361.0,87479.6015625,91795.0,106679.921875,0.0,0.0,8.0,12.339469909667969,6174.0,8155.83740234375,1024.0,2205.425537109375
test,145,2layer,2layer/archive_4/73b225d6-eff8-4366-bea4-a1fab96633b9.pt,15849.0,16186.6865234375,12785.0,12566.6689453125,0.0,0.358872652053833,2.0,2.2119734287261963,6149.0,4710.99072265625,3840.0,2853.33740234375
test,623,rule4ml,rule4ml/archive_1/3219ffd8661622e8c83c7ceec7993204.pt,19634.0,3792.498779296875,2173.0,2778.076416015625,0.0,1.0752391815185547,0.0,1.4713411331176758,1246.0,56.89565658569336,1.0,4.290600299835205
test,590,exemplar,exemplar/archive_1/dd09668d-3c30-4aad-9f96-919ce4bedbf0.pt,52892.0,30361.162109375,32809.0,11215.080078125,24.0,113.92633056640625,1.0,1.7237569093704224,397.0,174.8500213623047,99.0,12.663003921508789
test,133,2layer,2layer/archive_4/4de344e0-1230-49ed-9adb-3ae1b5501676.pt,23430.0,22440.7578125,17058.0,17840.318359375,0.0,1.5437231063842773,13.0,2.577190637588501,2053.0,4639.0927734375,1152.0,2068.9873046875
test,676,rule4ml,rule4ml/archive_1/ceaf187db294f8a933fe3ad3a817e3ff.pt,589.0,5347.7470703125,586.0,3720.296875,0.0,2.822744369506836,6.0,0.8449676632881165,188.0,305.55804443359375,76.0,59.90584945678711
test,616,rule4ml,rule4ml/archive_1/27fc52564c8f3aac49a1ded5c450c255.pt,67141.0,68254.34375,4624.0,25666.205078125,2122.0,327.3692932128906,10.0,19.08907127380371,535.0,254.445556640625,2.0,8.668802261352539
test,657,rule4ml,rule4ml/archive_1/9f4aa5283477144a0d0cf869e8d72889.pt,357796.0,102610.1640625,106967.0,73238.375,220.0,925.8077392578125,20.0,26.75676727294922,1278.0,2861.25732421875,322.0,181.4193115234375
test,4,2layer,2layer/archive_1/0ceedcf7-5069-43e5-b761-a592699392fc.pt,21806.0,28785.78125,17005.0,21267.59375,3.0,8.515983581542969,2.0,2.956979990005493,6149.0,6582.60302734375,4096.0,3153.8251953125
test,369,conv2d,conv2d/archive_5/a54d99e9-5fdd-4a9c-a0ba-d16152a060fe.pt,37633.0,29309.044921875,92317.0,79556.78125,4.0,4.137612342834473,44.0,65.4329833984375,6681113.0,3825890.0,6681103.0,4732131.0
test,318,conv1d,conv1d/archive_1/6adb216d-3204-4aad-adbb-b9205c614931.pt,31452.0,27615.4453125,44279.0,41903.6953125,4.0,2.9838099479675293,13.5,17.623722076416016,55553.0,178965.4375,55554.0,146321.171875
test,472,dense_resource,dense_resource/archive_1/6f583435-646c-4724-99fc-6138529c26df.pt,989554.0,834682.25,341835.0,390886.8125,11515.0,5971.07080078125,0.0,0.2650536894798279,348.0,217.64601135253906,128.0,31.812864303588867
test,314,conv1d,conv1d/archive_1/5da7ea13-8e23-4774-b18c-08eb313c1bca.pt,28800.0,25350.4375,47150.0,36145.921875,5.0,2.54815936088562,7.0,9.7162504196167,91777.0,85778.8125,91778.0,62963.4375
test,508,exemplar,exemplar/archive_1/1096f607-c024-4e57-a794-4bf4d2886e54.pt,6411.0,12793.771484375,1850.0,3851.249267578125,421.0,33.344642639160156,1.0,0.9928328990936279,25.0,101.95771789550781,1.0,11.259126663208008
test,608,rule4ml,rule4ml/archive_1/0ee4c8dcd8015f1b089d2ca174605fab.pt,1361.0,6996.236328125,79.0,956.1793212890625,16.0,35.23255920410156,16.0,21.33375358581543,53.0,377.28033447265625,1.0,3.2895426750183105
test,682,rule4ml,rule4ml/archive_1/da198146f82ac67e875c643dc300fa52.pt,145209.0,66158.1328125,43350.0,18133.84765625,220.0,52.1718635559082,23.0,50.00634765625,1463.0,795.9647827148438,429.0,15.027107238769531
test,383,dense_latency,dense_latency/archive_1/141cccfe-4a6b-4af0-891c-de5382802c9d.pt,112883.0,81483.5234375,22675.0,17316.978515625,0.0,0.0,0.0,0.30671659111976624,22.0,16.371305465698242,1.0,1.3484946489334106
test,279,3layer,3layer/archive_1/cac2ba37-2e08-4ee6-a30f-40100774fba2.pt,16528.0,22243.63671875,13620.0,15978.408203125,3.0,7.186625957489014,2.5,2.432657241821289,6664.0,4022.6083984375,3136.0,1958.5704345703125
test,569,exemplar,exemplar/archive_1/a7ab27fb-bd8e-4dfb-bc4f-fc37b71e548c.pt,2769.0,3173.091064453125,1763.0,1179.5714111328125,3.0,10.825756072998047,0.0,1.4251141548156738,35.0,121.19513702392578,2.0,9.070605278015137
test,662,rule4ml,rule4ml/archive_1/ae8c28f0db94657ba95ea66e19b4b47f.pt,233429.0,486850.5625,14414.0,203106.34375,6840.0,861.4231567382812,218.5,142.244140625,417.0,494.5564880371094,6.0,13.205975532531738
test,554,exemplar,exemplar/archive_1/8c5001d5-58f2-49e9-a6bb-2ae23830866f.pt,25884.0,23496.03515625,14460.0,3008.470947265625,128.0,31.885175704956055,6.0,6.732878684997559,292.0,118.10124969482422,12.0,1.3334040641784668
test,595,exemplar,exemplar/archive_1/e7919f10-29bd-4777-b4cc-29dbe353cd1c.pt,35600.0,35233.0625,1624.0,13617.625,2091.0,147.93450927734375,2.0,1.9016145467758179,32.0,194.04208374023438,1.0,13.268133163452148
test,387,dense_latency,dense_latency/archive_1/16e51304-7de9-4fd9-9d2c-2f48c1c4cd2e.pt,111346.0,254947.359375,31586.0,85887.609375,7065.0,1079.96875,0.0,0.0,13.0,51.88035583496094,1.0,3.886104106903076
test,198,2layer,2layer/archive_4/f9508ba8-fd50-4b6c-a1f4-9938fd3cd52e.pt,15697.0,18207.099609375,9521.0,12953.0517578125,2.0,2.8760225772857666,3.0,1.8968747854232788,5125.0,5102.22119140625,3584.0,3007.4091796875
test,611,rule4ml,rule4ml/archive_1/19dfe9941ff8fab662a5f9ec1766698c.pt,5398.0,11985.9736328125,1210.0,2288.024169921875,220.0,52.631404876708984,26.5,40.137176513671875,70.0,714.1065673828125,1.0,6.6213202476501465
test,79,2layer,2layer/archive_1/d5f6dd7d-5420-46fb-8243-41eeba6486f8.pt,18420.0,21147.26953125,11347.0,14337.03515625,3.0,6.213665962219238,1.5,1.9900912046432495,4101.0,4727.04248046875,3072.0,2582.171875
test,253,3layer,3layer/archive_1/92d982a4-b98e-4746-bdec-60cb53775183.pt,21093.0,22509.11328125,14828.0,16113.19921875,9.0,7.804379940032959,2.0,2.4792189598083496,2568.0,3803.407470703125,896.0,1807.6986083984375
test,25,2layer,2layer/archive_1/5d915154-8f71-42a7-b1ac-cca37cbedb94.pt,16030.0,15893.083984375,10242.0,12106.5283203125,0.0,0.10605426132678986,1.5,1.9439127445220947,3653.0,4159.62548828125,2496.0,2268.09765625
test,226,3layer,3layer/archive_1/5d7e469b-eeed-42a6-bd65-4408d145e423.pt,20725.0,19805.576171875,17067.0,12306.123046875,0.0,0.0,1.5,2.8976831436157227,3176.0,3442.70556640625,1152.0,1513.42431640625
test,78,2layer,2layer/archive_1/d5ddcdb0-db1a-4a4c-aed8-d332ebcb60dc.pt,15967.0,19393.4765625,10615.0,13542.8662109375,3.0,4.441904544830322,2.0,1.971617579460144,4485.0,5117.45263671875,2240.0,2963.41015625
test,486,dense_resource,dense_resource/archive_1/a9339957-f6c4-4a41-9926-698815c52521.pt,43117.0,71282.9921875,51240.0,74704.4765625,13.0,38.09192657470703,9.0,10.843744277954102,4633.0,7873.455078125,1024.0,1682.525146484375
test,665,rule4ml,rule4ml/archive_1/b7f8ba9933ca67bf4e89522e4957ce7d.pt,7129.0,29494.8984375,6713.0,27834.5390625,16.0,4.844013214111328,41.0,9.946157455444336,921.0,3655.120361328125,64.0,710.3597412109375
test,128,2layer,2layer/archive_4/40b87615-d3ca-4643-8e6d-4fd8015a62d3.pt,28419.0,25787.3125,19667.0,19139.630859375,18.0,5.326928615570068,36.0,2.5646448135375977,2309.0,6561.640625,1280.0,3315.07421875
test,91,2layer,2layer/archive_1/ecfce556-484f-4093-a80c-893fda981e41.pt,22052.0,21430.58203125,13102.0,14644.751953125,4.0,6.2217912673950195,2.0,2.0319766998291016,5381.0,5065.51708984375,2912.0,2803.4775390625
test,166,2layer,2layer/archive_4/b1d03c7e-d89d-4fd8-be2f-cf7d8f42c09f.pt,16860.0,17082.033203125,16209.0,13390.169921875,0.0,0.4163842797279358,4.0,2.2953548431396484,5621.0,4875.787109375,3120.0,2827.3876953125
test,695,rule4ml,rule4ml/archive_1/ed8331280ac6ef5ef8886e15cb23dbff.pt,9909.0,23966.80859375,10886.0,19768.908203125,256.0,34.36359405517578,13.0,53.72064971923828,1735.0,1764.0411376953125,128.0,108.60774230957031
test,443,dense_latency,dense_latency/archive_1/fab12994-57e1-4bf9-a633-2e4227bf709f.pt,216252.0,252712.328125,112076.0,76892.4140625,369.0,554.95361328125,0.0,0.10749251395463943,109.0,72.98970794677734,20.0,5.921020030975342
test,696,rule4ml,rule4ml/archive_1/edf45bed20966df7915e58611489b673.pt,56049.0,252250.5,35927.0,18606.56640625,278.0,173.33575439453125,51.0,384.0791015625,364.0,331.75323486328125,131.0,0.6068183183670044
test,165,2layer,2layer/archive_4/af960ca5-f91f-4dd1-ba82-82754184eb50.pt,12146.0,14704.0087890625,9504.0,9261.541015625,4.0,4.733391761779785,1.0,1.4260036945343018,1541.0,3120.208984375,960.0,1980.819580078125
test,410,dense_latency,dense_latency/archive_1/71fd7aec-e295-42eb-aadc-bccd0fd8383b.pt,267886.0,393795.9375,245003.0,209047.265625,370.0,616.7115478515625,0.0,0.35229527950286865,500.0,144.90231323242188,63.0,21.53626251220703
test,661,rule4ml,rule4ml/archive_1/ae7a6579cad57eb5a2308f2aeeee7e59.pt,7154.0,5749.57373046875,2020.0,808.9970092773438,376.0,16.682147979736328,4.0,9.418510437011719,1040.0,259.5966796875,1.0,3.1999192237854004
test,219,3layer,3layer/archive_1/3b5cd565-d5da-4419-88f2-ef865cf76e55.pt,26052.0,33148.25,19470.0,24546.728515625,4.0,10.999170303344727,3.5,3.611212730407715,8648.0,5703.3642578125,4224.0,2422.5546875
test,371,conv2d,conv2d/archive_5/c1aa587e-b84b-4c3d-bd11-fe87af364cc1.pt,29339.0,27006.11328125,43175.0,40905.734375,3.0,2.538698673248291,13.0,13.528914451599121,134091.0,234448.15625,134092.0,228330.625
test,317,conv1d,conv1d/archive_1/652e0143-09a7-4bb0-afe0-afe109e97397.pt,13058.0,13593.697265625,20150.0,26211.23828125,0.0,0.13707585632801056,22.5,11.994009017944336,382015.0,311802.75,382010.0,258650.234375
test,122,2layer,2layer/archive_4/2d90eec0-a5c9-4742-ba64-f07c9a80c1bc.pt,23847.0,24469.875,15286.0,17684.736328125,5.0,6.82996940612793,2.0,2.398678779602051,6149.0,6066.673828125,3456.0,3123.18701171875
test,513,exemplar,exemplar/archive_1/1d3a9271-bb21-46f7-a928-48272ce7193f.pt,21678.0,26439.078125,36597.0,18707.349609375,128.0,22.61402702331543,6.0,4.678803443908691,2905.0,497.2550048828125,1024.0,52.699615478515625
test,512,exemplar,exemplar/archive_1/1c3965f8-aac2-4e66-ae41-f24c4f7586e5.pt,37957.0,35232.9609375,9537.0,13617.599609375,2147.0,147.93301391601562,2.0,1.9016138315200806,40.0,194.04263305664062,1.0,13.268218040466309
test,249,3layer,3layer/archive_1/8e01aed5-f7bb-4f4f-9deb-ebd98ebb0e25.pt,31894.0,24906.0625,24472.0,18381.6640625,0.0,0.07380493730306625,3.5,3.38535213470459,2808.0,5063.59423828125,1056.0,2212.06591796875
test,191,2layer,2layer/archive_4/e45b7645-39d0-4cd5-83d9-2306a1618dc4.pt,23966.0,24792.0234375,18168.0,19570.603515625,0.0,0.4075019061565399,2.5,3.3917860984802246,8165.0,7088.26416015625,4800.0,3534.380126953125
test,534,exemplar,exemplar/archive_1/4d551fc6-7a68-4f90-a6b9-4c483baed59e.pt,5013.0,9020.6865234375,4684.0,4898.52197265625,128.0,45.07139587402344,0.0,4.216994762420654,409.0,220.15521240234375,64.0,12.110771179199219
test,194,2layer,2layer/archive_4/f35de9aa-a9a5-4b32-a751-baaac69b21b7.pt,19147.0,19690.837890625,11775.0,14163.412109375,4.0,3.221569538116455,1.5,2.0424418449401855,4229.0,5586.2607421875,2688.0,3211.67041015625
test,375,conv2d,conv2d/archive_5/ccdf54d4-0d2d-46ae-bc56-4b6e00b3e719.pt,20703.0,15762.2080078125,35832.0,32364.509765625,0.0,0.09846321493387222,16.0,17.097795486450195,81793.0,1066275.75,81794.0,1292392.125
test,242,3layer,3layer/archive_1/7dff1db2-d16a-4a01-829b-05b72a41623c.pt,28802.0,31821.306640625,20556.0,22021.265625,4.0,11.77568244934082,3.0,2.9942212104797363,10824.0,5984.453125,3840.0,2838.318115234375
test,600,exemplar,exemplar/archive_1/f47f94f0-87d1-4681-9dcc-02c2cb74fd5a.pt,2236.0,4693.3720703125,145.0,193.96824645996094,0.0,0.15305306017398834,0.0,0.08689424395561218,78.0,31.85215187072754,1.0,0.0
test,196,2layer,2layer/archive_4/f38e0607-3c61-4bff-a1d4-4e33d78a6d96.pt,12591.0,12821.03515625,7529.0,7984.13720703125,2.0,3.937272548675537,2.0,1.289015531539917,2437.0,2612.51806640625,1792.0,1725.755615234375
test,174,2layer,2layer/archive_4/bdceb934-f44d-47a5-a407-bba9907dde42.pt,13311.0,19056.537109375,8418.0,13649.794921875,2.0,3.036322593688965,1.5,1.982068419456482,4165.0,5286.1025390625,3520.0,3050.396240234375
test,231,3layer,3layer/archive_1/63d4fad7-8812-48d5-a578-5b50d2a30cdf.pt,27682.0,27950.068359375,20225.0,20514.7734375,0.0,0.06048621982336044,3.0,4.034353256225586,9096.0,6574.0947265625,5120.0,3069.560546875
test,391,dense_latency,dense_latency/archive_1/2316f7de-6f40-40fe-aae5-912d79aa3392.pt,91692.0,73701.3828125,19657.0,10120.439453125,0.0,0.0,0.0,0.0,18.0,6.593352317810059,2.0,0.0
test,205,3layer,3layer/archive_1/10b8ac65-a964-40e6-8f30-41adea71d012.pt,27864.0,22649.55859375,21385.0,16379.1259765625,0.0,0.030341867357492447,1.5,3.0458266735076904,2920.0,4451.40771484375,1152.0,1971.970458984375
test,412,dense_latency,dense_latency/archive_1/753dcd91-1b2e-4e80-afe2-007070901f58.pt,144513.0,145806.046875,129680.0,40509.9765625,156.0,716.9978637695312,0.0,0.0,355.0,30.44220542907715,93.0,2.884821891784668
test,457,dense_resource,dense_resource/archive_1/2ab8f8ef-d082-44ac-90f7-1af1a99772b1.pt,61538.0,90192.2578125,96408.0,103368.8046875,24.0,31.291404724121094,15.5,18.00728416442871,6377.0,5263.52197265625,1024.0,747.6301879882812
test,139,2layer,2layer/archive_4/661fb06b-cdc2-4f35-a7ab-be824572c53f.pt,13223.0,17703.72265625,10283.0,12356.4833984375,2.0,3.889232873916626,2.0,1.9083868265151978,6149.0,4478.7431640625,3584.0,2722.57958984375
test,538,exemplar,exemplar/archive_1/568fa7df-b876-4e31-bcb8-7dd7426d9616.pt,3194.0,4423.4921875,2900.0,2895.285400390625,5.0,6.068639755249023,2.0,1.4723358154296875,2765.0,913.982421875,1024.0,176.89260864257812
test,295,3layer,3layer/archive_1/eb17e028-36dd-4c2b-b465-b14e59f7e3a2.pt,38958.0,32358.4296875,26824.0,22344.8671875,6.0,12.640497207641602,2.5,3.0306828022003174,7912.0,5694.4931640625,3584.0,2622.745849609375
test,605,rule4ml,rule4ml/archive_1/06c168b45dc8eaa94acbd977714bcbbe.pt,5299.0,3591.34912109375,3049.0,1034.9288330078125,62.0,33.331382751464844,64.5,38.39556121826172,1134.0,989.802978515625,2.0,4.411078453063965
test,56,2layer,2layer/archive_1/a59b4b07-6993-4976-b67b-a732f5c95ca7.pt,29843.0,27213.6484375,21858.0,20224.0,7.0,5.69786262512207,2.0,2.7690927982330322,8197.0,7458.03271484375,4096.0,3948.206787109375
test,377,conv2d,conv2d/archive_5/e10a6204-d6cc-48b5-8318-3abf66d6a48e.pt,52826.0,30418.11328125,69918.0,52140.44140625,7.0,6.423807621002197,39.0,16.253662109375,61257.0,373402.8125,61258.0,358160.8125
test,221,3layer,3layer/archive_1/455ccffa-dd1e-4bc9-8a7a-c95ccd8a8ce0.pt,38615.0,31105.228515625,28786.0,23237.21875,0.0,0.15863148868083954,4.0,4.576292514801025,13288.0,8325.1689453125,5120.0,4167.61279296875
test,445,dense_resource,dense_resource/archive_1/024063f6-75d8-4f1a-8bb9-ae3c65538458.pt,103948.0,104432.4140625,145619.0,137517.0625,104.0,47.71152877807617,29.0,21.32275390625,3914.0,6834.7060546875,512.0,964.7695922851562
test,345,conv1d,conv1d/archive_1/e0907ed3-830b-430f-bd06-24ca8f73cd31.pt,15798.0,15038.7802734375,23074.0,20153.56640625,3.0,1.1986207962036133,5.0,6.1844916343688965,114433.0,92257.1875,114434.0,87419.96875
test,202,3layer,3layer/archive_1/06a6c3b5-8ae3-46e9-b9b3-32894180783f.pt,34160.0,28320.41015625,23655.0,19719.158203125,8.0,9.807452201843262,1.5,2.5908544063568115,5768.0,5089.287109375,2048.0,2329.4853515625
test,44,2layer,2layer/archive_1/81e31826-4f38-42ec-8aae-9e3908ec1dee.pt,20311.0,28622.1328125,14067.0,21064.880859375,3.0,8.52529239654541,2.0,2.946699380874634,6149.0,6536.9033203125,3072.0,3147.43798828125
test,280,3layer,3layer/archive_1/cb7b829c-bc2d-43e5-9f7d-9738167b8396.pt,27547.0,38484.42578125,19600.0,28268.30078125,4.0,14.654701232910156,4.0,4.311447620391846,8776.0,6208.24267578125,4032.0,2599.865966796875
test,578,exemplar,exemplar/archive_1/bb07fdf6-0145-43fa-b254-ae7790bd0390.pt,5228.0,3654.140625,897.0,388.8533935546875,2.0,4.572152614593506,1.0,0.9257627725601196,24.0,29.4345760345459,1.0,0.8498246669769287
test,426,dense_latency,dense_latency/archive_1/be152b4e-03af-4473-87e2-1b4a380b94a5.pt,153510.0,113352.609375,33273.0,24096.1640625,0.0,0.0,0.0,0.0,27.0,15.849135398864746,2.0,1.578896164894104
test,656,rule4ml,rule4ml/archive_1/9b2d1418ee1af29776395ac2df174d2e.pt,7723.0,13358.2939453125,4543.0,10090.8203125,0.0,4.598394393920898,22.0,2.2940940856933594,169.0,439.0384521484375,32.0,75.17893981933594
test,470,dense_resource,dense_resource/archive_1/60a8d365-6cf8-4bab-936d-c14405792b5b.pt,35066.0,47656.40625,50321.0,47448.4765625,0.0,0.0,6.5,6.187561988830566,2363.0,3500.74755859375,512.0,870.9224243164062
test,299,3layer,3layer/archive_1/ffdcecc5-d14c-43be-b3c4-2857c53c08f1.pt,15840.0,21376.3046875,11860.0,15065.4677734375,3.0,7.649415016174316,1.5,2.3389205932617188,2248.0,3579.18017578125,1152.0,1752.944580078125
test,631,rule4ml,rule4ml/archive_1/487280a0e2a06da5d10cef9adbd5fbb4.pt,12968.0,16036.7578125,382.0,1314.318603515625,0.0,0.3466704487800598,2.0,16.400848388671875,534.0,85.374755859375,6.0,0.2194669544696808
test,85,2layer,2layer/archive_1/e2d32045-fe85-41fa-87fd-34469cfd2b33.pt,17230.0,15609.2275390625,12142.0,10583.3203125,4.0,3.3876712322235107,2.0,1.7144229412078857,3845.0,3719.065673828125,1920.0,2381.17041015625
test,366,conv2d,conv2d/archive_5/8fac9f39-8d87-49ef-99fb-6909c6dbd361.pt,23097.0,20208.537109375,33023.0,50699.9609375,4.0,2.912437915802002,20.0,26.256717681884766,484463.0,3964891.75,484464.0,6416956.5
test,388,dense_latency,dense_latency/archive_1/16fff3d4-afd3-4400-abf5-b01c877da50d.pt,103870.0,229412.8125,31562.0,109737.234375,6425.0,444.3545837402344,0.0,0.43032824993133545,17.0,147.36532592773438,1.0,16.753015518188477
test,46,2layer,2layer/archive_1/88f4bd06-8e7c-46a5-87d9-f0663989f0e9.pt,15462.0,16629.603515625,13173.0,13037.4189453125,0.0,0.38219428062438965,2.5,2.2646713256835938,7621.0,5161.189453125,4032.0,3120.67919921875
test,88,2layer,2layer/archive_1/e71cebc8-9c8d-4db4-af21-b5ffd3e7d1e9.pt,6342.0,11158.7451171875,6039.0,6887.30078125,2.0,3.5124573707580566,1.0,1.1512812376022339,2501.0,2185.63427734375,1920.0,1504.2666015625
test,543,exemplar,exemplar/archive_1/6f78ee34-8249-459a-900a-d8aee5f203ad.pt,44213.0,28735.009765625,10168.0,12950.779296875,2107.0,1733.55078125,2.0,1.6369121074676514,36.0,63.337066650390625,1.0,1.7466177940368652
test,503,exemplar,exemplar/archive_1/08ceef03-f529-483b-9de4-b4b67e848d56.pt,6595.0,7906.6728515625,8049.0,4938.22119140625,6.0,33.95216369628906,1.0,1.5930101871490479,525.0,133.39273071289062,192.0,18.169307708740234
test,476,dense_resource,dense_resource/archive_1/84aee444-abc3-4b80-a992-0a2f895f8ff8.pt,63324.0,99576.90625,83015.0,110218.859375,20.0,39.88574981689453,11.0,21.713176727294922,7820.0,6536.36083984375,1024.0,1054.52734375
test,305,conv1d,conv1d/archive_1/211f126c-b055-40ab-8917-34f6fc0c5eb1.pt,11959.0,14917.8408203125,19187.0,20860.99609375,0.0,1.6689314179529902e-06,2.5,6.361501216888428,76096.0,110050.703125,76092.0,93976.03125
test,152,2layer,2layer/archive_4/888e17dd-3e1c-418b-bd9d-bd7d5e56a91a.pt,16753.0,14885.408203125,11829.0,11079.166015625,0.0,0.7111607789993286,4.0,1.8213741779327393,1845.0,3123.73828125,960.0,1771.792724609375
