scale,model,split,kernel_family,target,smape,r2,rmse,n_samples,inference_seconds_per_sample
25,logistic_hurdle_rbf_expected_graph,test,all,lut,29.251924514770508,0.7522234916687012,54030.2265625,294,0.00036004955907979974
25,logistic_hurdle_rbf_expected_graph,test,all,ff,36.16032409667969,0.7505817413330078,34003.38671875,294,0.00036004955907979974
25,logistic_hurdle_rbf_expected_graph,test,all,dsp,46.668479919433594,0.8044697642326355,470.86102294921875,294,0.00036004955907979974
25,logistic_hurdle_rbf_expected_graph,test,all,bram,33.89479064941406,0.4246220588684082,22.855606079101562,294,0.00036004955907979974
25,logistic_hurdle_rbf_expected_graph,test,all,cycles_max,35.70701217651367,0.12732195854187012,489389.3125,294,0.00036004955907979974
25,logistic_hurdle_rbf_expected_graph,test,all,interval_max,44.363548278808594,0.12172800302505493,491169.96875,294,0.00036004955907979974
25,logistic_hurdle_rbf_expected_graph,test,2layer,lut,16.087377548217773,0.7228123545646667,3525.68017578125,64,0.00036004955907979974
25,logistic_hurdle_rbf_expected_graph,test,2layer,ff,14.392815589904785,0.7396095991134644,2022.2825927734375,64,0.00036004955907979974
25,logistic_hurdle_rbf_expected_graph,test,2layer,dsp,22.895734786987305,0.5661396980285645,2.9381489753723145,64,0.00036004955907979974
25,logistic_hurdle_rbf_expected_graph,test,2layer,bram,23.95254135131836,-0.05160069465637207,2.212676525115967,64,0.00036004955907979974
25,logistic_hurdle_rbf_expected_graph,test,2layer,cycles_max,7.175856590270996,0.9653131365776062,411.4597473144531,64,0.00036004955907979974
25,logistic_hurdle_rbf_expected_graph,test,2layer,interval_max,8.946022033691406,0.9299092888832092,348.0846252441406,64,0.00036004955907979974
25,logistic_hurdle_rbf_expected_graph,test,3layer,lut,16.896154403686523,0.6259773373603821,5947.396484375,58,0.00036004955907979974
25,logistic_hurdle_rbf_expected_graph,test,3layer,ff,15.667346000671387,0.5453961491584778,3511.2060546875,58,0.00036004955907979974
25,logistic_hurdle_rbf_expected_graph,test,3layer,dsp,21.78362464904785,0.6245800256729126,3.4025447368621826,58,0.00036004955907979974
25,logistic_hurdle_rbf_expected_graph,test,3layer,bram,25.92803192138672,-0.08684194087982178,6.1846418380737305,58,0.00036004955907979974
25,logistic_hurdle_rbf_expected_graph,test,3layer,cycles_max,8.304999351501465,0.9590093493461609,658.9895629882812,58,0.00036004955907979974
25,logistic_hurdle_rbf_expected_graph,test,3layer,interval_max,10.924781799316406,0.9174114465713501,398.62939453125,58,0.00036004955907979974
25,logistic_hurdle_rbf_expected_graph,test,conv1d,lut,14.710341453552246,0.8692150115966797,4858.298828125,24,0.00036004955907979974
25,logistic_hurdle_rbf_expected_graph,test,conv1d,ff,16.234289169311523,0.7132562398910522,9528.787109375,24,0.00036004955907979974
25,logistic_hurdle_rbf_expected_graph,test,conv1d,dsp,21.075334548950195,0.6420480012893677,1.4533717632293701,24,0.00036004955907979974
25,logistic_hurdle_rbf_expected_graph,test,conv1d,bram,48.96411895751953,0.3702230453491211,9.411224365234375,24,0.00036004955907979974
25,logistic_hurdle_rbf_expected_graph,test,conv1d,cycles_max,61.847686767578125,0.07131236791610718,145425.96875,24,0.00036004955907979974
25,logistic_hurdle_rbf_expected_graph,test,conv1d,interval_max,63.23297119140625,0.023487448692321777,149122.71875,24,0.00036004955907979974
25,logistic_hurdle_rbf_expected_graph,test,conv2d,lut,48.03635787963867,0.17985641956329346,18131.900390625,13,0.00036004955907979974
25,logistic_hurdle_rbf_expected_graph,test,conv2d,ff,48.83491134643555,0.09011131525039673,56666.87890625,13,0.00036004955907979974
25,logistic_hurdle_rbf_expected_graph,test,conv2d,dsp,71.53779602050781,-0.7325818538665771,2.6903316974639893,13,0.00036004955907979974
25,logistic_hurdle_rbf_expected_graph,test,conv2d,bram,75.02246856689453,-1.4837851524353027,30.6933536529541,13,0.00036004955907979974
25,logistic_hurdle_rbf_expected_graph,test,conv2d,cycles_max,97.09400177001953,-0.6367652416229248,2318917.0,13,0.00036004955907979974
25,logistic_hurdle_rbf_expected_graph,test,conv2d,interval_max,96.95136260986328,-0.6477410793304443,2326985.25,13,0.00036004955907979974
25,logistic_hurdle_rbf_expected_graph,test,dense_latency,lut,28.054601669311523,0.639579176902771,70004.0703125,42,0.00036004955907979974
25,logistic_hurdle_rbf_expected_graph,test,dense_latency,ff,38.72829055786133,0.6794412136077881,69862.109375,42,0.00036004955907979974
25,logistic_hurdle_rbf_expected_graph,test,dense_latency,dsp,66.60245513916016,0.7994787693023682,963.3240966796875,42,0.00036004955907979974
25,logistic_hurdle_rbf_expected_graph,test,dense_latency,bram,1.824253797531128,-52821.171875,0.01224442943930626,42,0.00036004955907979974
25,logistic_hurdle_rbf_expected_graph,test,dense_latency,cycles_max,48.23717498779297,0.7821214199066162,76.05298614501953,42,0.00036004955907979974
25,logistic_hurdle_rbf_expected_graph,test,dense_latency,interval_max,50.375221252441406,0.7503873109817505,14.35710334777832,42,0.00036004955907979974
25,logistic_hurdle_rbf_expected_graph,test,dense_resource,lut,15.55940055847168,0.8603900074958801,63511.36328125,34,0.00036004955907979974
25,logistic_hurdle_rbf_expected_graph,test,dense_resource,ff,18.125288009643555,0.8320164084434509,22554.6015625,34,0.00036004955907979974
25,logistic_hurdle_rbf_expected_graph,test,dense_resource,dsp,64.59735870361328,0.9533709287643433,298.6144104003906,34,0.00036004955907979974
25,logistic_hurdle_rbf_expected_graph,test,dense_resource,bram,17.53761100769043,0.8732706308364868,3.3018200397491455,34,0.00036004955907979974
25,logistic_hurdle_rbf_expected_graph,test,dense_resource,cycles_max,26.91909408569336,0.8054031133651733,1109.9454345703125,34,0.00036004955907979974
25,logistic_hurdle_rbf_expected_graph,test,dense_resource,interval_max,32.918827056884766,0.7071682214736938,190.98548889160156,34,0.00036004955907979974
25,logistic_hurdle_rbf_expected_graph,test,rule4ml,lut,66.19767761230469,0.4363313317298889,92755.1015625,59,0.00036004955907979974
25,logistic_hurdle_rbf_expected_graph,test,rule4ml,ff,93.7959976196289,0.3971019983291626,35113.5859375,59,0.00036004955907979974
25,logistic_hurdle_rbf_expected_graph,test,rule4ml,dsp,77.32787322998047,0.5142275094985962,626.7197265625,59,0.00036004955907979974
25,logistic_hurdle_rbf_expected_graph,test,rule4ml,bram,69.5754623413086,0.1216655969619751,48.064937591552734,59,0.00036004955907979974
25,logistic_hurdle_rbf_expected_graph,test,rule4ml,cycles_max,65.5786361694336,-0.2236262559890747,512.0078735351562,59,0.00036004955907979974
25,logistic_hurdle_rbf_expected_graph,test,rule4ml,interval_max,98.70748901367188,-0.3177257776260376,88.32830810546875,59,0.00036004955907979974
25,logistic_hurdle_rbf_threshold_graph,test,all,lut,29.251924514770508,0.7522234916687012,54030.2265625,294,0.00036004955907979974
25,logistic_hurdle_rbf_threshold_graph,test,all,ff,36.16032409667969,0.7505817413330078,34003.38671875,294,0.00036004955907979974
25,logistic_hurdle_rbf_threshold_graph,test,all,dsp,30.108627319335938,0.8090353012084961,465.33135986328125,294,0.00036004955907979974
25,logistic_hurdle_rbf_threshold_graph,test,all,bram,33.28257369995117,0.42465507984161377,22.854949951171875,294,0.00036004955907979974
25,logistic_hurdle_rbf_threshold_graph,test,all,cycles_max,35.70701217651367,0.12732195854187012,489389.3125,294,0.00036004955907979974
25,logistic_hurdle_rbf_threshold_graph,test,all,interval_max,44.363548278808594,0.12172800302505493,491169.96875,294,0.00036004955907979974
25,logistic_hurdle_rbf_threshold_graph,test,2layer,lut,16.087377548217773,0.7228123545646667,3525.68017578125,64,0.00036004955907979974
25,logistic_hurdle_rbf_threshold_graph,test,2layer,ff,14.392815589904785,0.7396095991134644,2022.2825927734375,64,0.00036004955907979974
25,logistic_hurdle_rbf_threshold_graph,test,2layer,dsp,17.789993286132812,0.5731503963470459,2.914313554763794,64,0.00036004955907979974
25,logistic_hurdle_rbf_threshold_graph,test,2layer,bram,23.953754425048828,-0.05096173286437988,2.2120044231414795,64,0.00036004955907979974
25,logistic_hurdle_rbf_threshold_graph,test,2layer,cycles_max,7.175856590270996,0.9653131365776062,411.4597473144531,64,0.00036004955907979974
25,logistic_hurdle_rbf_threshold_graph,test,2layer,interval_max,8.946022033691406,0.9299092888832092,348.0846252441406,64,0.00036004955907979974
25,logistic_hurdle_rbf_threshold_graph,test,3layer,lut,16.896154403686523,0.6259773373603821,5947.396484375,58,0.00036004955907979974
25,logistic_hurdle_rbf_threshold_graph,test,3layer,ff,15.667346000671387,0.5453961491584778,3511.2060546875,58,0.00036004955907979974
25,logistic_hurdle_rbf_threshold_graph,test,3layer,dsp,19.307861328125,0.6221013069152832,3.4137587547302246,58,0.00036004955907979974
25,logistic_hurdle_rbf_threshold_graph,test,3layer,bram,25.927343368530273,-0.08680188655853271,6.18452787399292,58,0.00036004955907979974
25,logistic_hurdle_rbf_threshold_graph,test,3layer,cycles_max,8.304999351501465,0.9590093493461609,658.9895629882812,58,0.00036004955907979974
25,logistic_hurdle_rbf_threshold_graph,test,3layer,interval_max,10.924781799316406,0.9174114465713501,398.62939453125,58,0.00036004955907979974
25,logistic_hurdle_rbf_threshold_graph,test,conv1d,lut,14.710341453552246,0.8692150115966797,4858.298828125,24,0.00036004955907979974
25,logistic_hurdle_rbf_threshold_graph,test,conv1d,ff,16.234289169311523,0.7132562398910522,9528.787109375,24,0.00036004955907979974
25,logistic_hurdle_rbf_threshold_graph,test,conv1d,dsp,17.066707611083984,0.649327278137207,1.4385181665420532,24,0.00036004955907979974
25,logistic_hurdle_rbf_threshold_graph,test,conv1d,bram,48.9638671875,0.3703206181526184,9.410494804382324,24,0.00036004955907979974
25,logistic_hurdle_rbf_threshold_graph,test,conv1d,cycles_max,61.847686767578125,0.07131236791610718,145425.96875,24,0.00036004955907979974
25,logistic_hurdle_rbf_threshold_graph,test,conv1d,interval_max,63.23297119140625,0.023487448692321777,149122.71875,24,0.00036004955907979974
25,logistic_hurdle_rbf_threshold_graph,test,conv2d,lut,48.03635787963867,0.17985641956329346,18131.900390625,13,0.00036004955907979974
25,logistic_hurdle_rbf_threshold_graph,test,conv2d,ff,48.83491134643555,0.09011131525039673,56666.87890625,13,0.00036004955907979974
25,logistic_hurdle_rbf_threshold_graph,test,conv2d,dsp,70.2148666381836,-1.1016089916229248,2.963022232055664,13,0.00036004955907979974
25,logistic_hurdle_rbf_threshold_graph,test,conv2d,bram,75.02510833740234,-1.48378324508667,30.693344116210938,13,0.00036004955907979974
25,logistic_hurdle_rbf_threshold_graph,test,conv2d,cycles_max,97.09400177001953,-0.6367652416229248,2318917.0,13,0.00036004955907979974
25,logistic_hurdle_rbf_threshold_graph,test,conv2d,interval_max,96.95136260986328,-0.6477410793304443,2326985.25,13,0.00036004955907979974
25,logistic_hurdle_rbf_threshold_graph,test,dense_latency,lut,28.054601669311523,0.639579176902771,70004.0703125,42,0.00036004955907979974
25,logistic_hurdle_rbf_threshold_graph,test,dense_latency,ff,38.72829055786133,0.6794412136077881,69862.109375,42,0.00036004955907979974
25,logistic_hurdle_rbf_threshold_graph,test,dense_latency,dsp,25.504667282104492,0.7984681129455566,965.7487182617188,42,0.00036004955907979974
25,logistic_hurdle_rbf_threshold_graph,test,dense_latency,bram,0.0,1.0,0.0,42,0.00036004955907979974
25,logistic_hurdle_rbf_threshold_graph,test,dense_latency,cycles_max,48.23717498779297,0.7821214199066162,76.05298614501953,42,0.00036004955907979974
25,logistic_hurdle_rbf_threshold_graph,test,dense_latency,interval_max,50.375221252441406,0.7503873109817505,14.35710334777832,42,0.00036004955907979974
25,logistic_hurdle_rbf_threshold_graph,test,dense_resource,lut,15.55940055847168,0.8603900074958801,63511.36328125,34,0.00036004955907979974
25,logistic_hurdle_rbf_threshold_graph,test,dense_resource,ff,18.125288009643555,0.8320164084434509,22554.6015625,34,0.00036004955907979974
25,logistic_hurdle_rbf_threshold_graph,test,dense_resource,dsp,20.434829711914062,0.9713399410247803,234.11036682128906,34,0.00036004955907979974
25,logistic_hurdle_rbf_threshold_graph,test,dense_resource,bram,14.729467391967773,0.8822606205940247,3.1825525760650635,34,0.00036004955907979974
25,logistic_hurdle_rbf_threshold_graph,test,dense_resource,cycles_max,26.91909408569336,0.8054031133651733,1109.9454345703125,34,0.00036004955907979974
25,logistic_hurdle_rbf_threshold_graph,test,dense_resource,interval_max,32.918827056884766,0.7071682214736938,190.98548889160156,34,0.00036004955907979974
25,logistic_hurdle_rbf_threshold_graph,test,rule4ml,lut,66.19767761230469,0.4363313317298889,92755.1015625,59,0.00036004955907979974
25,logistic_hurdle_rbf_threshold_graph,test,rule4ml,ff,93.7959976196289,0.3971019983291626,35113.5859375,59,0.00036004955907979974
25,logistic_hurdle_rbf_threshold_graph,test,rule4ml,dsp,59.40925598144531,0.5257588624954224,619.2365112304688,59,0.00036004955907979974
25,logistic_hurdle_rbf_threshold_graph,test,rule4ml,bram,69.44051361083984,0.12154901027679443,48.0681266784668,59,0.00036004955907979974
25,logistic_hurdle_rbf_threshold_graph,test,rule4ml,cycles_max,65.5786361694336,-0.2236262559890747,512.0078735351562,59,0.00036004955907979974
25,logistic_hurdle_rbf_threshold_graph,test,rule4ml,interval_max,98.70748901367188,-0.3177257776260376,88.32830810546875,59,0.00036004955907979974
25,logistic_hurdle_rbf_expected_graph,exemplar,all,lut,109.46060180664062,-1.1248855590820312,40073.65625,400,0.00036004955907979974
25,logistic_hurdle_rbf_expected_graph,exemplar,all,ff,104.7786865234375,-1.225759744644165,25853.310546875,400,0.00036004955907979974
25,logistic_hurdle_rbf_expected_graph,exemplar,all,dsp,102.33133697509766,-0.06424903869628906,726.2349243164062,400,0.00036004955907979974
25,logistic_hurdle_rbf_expected_graph,exemplar,all,bram,77.59686279296875,-10.257918357849121,8.483473777770996,400,0.00036004955907979974
25,logistic_hurdle_rbf_expected_graph,exemplar,all,cycles_max,103.98770904541016,0.29763519763946533,1154.15087890625,400,0.00036004955907979974
25,logistic_hurdle_rbf_expected_graph,exemplar,all,interval_max,143.43417358398438,-0.1745084524154663,593.2875366210938,400,0.00036004955907979974
25,logistic_hurdle_rbf_expected_graph,exemplar,exemplar,lut,109.46060180664062,-1.1248855590820312,40073.65625,400,0.00036004955907979974
25,logistic_hurdle_rbf_expected_graph,exemplar,exemplar,ff,104.7786865234375,-1.225759744644165,25853.310546875,400,0.00036004955907979974
25,logistic_hurdle_rbf_expected_graph,exemplar,exemplar,dsp,102.33133697509766,-0.06424903869628906,726.2349243164062,400,0.00036004955907979974
25,logistic_hurdle_rbf_expected_graph,exemplar,exemplar,bram,77.59686279296875,-10.257918357849121,8.483473777770996,400,0.00036004955907979974
25,logistic_hurdle_rbf_expected_graph,exemplar,exemplar,cycles_max,103.98770904541016,0.29763519763946533,1154.15087890625,400,0.00036004955907979974
25,logistic_hurdle_rbf_expected_graph,exemplar,exemplar,interval_max,143.43417358398438,-0.1745084524154663,593.2875366210938,400,0.00036004955907979974
25,logistic_hurdle_rbf_threshold_graph,exemplar,all,lut,109.46060180664062,-1.1248855590820312,40073.65625,400,0.00036004955907979974
25,logistic_hurdle_rbf_threshold_graph,exemplar,all,ff,104.7786865234375,-1.225759744644165,25853.310546875,400,0.00036004955907979974
25,logistic_hurdle_rbf_threshold_graph,exemplar,all,dsp,100.06938171386719,-0.06458842754364014,726.3507690429688,400,0.00036004955907979974
25,logistic_hurdle_rbf_threshold_graph,exemplar,all,bram,75.492919921875,-10.306994438171387,8.501944541931152,400,0.00036004955907979974
25,logistic_hurdle_rbf_threshold_graph,exemplar,all,cycles_max,103.98770904541016,0.29763519763946533,1154.15087890625,400,0.00036004955907979974
25,logistic_hurdle_rbf_threshold_graph,exemplar,all,interval_max,143.43417358398438,-0.1745084524154663,593.2875366210938,400,0.00036004955907979974
25,logistic_hurdle_rbf_threshold_graph,exemplar,exemplar,lut,109.46060180664062,-1.1248855590820312,40073.65625,400,0.00036004955907979974
25,logistic_hurdle_rbf_threshold_graph,exemplar,exemplar,ff,104.7786865234375,-1.225759744644165,25853.310546875,400,0.00036004955907979974
25,logistic_hurdle_rbf_threshold_graph,exemplar,exemplar,dsp,100.06938171386719,-0.06458842754364014,726.3507690429688,400,0.00036004955907979974
25,logistic_hurdle_rbf_threshold_graph,exemplar,exemplar,bram,75.492919921875,-10.306994438171387,8.501944541931152,400,0.00036004955907979974
25,logistic_hurdle_rbf_threshold_graph,exemplar,exemplar,cycles_max,103.98770904541016,0.29763519763946533,1154.15087890625,400,0.00036004955907979974
25,logistic_hurdle_rbf_threshold_graph,exemplar,exemplar,interval_max,143.43417358398438,-0.1745084524154663,593.2875366210938,400,0.00036004955907979974
50,logistic_hurdle_rbf_expected_graph,test,all,lut,25.96013832092285,0.8087822198867798,47464.71484375,294,0.0005673149048994223
50,logistic_hurdle_rbf_expected_graph,test,all,ff,30.83248519897461,0.8479561805725098,26548.65234375,294,0.0005673149048994223
50,logistic_hurdle_rbf_expected_graph,test,all,dsp,40.33064651489258,0.7274765372276306,555.8885498046875,294,0.0005673149048994223
50,logistic_hurdle_rbf_expected_graph,test,all,bram,32.30029296875,0.4482414126396179,22.381576538085938,294,0.0005673149048994223
50,logistic_hurdle_rbf_expected_graph,test,all,cycles_max,30.527963638305664,0.520585834980011,362729.5,294,0.0005673149048994223
50,logistic_hurdle_rbf_expected_graph,test,all,interval_max,39.70889663696289,0.4426270127296448,391282.34375,294,0.0005673149048994223
50,logistic_hurdle_rbf_expected_graph,test,2layer,lut,14.939058303833008,0.7303955554962158,3477.118408203125,64,0.0005673149048994223
50,logistic_hurdle_rbf_expected_graph,test,2layer,ff,12.20715045928955,0.7578850984573364,1950.0247802734375,64,0.0005673149048994223
50,logistic_hurdle_rbf_expected_graph,test,2layer,dsp,21.068477630615234,0.6190861463546753,2.753038167953491,64,0.0005673149048994223
50,logistic_hurdle_rbf_expected_graph,test,2layer,bram,23.722877502441406,-0.02719593048095703,2.1868507862091064,64,0.0005673149048994223
50,logistic_hurdle_rbf_expected_graph,test,2layer,cycles_max,6.700591087341309,0.9693999886512756,386.4609375,64,0.0005673149048994223
50,logistic_hurdle_rbf_expected_graph,test,2layer,interval_max,7.232518672943115,0.9688104391098022,232.1984405517578,64,0.0005673149048994223
50,logistic_hurdle_rbf_expected_graph,test,3layer,lut,14.489065170288086,0.7031190395355225,5298.69775390625,58,0.0005673149048994223
50,logistic_hurdle_rbf_expected_graph,test,3layer,ff,12.445588111877441,0.680972695350647,2941.397216796875,58,0.0005673149048994223
50,logistic_hurdle_rbf_expected_graph,test,3layer,dsp,19.412046432495117,0.6568546295166016,3.2530009746551514,58,0.0005673149048994223
50,logistic_hurdle_rbf_expected_graph,test,3layer,bram,25.25162124633789,-0.09018278121948242,6.19413948059082,58,0.0005673149048994223
50,logistic_hurdle_rbf_expected_graph,test,3layer,cycles_max,6.266974449157715,0.970234751701355,561.5531005859375,58,0.0005673149048994223
50,logistic_hurdle_rbf_expected_graph,test,3layer,interval_max,9.304142951965332,0.94303959608078,331.0518493652344,58,0.0005673149048994223
50,logistic_hurdle_rbf_expected_graph,test,conv1d,lut,14.743351936340332,0.8128145933151245,5812.20947265625,24,0.0005673149048994223
50,logistic_hurdle_rbf_expected_graph,test,conv1d,ff,13.513557434082031,0.7798980474472046,8348.3857421875,24,0.0005673149048994223
50,logistic_hurdle_rbf_expected_graph,test,conv1d,dsp,18.588729858398438,0.6803714036941528,1.373368740081787,24,0.0005673149048994223
50,logistic_hurdle_rbf_expected_graph,test,conv1d,bram,40.57265853881836,0.4021703600883484,9.169411659240723,24,0.0005673149048994223
50,logistic_hurdle_rbf_expected_graph,test,conv1d,cycles_max,44.91707229614258,0.6107828617095947,94146.265625,24,0.0005673149048994223
50,logistic_hurdle_rbf_expected_graph,test,conv1d,interval_max,45.87395095825195,0.5873320698738098,96940.4921875,24,0.0005673149048994223
50,logistic_hurdle_rbf_expected_graph,test,conv2d,lut,31.51014518737793,0.5374068021774292,13617.51953125,13,0.0005673149048994223
50,logistic_hurdle_rbf_expected_graph,test,conv2d,ff,29.32236099243164,0.3557114005088806,47684.296875,13,0.0005673149048994223
50,logistic_hurdle_rbf_expected_graph,test,conv2d,dsp,58.65349197387695,-0.3472473621368408,2.372370958328247,13,0.0005673149048994223
50,logistic_hurdle_rbf_expected_graph,test,conv2d,bram,49.324424743652344,-0.013405203819274902,19.605545043945312,13,0.0005673149048994223
50,logistic_hurdle_rbf_expected_graph,test,conv2d,cycles_max,72.01834106445312,0.09927952289581299,1720232.125,13,0.0005673149048994223
50,logistic_hurdle_rbf_expected_graph,test,conv2d,interval_max,75.06071472167969,-0.04834580421447754,1856100.125,13,0.0005673149048994223
50,logistic_hurdle_rbf_expected_graph,test,dense_latency,lut,23.56666374206543,0.7421866655349731,59206.7265625,42,0.0005673149048994223
50,logistic_hurdle_rbf_expected_graph,test,dense_latency,ff,32.58517837524414,0.846612811088562,48326.171875,42,0.0005673149048994223
50,logistic_hurdle_rbf_expected_graph,test,dense_latency,dsp,64.5610580444336,0.8727666139602661,767.3486328125,42,0.0005673149048994223
50,logistic_hurdle_rbf_expected_graph,test,dense_latency,bram,0.6333150863647461,-6459.921875,0.004282305482774973,42,0.0005673149048994223
50,logistic_hurdle_rbf_expected_graph,test,dense_latency,cycles_max,34.97140121459961,0.7500441074371338,81.45928955078125,42,0.0005673149048994223
50,logistic_hurdle_rbf_expected_graph,test,dense_latency,interval_max,40.96823501586914,0.7268166542053223,15.019679069519043,42,0.0005673149048994223
50,logistic_hurdle_rbf_expected_graph,test,dense_resource,lut,13.298670768737793,0.9199843406677246,48081.80078125,34,0.0005673149048994223
50,logistic_hurdle_rbf_expected_graph,test,dense_resource,ff,15.486438751220703,0.8433432579040527,21780.923828125,34,0.0005673149048994223
50,logistic_hurdle_rbf_expected_graph,test,dense_resource,dsp,55.70043182373047,0.6340352296829224,836.5693359375,34,0.0005673149048994223
50,logistic_hurdle_rbf_expected_graph,test,dense_resource,bram,12.723199844360352,0.9244646430015564,2.5491178035736084,34,0.0005673149048994223
50,logistic_hurdle_rbf_expected_graph,test,dense_resource,cycles_max,21.222822189331055,0.9002244472503662,794.77783203125,34,0.0005673149048994223
50,logistic_hurdle_rbf_expected_graph,test,dense_resource,interval_max,30.09284782409668,0.8625236749649048,130.85948181152344,34,0.0005673149048994223
50,logistic_hurdle_rbf_expected_graph,test,rule4ml,lut,61.53199768066406,0.5215132236480713,85459.59375,59,0.0005673149048994223
50,logistic_hurdle_rbf_expected_graph,test,rule4ml,ff,84.08502960205078,0.49422913789749146,32161.046875,59,0.0005673149048994223
50,logistic_hurdle_rbf_expected_graph,test,rule4ml,dsp,60.49024963378906,0.11282473802566528,846.95751953125,59,0.0005673149048994223
50,logistic_hurdle_rbf_expected_graph,test,rule4ml,bram,75.24200439453125,0.11390882730484009,48.27670669555664,59,0.0005673149048994223
50,logistic_hurdle_rbf_expected_graph,test,rule4ml,cycles_max,67.42841339111328,-0.374019980430603,542.561279296875,59,0.0005673149048994223
50,logistic_hurdle_rbf_expected_graph,test,rule4ml,interval_max,99.17469787597656,-0.15003061294555664,82.5167465209961,59,0.0005673149048994223
50,logistic_hurdle_rbf_threshold_graph,test,all,lut,25.96013832092285,0.8087822198867798,47464.71484375,294,0.0005673149048994223
50,logistic_hurdle_rbf_threshold_graph,test,all,ff,30.83248519897461,0.8479561805725098,26548.65234375,294,0.0005673149048994223
50,logistic_hurdle_rbf_threshold_graph,test,all,dsp,25.952800750732422,0.7141188383102417,569.3489990234375,294,0.0005673149048994223
50,logistic_hurdle_rbf_threshold_graph,test,all,bram,31.611331939697266,0.4494926333427429,22.356185913085938,294,0.0005673149048994223
50,logistic_hurdle_rbf_threshold_graph,test,all,cycles_max,30.527963638305664,0.520585834980011,362729.5,294,0.0005673149048994223
50,logistic_hurdle_rbf_threshold_graph,test,all,interval_max,39.70889663696289,0.4426270127296448,391282.34375,294,0.0005673149048994223
50,logistic_hurdle_rbf_threshold_graph,test,2layer,lut,14.939058303833008,0.7303955554962158,3477.118408203125,64,0.0005673149048994223
50,logistic_hurdle_rbf_threshold_graph,test,2layer,ff,12.20715045928955,0.7578850984573364,1950.0247802734375,64,0.0005673149048994223
50,logistic_hurdle_rbf_threshold_graph,test,2layer,dsp,17.662012100219727,0.623571515083313,2.736780881881714,64,0.0005673149048994223
50,logistic_hurdle_rbf_threshold_graph,test,2layer,bram,23.723068237304688,-0.026758432388305664,2.186385154724121,64,0.0005673149048994223
50,logistic_hurdle_rbf_threshold_graph,test,2layer,cycles_max,6.700591087341309,0.9693999886512756,386.4609375,64,0.0005673149048994223
50,logistic_hurdle_rbf_threshold_graph,test,2layer,interval_max,7.232518672943115,0.9688104391098022,232.1984405517578,64,0.0005673149048994223
50,logistic_hurdle_rbf_threshold_graph,test,3layer,lut,14.489065170288086,0.7031190395355225,5298.69775390625,58,0.0005673149048994223
50,logistic_hurdle_rbf_threshold_graph,test,3layer,ff,12.445588111877441,0.680972695350647,2941.397216796875,58,0.0005673149048994223
50,logistic_hurdle_rbf_threshold_graph,test,3layer,dsp,17.36712646484375,0.6557630300521851,3.2581710815429688,58,0.0005673149048994223
50,logistic_hurdle_rbf_threshold_graph,test,3layer,bram,25.25531578063965,-0.09015333652496338,6.194056510925293,58,0.0005673149048994223
50,logistic_hurdle_rbf_threshold_graph,test,3layer,cycles_max,6.266974449157715,0.970234751701355,561.5531005859375,58,0.0005673149048994223
50,logistic_hurdle_rbf_threshold_graph,test,3layer,interval_max,9.304142951965332,0.94303959608078,331.0518493652344,58,0.0005673149048994223
50,logistic_hurdle_rbf_threshold_graph,test,conv1d,lut,14.743351936340332,0.8128145933151245,5812.20947265625,24,0.0005673149048994223
50,logistic_hurdle_rbf_threshold_graph,test,conv1d,ff,13.513557434082031,0.7798980474472046,8348.3857421875,24,0.0005673149048994223
50,logistic_hurdle_rbf_threshold_graph,test,conv1d,dsp,14.369108200073242,0.6797163486480713,1.3747752904891968,24,0.0005673149048994223
50,logistic_hurdle_rbf_threshold_graph,test,conv1d,bram,40.57134246826172,0.40218591690063477,9.169291496276855,24,0.0005673149048994223
50,logistic_hurdle_rbf_threshold_graph,test,conv1d,cycles_max,44.91707229614258,0.6107828617095947,94146.265625,24,0.0005673149048994223
50,logistic_hurdle_rbf_threshold_graph,test,conv1d,interval_max,45.87395095825195,0.5873320698738098,96940.4921875,24,0.0005673149048994223
50,logistic_hurdle_rbf_threshold_graph,test,conv2d,lut,31.51014518737793,0.5374068021774292,13617.51953125,13,0.0005673149048994223
50,logistic_hurdle_rbf_threshold_graph,test,conv2d,ff,29.32236099243164,0.3557114005088806,47684.296875,13,0.0005673149048994223
50,logistic_hurdle_rbf_threshold_graph,test,conv2d,dsp,30.04115867614746,-0.22857487201690674,2.2654776573181152,13,0.0005673149048994223
50,logistic_hurdle_rbf_threshold_graph,test,conv2d,bram,49.32586669921875,-0.013399600982666016,19.60548973083496,13,0.0005673149048994223
50,logistic_hurdle_rbf_threshold_graph,test,conv2d,cycles_max,72.01834106445312,0.09927952289581299,1720232.125,13,0.0005673149048994223
50,logistic_hurdle_rbf_threshold_graph,test,conv2d,interval_max,75.06071472167969,-0.04834580421447754,1856100.125,13,0.0005673149048994223
50,logistic_hurdle_rbf_threshold_graph,test,dense_latency,lut,23.56666374206543,0.7421866655349731,59206.7265625,42,0.0005673149048994223
50,logistic_hurdle_rbf_threshold_graph,test,dense_latency,ff,32.58517837524414,0.846612811088562,48326.171875,42,0.0005673149048994223
50,logistic_hurdle_rbf_threshold_graph,test,dense_latency,dsp,25.64348793029785,0.8719354867935181,769.8509521484375,42,0.0005673149048994223
50,logistic_hurdle_rbf_threshold_graph,test,dense_latency,bram,0.0,1.0,0.0,42,0.0005673149048994223
50,logistic_hurdle_rbf_threshold_graph,test,dense_latency,cycles_max,34.97140121459961,0.7500441074371338,81.45928955078125,42,0.0005673149048994223
50,logistic_hurdle_rbf_threshold_graph,test,dense_latency,interval_max,40.96823501586914,0.7268166542053223,15.019679069519043,42,0.0005673149048994223
50,logistic_hurdle_rbf_threshold_graph,test,dense_resource,lut,13.298670768737793,0.9199843406677246,48081.80078125,34,0.0005673149048994223
50,logistic_hurdle_rbf_threshold_graph,test,dense_resource,ff,15.486438751220703,0.8433432579040527,21780.923828125,34,0.0005673149048994223
50,logistic_hurdle_rbf_threshold_graph,test,dense_resource,dsp,19.68315887451172,0.5659111738204956,911.1116943359375,34,0.0005673149048994223
50,logistic_hurdle_rbf_threshold_graph,test,dense_resource,bram,10.655162811279297,0.9252006411552429,2.536668062210083,34,0.0005673149048994223
50,logistic_hurdle_rbf_threshold_graph,test,dense_resource,cycles_max,21.222822189331055,0.9002244472503662,794.77783203125,34,0.0005673149048994223
50,logistic_hurdle_rbf_threshold_graph,test,dense_resource,interval_max,30.09284782409668,0.8625236749649048,130.85948181152344,34,0.0005673149048994223
50,logistic_hurdle_rbf_threshold_graph,test,rule4ml,lut,61.53199768066406,0.5215132236480713,85459.59375,59,0.0005673149048994223
50,logistic_hurdle_rbf_threshold_graph,test,rule4ml,ff,84.08502960205078,0.49422913789749146,32161.046875,59,0.0005673149048994223
50,logistic_hurdle_rbf_threshold_graph,test,rule4ml,dsp,51.030738830566406,0.11571657657623291,845.5760498046875,59,0.0005673149048994223
50,logistic_hurdle_rbf_threshold_graph,test,rule4ml,bram,73.44783782958984,0.11604541540145874,48.21847152709961,59,0.0005673149048994223
50,logistic_hurdle_rbf_threshold_graph,test,rule4ml,cycles_max,67.42841339111328,-0.374019980430603,542.561279296875,59,0.0005673149048994223
50,logistic_hurdle_rbf_threshold_graph,test,rule4ml,interval_max,99.17469787597656,-0.15003061294555664,82.5167465209961,59,0.0005673149048994223
50,logistic_hurdle_rbf_expected_graph,exemplar,all,lut,85.85070037841797,0.007296383380889893,27390.56640625,400,0.0005673149048994223
50,logistic_hurdle_rbf_expected_graph,exemplar,all,ff,101.4001693725586,-0.013226151466369629,17443.36328125,400,0.0005673149048994223
50,logistic_hurdle_rbf_expected_graph,exemplar,all,dsp,74.8250732421875,0.061855852603912354,681.852294921875,400,0.0005673149048994223
50,logistic_hurdle_rbf_expected_graph,exemplar,all,bram,58.103721618652344,-0.10966384410858154,2.6634247303009033,400,0.0005673149048994223
50,logistic_hurdle_rbf_expected_graph,exemplar,all,cycles_max,110.70647430419922,0.15490829944610596,1265.9984130859375,400,0.0005673149048994223
50,logistic_hurdle_rbf_expected_graph,exemplar,all,interval_max,130.57574462890625,-0.13891887664794922,584.2296142578125,400,0.0005673149048994223
50,logistic_hurdle_rbf_expected_graph,exemplar,exemplar,lut,85.85070037841797,0.007296383380889893,27390.56640625,400,0.0005673149048994223
50,logistic_hurdle_rbf_expected_graph,exemplar,exemplar,ff,101.4001693725586,-0.013226151466369629,17443.36328125,400,0.0005673149048994223
50,logistic_hurdle_rbf_expected_graph,exemplar,exemplar,dsp,74.8250732421875,0.061855852603912354,681.852294921875,400,0.0005673149048994223
50,logistic_hurdle_rbf_expected_graph,exemplar,exemplar,bram,58.103721618652344,-0.10966384410858154,2.6634247303009033,400,0.0005673149048994223
50,logistic_hurdle_rbf_expected_graph,exemplar,exemplar,cycles_max,110.70647430419922,0.15490829944610596,1265.9984130859375,400,0.0005673149048994223
50,logistic_hurdle_rbf_expected_graph,exemplar,exemplar,interval_max,130.57574462890625,-0.13891887664794922,584.2296142578125,400,0.0005673149048994223
50,logistic_hurdle_rbf_threshold_graph,exemplar,all,lut,85.85070037841797,0.007296383380889893,27390.56640625,400,0.0005673149048994223
50,logistic_hurdle_rbf_threshold_graph,exemplar,all,ff,101.4001693725586,-0.013226151466369629,17443.36328125,400,0.0005673149048994223
50,logistic_hurdle_rbf_threshold_graph,exemplar,all,dsp,66.86530303955078,0.05565488338470459,684.10205078125,400,0.0005673149048994223
50,logistic_hurdle_rbf_threshold_graph,exemplar,all,bram,59.908382415771484,-0.1296405792236328,2.6872918605804443,400,0.0005673149048994223
50,logistic_hurdle_rbf_threshold_graph,exemplar,all,cycles_max,110.70647430419922,0.15490829944610596,1265.9984130859375,400,0.0005673149048994223
50,logistic_hurdle_rbf_threshold_graph,exemplar,all,interval_max,130.57574462890625,-0.13891887664794922,584.2296142578125,400,0.0005673149048994223
50,logistic_hurdle_rbf_threshold_graph,exemplar,exemplar,lut,85.85070037841797,0.007296383380889893,27390.56640625,400,0.0005673149048994223
50,logistic_hurdle_rbf_threshold_graph,exemplar,exemplar,ff,101.4001693725586,-0.013226151466369629,17443.36328125,400,0.0005673149048994223
50,logistic_hurdle_rbf_threshold_graph,exemplar,exemplar,dsp,66.86530303955078,0.05565488338470459,684.10205078125,400,0.0005673149048994223
50,logistic_hurdle_rbf_threshold_graph,exemplar,exemplar,bram,59.908382415771484,-0.1296405792236328,2.6872918605804443,400,0.0005673149048994223
50,logistic_hurdle_rbf_threshold_graph,exemplar,exemplar,cycles_max,110.70647430419922,0.15490829944610596,1265.9984130859375,400,0.0005673149048994223
50,logistic_hurdle_rbf_threshold_graph,exemplar,exemplar,interval_max,130.57574462890625,-0.13891887664794922,584.2296142578125,400,0.0005673149048994223
100,logistic_hurdle_rbf_expected_graph,test,all,lut,22.4136905670166,0.8582754135131836,40862.9140625,294,0.0009913240720413764
100,logistic_hurdle_rbf_expected_graph,test,all,ff,28.013233184814453,0.8955305218696594,22006.591796875,294,0.0009913240720413764
100,logistic_hurdle_rbf_expected_graph,test,all,dsp,37.09135818481445,0.7349870800971985,548.1751098632812,294,0.0009913240720413764
100,logistic_hurdle_rbf_expected_graph,test,all,bram,28.584714889526367,0.5335220098495483,20.5793514251709,294,0.0009913240720413764
100,logistic_hurdle_rbf_expected_graph,test,all,cycles_max,26.93345832824707,0.8164517879486084,224441.203125,294,0.0009913240720413764
100,logistic_hurdle_rbf_expected_graph,test,all,interval_max,32.010982513427734,0.766464352607727,253275.875,294,0.0009913240720413764
100,logistic_hurdle_rbf_expected_graph,test,2layer,lut,13.667908668518066,0.7534079551696777,3325.41259765625,64,0.0009913240720413764
100,logistic_hurdle_rbf_expected_graph,test,2layer,ff,11.741562843322754,0.7710818648338318,1896.1358642578125,64,0.0009913240720413764
100,logistic_hurdle_rbf_expected_graph,test,2layer,dsp,19.50159454345703,0.6286060810089111,2.7184178829193115,64,0.0009913240720413764
100,logistic_hurdle_rbf_expected_graph,test,2layer,bram,23.362031936645508,-0.0229111909866333,2.1822850704193115,64,0.0009913240720413764
100,logistic_hurdle_rbf_expected_graph,test,2layer,cycles_max,5.9838151931762695,0.9749690294265747,349.529541015625,64,0.0009913240720413764
100,logistic_hurdle_rbf_expected_graph,test,2layer,interval_max,5.720746994018555,0.9761541485786438,203.03038024902344,64,0.0009913240720413764
100,logistic_hurdle_rbf_expected_graph,test,3layer,lut,14.180482864379883,0.7114171981811523,5224.12060546875,58,0.0009913240720413764
100,logistic_hurdle_rbf_expected_graph,test,3layer,ff,12.486650466918945,0.6914665699005127,2892.61669921875,58,0.0009913240720413764
100,logistic_hurdle_rbf_expected_graph,test,3layer,dsp,18.58313751220703,0.6709550023078918,3.18546462059021,58,0.0009913240720413764
100,logistic_hurdle_rbf_expected_graph,test,3layer,bram,23.80302619934082,-0.09652268886566162,6.212124824523926,58,0.0009913240720413764
100,logistic_hurdle_rbf_expected_graph,test,3layer,cycles_max,5.8960652351379395,0.9751023054122925,513.5892944335938,58,0.0009913240720413764
100,logistic_hurdle_rbf_expected_graph,test,3layer,interval_max,7.701320171356201,0.9716856479644775,233.40647888183594,58,0.0009913240720413764
100,logistic_hurdle_rbf_expected_graph,test,conv1d,lut,11.176336288452148,0.9436322450637817,3189.486083984375,24,0.0009913240720413764
100,logistic_hurdle_rbf_expected_graph,test,conv1d,ff,12.696491241455078,0.8139849305152893,7674.7578125,24,0.0009913240720413764
100,logistic_hurdle_rbf_expected_graph,test,conv1d,dsp,13.755295753479004,0.9030429124832153,0.7564043998718262,24,0.0009913240720413764
100,logistic_hurdle_rbf_expected_graph,test,conv1d,bram,40.75558090209961,0.4105152487754822,9.10519027709961,24,0.0009913240720413764
100,logistic_hurdle_rbf_expected_graph,test,conv1d,cycles_max,42.48786163330078,0.8628466725349426,55886.9375,24,0.0009913240720413764
100,logistic_hurdle_rbf_expected_graph,test,conv1d,interval_max,42.960838317871094,0.845877468585968,59243.12109375,24,0.0009913240720413764
100,logistic_hurdle_rbf_expected_graph,test,conv2d,lut,24.973224639892578,0.7056269645690918,10862.94140625,13,0.0009913240720413764
100,logistic_hurdle_rbf_expected_graph,test,conv2d,ff,22.952054977416992,0.5347004532814026,40522.98828125,13,0.0009913240720413764
100,logistic_hurdle_rbf_expected_graph,test,conv2d,dsp,47.05997085571289,0.17164617776870728,1.8602311611175537,13,0.0009913240720413764
100,logistic_hurdle_rbf_expected_graph,test,conv2d,bram,32.476444244384766,0.384393572807312,15.280547142028809,13,0.0009913240720413764
100,logistic_hurdle_rbf_expected_graph,test,conv2d,cycles_max,55.06778335571289,0.6549993753433228,1064638.125,13,0.0009913240720413764
100,logistic_hurdle_rbf_expected_graph,test,conv2d,interval_max,57.10438919067383,0.5605097413063049,1201776.5,13,0.0009913240720413764
100,logistic_hurdle_rbf_expected_graph,test,dense_latency,lut,17.12739372253418,0.8508514165878296,45032.6953125,42,0.0009913240720413764
100,logistic_hurdle_rbf_expected_graph,test,dense_latency,ff,21.85614776611328,0.906782329082489,37673.5859375,42,0.0009913240720413764
100,logistic_hurdle_rbf_expected_graph,test,dense_latency,dsp,56.776607513427734,0.8628751039505005,796.6185302734375,42,0.0009913240720413764
100,logistic_hurdle_rbf_expected_graph,test,dense_latency,bram,0.5236504077911377,-4873.244140625,0.0037194956094026566,42,0.0009913240720413764
100,logistic_hurdle_rbf_expected_graph,test,dense_latency,cycles_max,28.677183151245117,0.8272997736930847,67.71041107177734,42,0.0009913240720413764
100,logistic_hurdle_rbf_expected_graph,test,dense_latency,interval_max,28.59486961364746,0.8391498923301697,11.525086402893066,42,0.0009913240720413764
100,logistic_hurdle_rbf_expected_graph,test,dense_resource,lut,10.44715690612793,0.9793018698692322,24454.4921875,34,0.0009913240720413764
100,logistic_hurdle_rbf_expected_graph,test,dense_resource,ff,11.430662155151367,0.9373835325241089,13770.3798828125,34,0.0009913240720413764
100,logistic_hurdle_rbf_expected_graph,test,dense_resource,dsp,52.63982391357422,0.7744244337081909,656.792724609375,34,0.0009913240720413764
100,logistic_hurdle_rbf_expected_graph,test,dense_resource,bram,10.741445541381836,0.9429201483726501,2.215930461883545,34,0.0009913240720413764
100,logistic_hurdle_rbf_expected_graph,test,dense_resource,cycles_max,14.201699256896973,0.9461148381233215,584.0744018554688,34,0.0009913240720413764
100,logistic_hurdle_rbf_expected_graph,test,dense_resource,interval_max,20.28863525390625,0.9207401275634766,99.36145782470703,34,0.0009913240720413764
100,logistic_hurdle_rbf_expected_graph,test,rule4ml,lut,54.66057205200195,0.5765441656112671,80395.15625,59,0.0009913240720413764
100,logistic_hurdle_rbf_expected_graph,test,rule4ml,ff,82.21205139160156,0.5620121955871582,29928.453125,59,0.0009913240720413764
100,logistic_hurdle_rbf_expected_graph,test,rule4ml,dsp,58.68910598754883,0.014266371726989746,892.7640991210938,59,0.0009913240720413764
100,logistic_hurdle_rbf_expected_graph,test,rule4ml,bram,63.40052032470703,0.2474985122680664,44.488948822021484,59,0.0009913240720413764
100,logistic_hurdle_rbf_expected_graph,test,rule4ml,cycles_max,63.908660888671875,0.08018773794174194,443.9170837402344,59,0.0009913240720413764
100,logistic_hurdle_rbf_expected_graph,test,rule4ml,interval_max,83.63066101074219,0.27907443046569824,65.33300018310547,59,0.0009913240720413764
100,logistic_hurdle_rbf_threshold_graph,test,all,lut,22.4136905670166,0.8582754135131836,40862.9140625,294,0.0009913240720413764
100,logistic_hurdle_rbf_threshold_graph,test,all,ff,28.013233184814453,0.8955305218696594,22006.591796875,294,0.0009913240720413764
100,logistic_hurdle_rbf_threshold_graph,test,all,dsp,23.318674087524414,0.7351011037826538,548.0571899414062,294,0.0009913240720413764
100,logistic_hurdle_rbf_threshold_graph,test,all,bram,27.82253074645996,0.5345014333724976,20.557737350463867,294,0.0009913240720413764
100,logistic_hurdle_rbf_threshold_graph,test,all,cycles_max,26.93345832824707,0.8164517879486084,224441.203125,294,0.0009913240720413764
100,logistic_hurdle_rbf_threshold_graph,test,all,interval_max,32.010982513427734,0.766464352607727,253275.875,294,0.0009913240720413764
100,logistic_hurdle_rbf_threshold_graph,test,2layer,lut,13.667908668518066,0.7534079551696777,3325.41259765625,64,0.0009913240720413764
100,logistic_hurdle_rbf_threshold_graph,test,2layer,ff,11.741562843322754,0.7710818648338318,1896.1358642578125,64,0.0009913240720413764
100,logistic_hurdle_rbf_threshold_graph,test,2layer,dsp,16.781410217285156,0.630543053150177,2.7113196849823,64,0.0009913240720413764
100,logistic_hurdle_rbf_threshold_graph,test,2layer,bram,23.35929298400879,-0.022612452507019043,2.181966543197632,64,0.0009913240720413764
100,logistic_hurdle_rbf_threshold_graph,test,2layer,cycles_max,5.9838151931762695,0.9749690294265747,349.529541015625,64,0.0009913240720413764
100,logistic_hurdle_rbf_threshold_graph,test,2layer,interval_max,5.720746994018555,0.9761541485786438,203.03038024902344,64,0.0009913240720413764
100,logistic_hurdle_rbf_threshold_graph,test,3layer,lut,14.180482864379883,0.7114171981811523,5224.12060546875,58,0.0009913240720413764
100,logistic_hurdle_rbf_threshold_graph,test,3layer,ff,12.486650466918945,0.6914665699005127,2892.61669921875,58,0.0009913240720413764
100,logistic_hurdle_rbf_threshold_graph,test,3layer,dsp,17.056276321411133,0.6706758737564087,3.1868155002593994,58,0.0009913240720413764
100,logistic_hurdle_rbf_threshold_graph,test,3layer,bram,23.812679290771484,-0.09648871421813965,6.212028503417969,58,0.0009913240720413764
100,logistic_hurdle_rbf_threshold_graph,test,3layer,cycles_max,5.8960652351379395,0.9751023054122925,513.5892944335938,58,0.0009913240720413764
100,logistic_hurdle_rbf_threshold_graph,test,3layer,interval_max,7.701320171356201,0.9716856479644775,233.40647888183594,58,0.0009913240720413764
100,logistic_hurdle_rbf_threshold_graph,test,conv1d,lut,11.176336288452148,0.9436322450637817,3189.486083984375,24,0.0009913240720413764
100,logistic_hurdle_rbf_threshold_graph,test,conv1d,ff,12.696491241455078,0.8139849305152893,7674.7578125,24,0.0009913240720413764
100,logistic_hurdle_rbf_threshold_graph,test,conv1d,dsp,9.927507400512695,0.9058003425598145,0.7455708980560303,24,0.0009913240720413764
100,logistic_hurdle_rbf_threshold_graph,test,conv1d,bram,40.756221771240234,0.41052210330963135,9.10513687133789,24,0.0009913240720413764
100,logistic_hurdle_rbf_threshold_graph,test,conv1d,cycles_max,42.48786163330078,0.8628466725349426,55886.9375,24,0.0009913240720413764
100,logistic_hurdle_rbf_threshold_graph,test,conv1d,interval_max,42.960838317871094,0.845877468585968,59243.12109375,24,0.0009913240720413764
100,logistic_hurdle_rbf_threshold_graph,test,conv2d,lut,24.973224639892578,0.7056269645690918,10862.94140625,13,0.0009913240720413764
100,logistic_hurdle_rbf_threshold_graph,test,conv2d,ff,22.952054977416992,0.5347004532814026,40522.98828125,13,0.0009913240720413764
100,logistic_hurdle_rbf_threshold_graph,test,conv2d,dsp,25.381595611572266,0.15520328283309937,1.8786033391952515,13,0.0009913240720413764
100,logistic_hurdle_rbf_threshold_graph,test,conv2d,bram,32.476287841796875,0.38442015647888184,15.280217170715332,13,0.0009913240720413764
100,logistic_hurdle_rbf_threshold_graph,test,conv2d,cycles_max,55.06778335571289,0.6549993753433228,1064638.125,13,0.0009913240720413764
100,logistic_hurdle_rbf_threshold_graph,test,conv2d,interval_max,57.10438919067383,0.5605097413063049,1201776.5,13,0.0009913240720413764
100,logistic_hurdle_rbf_threshold_graph,test,dense_latency,lut,17.12739372253418,0.8508514165878296,45032.6953125,42,0.0009913240720413764
100,logistic_hurdle_rbf_threshold_graph,test,dense_latency,ff,21.85614776611328,0.906782329082489,37673.5859375,42,0.0009913240720413764
100,logistic_hurdle_rbf_threshold_graph,test,dense_latency,dsp,21.01045036315918,0.8621247410774231,798.7951049804688,42,0.0009913240720413764
100,logistic_hurdle_rbf_threshold_graph,test,dense_latency,bram,0.0,1.0,0.0,42,0.0009913240720413764
100,logistic_hurdle_rbf_threshold_graph,test,dense_latency,cycles_max,28.677183151245117,0.8272997736930847,67.71041107177734,42,0.0009913240720413764
100,logistic_hurdle_rbf_threshold_graph,test,dense_latency,interval_max,28.59486961364746,0.8391498923301697,11.525086402893066,42,0.0009913240720413764
100,logistic_hurdle_rbf_threshold_graph,test,dense_resource,lut,10.44715690612793,0.9793018698692322,24454.4921875,34,0.0009913240720413764
100,logistic_hurdle_rbf_threshold_graph,test,dense_resource,ff,11.430662155151367,0.9373835325241089,13770.3798828125,34,0.0009913240720413764
100,logistic_hurdle_rbf_threshold_graph,test,dense_resource,dsp,19.963991165161133,0.7769481539726257,653.1083374023438,34,0.0009913240720413764
100,logistic_hurdle_rbf_threshold_graph,test,dense_resource,bram,9.1079683303833,0.9486099481582642,2.102588415145874,34,0.0009913240720413764
100,logistic_hurdle_rbf_threshold_graph,test,dense_resource,cycles_max,14.201699256896973,0.9461148381233215,584.0744018554688,34,0.0009913240720413764
100,logistic_hurdle_rbf_threshold_graph,test,dense_resource,interval_max,20.28863525390625,0.9207401275634766,99.36145782470703,34,0.0009913240720413764
100,logistic_hurdle_rbf_threshold_graph,test,rule4ml,lut,54.66057205200195,0.5765441656112671,80395.15625,59,0.0009913240720413764
100,logistic_hurdle_rbf_threshold_graph,test,rule4ml,ff,82.21205139160156,0.5620121955871582,29928.453125,59,0.0009913240720413764
100,logistic_hurdle_rbf_threshold_graph,test,rule4ml,dsp,45.13526916503906,0.01468038558959961,892.5765991210938,59,0.0009913240720413764
100,logistic_hurdle_rbf_threshold_graph,test,rule4ml,bram,60.90986633300781,0.2490738034248352,44.44235610961914,59,0.0009913240720413764
100,logistic_hurdle_rbf_threshold_graph,test,rule4ml,cycles_max,63.908660888671875,0.08018773794174194,443.9170837402344,59,0.0009913240720413764
100,logistic_hurdle_rbf_threshold_graph,test,rule4ml,interval_max,83.63066101074219,0.27907443046569824,65.33300018310547,59,0.0009913240720413764
100,logistic_hurdle_rbf_expected_graph,exemplar,all,lut,65.02497863769531,0.2698822021484375,23490.25390625,400,0.0009913240720413764
100,logistic_hurdle_rbf_expected_graph,exemplar,all,ff,77.39678192138672,0.21246367692947388,15378.44140625,400,0.0009913240720413764
100,logistic_hurdle_rbf_expected_graph,exemplar,all,dsp,78.94490051269531,0.01327890157699585,699.2825927734375,400,0.0009913240720413764
100,logistic_hurdle_rbf_expected_graph,exemplar,all,bram,48.603660583496094,0.10863018035888672,2.3871166706085205,400,0.0009913240720413764
100,logistic_hurdle_rbf_expected_graph,exemplar,all,cycles_max,105.17082214355469,0.35708898305892944,1104.22265625,400,0.0009913240720413764
100,logistic_hurdle_rbf_expected_graph,exemplar,all,interval_max,123.13319396972656,-0.1396641731262207,584.4207153320312,400,0.0009913240720413764
100,logistic_hurdle_rbf_expected_graph,exemplar,exemplar,lut,65.02497863769531,0.2698822021484375,23490.25390625,400,0.0009913240720413764
100,logistic_hurdle_rbf_expected_graph,exemplar,exemplar,ff,77.39678192138672,0.21246367692947388,15378.44140625,400,0.0009913240720413764
100,logistic_hurdle_rbf_expected_graph,exemplar,exemplar,dsp,78.94490051269531,0.01327890157699585,699.2825927734375,400,0.0009913240720413764
100,logistic_hurdle_rbf_expected_graph,exemplar,exemplar,bram,48.603660583496094,0.10863018035888672,2.3871166706085205,400,0.0009913240720413764
100,logistic_hurdle_rbf_expected_graph,exemplar,exemplar,cycles_max,105.17082214355469,0.35708898305892944,1104.22265625,400,0.0009913240720413764
100,logistic_hurdle_rbf_expected_graph,exemplar,exemplar,interval_max,123.13319396972656,-0.1396641731262207,584.4207153320312,400,0.0009913240720413764
100,logistic_hurdle_rbf_threshold_graph,exemplar,all,lut,65.02497863769531,0.2698822021484375,23490.25390625,400,0.0009913240720413764
100,logistic_hurdle_rbf_threshold_graph,exemplar,all,ff,77.39678192138672,0.21246367692947388,15378.44140625,400,0.0009913240720413764
100,logistic_hurdle_rbf_threshold_graph,exemplar,all,dsp,71.08870697021484,0.026631534099578857,694.5350341796875,400,0.0009913240720413764
100,logistic_hurdle_rbf_threshold_graph,exemplar,all,bram,55.57697296142578,0.020914971828460693,2.5018134117126465,400,0.0009913240720413764
100,logistic_hurdle_rbf_threshold_graph,exemplar,all,cycles_max,105.17082214355469,0.35708898305892944,1104.22265625,400,0.0009913240720413764
100,logistic_hurdle_rbf_threshold_graph,exemplar,all,interval_max,123.13319396972656,-0.1396641731262207,584.4207153320312,400,0.0009913240720413764
100,logistic_hurdle_rbf_threshold_graph,exemplar,exemplar,lut,65.02497863769531,0.2698822021484375,23490.25390625,400,0.0009913240720413764
100,logistic_hurdle_rbf_threshold_graph,exemplar,exemplar,ff,77.39678192138672,0.21246367692947388,15378.44140625,400,0.0009913240720413764
100,logistic_hurdle_rbf_threshold_graph,exemplar,exemplar,dsp,71.08870697021484,0.026631534099578857,694.5350341796875,400,0.0009913240720413764
100,logistic_hurdle_rbf_threshold_graph,exemplar,exemplar,bram,55.57697296142578,0.020914971828460693,2.5018134117126465,400,0.0009913240720413764
100,logistic_hurdle_rbf_threshold_graph,exemplar,exemplar,cycles_max,105.17082214355469,0.35708898305892944,1104.22265625,400,0.0009913240720413764
100,logistic_hurdle_rbf_threshold_graph,exemplar,exemplar,interval_max,123.13319396972656,-0.1396641731262207,584.4207153320312,400,0.0009913240720413764
200,logistic_hurdle_rbf_expected_graph,test,all,lut,21.48095703125,0.8682701587677002,39395.703125,294,0.001971026253599257
200,logistic_hurdle_rbf_expected_graph,test,all,ff,25.24953842163086,0.9207853078842163,19162.884765625,294,0.001971026253599257
200,logistic_hurdle_rbf_expected_graph,test,all,dsp,33.281593322753906,0.779765784740448,499.7216491699219,294,0.001971026253599257
200,logistic_hurdle_rbf_expected_graph,test,all,bram,26.177629470825195,0.653571367263794,17.734664916992188,294,0.001971026253599257
200,logistic_hurdle_rbf_expected_graph,test,all,cycles_max,24.866317749023438,0.7755826711654663,248173.65625,294,0.001971026253599257
200,logistic_hurdle_rbf_expected_graph,test,all,interval_max,29.47481346130371,0.730374276638031,272143.46875,294,0.001971026253599257
200,logistic_hurdle_rbf_expected_graph,test,2layer,lut,12.793676376342773,0.7798231244087219,3142.2578125,64,0.001971026253599257
200,logistic_hurdle_rbf_expected_graph,test,2layer,ff,11.567890167236328,0.7765662670135498,1873.2845458984375,64,0.001971026253599257
200,logistic_hurdle_rbf_expected_graph,test,2layer,dsp,18.47079086303711,0.6347036361694336,2.696010112762451,64,0.001971026253599257
200,logistic_hurdle_rbf_expected_graph,test,2layer,bram,22.818004608154297,-0.00412750244140625,2.1621556282043457,64,0.001971026253599257
200,logistic_hurdle_rbf_expected_graph,test,2layer,cycles_max,5.742858409881592,0.9780844449996948,327.05535888671875,64,0.001971026253599257
200,logistic_hurdle_rbf_expected_graph,test,2layer,interval_max,6.225100517272949,0.973774790763855,212.91896057128906,64,0.001971026253599257
200,logistic_hurdle_rbf_expected_graph,test,3layer,lut,13.555017471313477,0.7292468547821045,5060.16552734375,58,0.001971026253599257
200,logistic_hurdle_rbf_expected_graph,test,3layer,ff,11.812723159790039,0.7100844383239746,2803.98388671875,58,0.001971026253599257
200,logistic_hurdle_rbf_expected_graph,test,3layer,dsp,17.484525680541992,0.673438310623169,3.1734213829040527,58,0.001971026253599257
200,logistic_hurdle_rbf_expected_graph,test,3layer,bram,23.025230407714844,-0.09682917594909668,6.212993144989014,58,0.001971026253599257
200,logistic_hurdle_rbf_expected_graph,test,3layer,cycles_max,5.405539512634277,0.9801559448242188,458.51300048828125,58,0.001971026253599257
200,logistic_hurdle_rbf_expected_graph,test,3layer,interval_max,7.226968765258789,0.9733448028564453,226.46473693847656,58,0.001971026253599257
200,logistic_hurdle_rbf_expected_graph,test,conv1d,lut,10.254622459411621,0.9467061758041382,3101.299072265625,24,0.001971026253599257
200,logistic_hurdle_rbf_expected_graph,test,conv1d,ff,9.080038070678711,0.9005652666091919,5611.2509765625,24,0.001971026253599257
200,logistic_hurdle_rbf_expected_graph,test,conv1d,dsp,8.184800148010254,0.9576245546340942,0.5000593662261963,24,0.001971026253599257
200,logistic_hurdle_rbf_expected_graph,test,conv1d,bram,35.44529724121094,0.5106117129325867,8.296205520629883,24,0.001971026253599257
200,logistic_hurdle_rbf_expected_graph,test,conv1d,cycles_max,34.17399978637695,0.875217080116272,53307.05859375,24,0.001971026253599257
200,logistic_hurdle_rbf_expected_graph,test,conv1d,interval_max,35.74094009399414,0.8595169186592102,56560.9765625,24,0.001971026253599257
200,logistic_hurdle_rbf_expected_graph,test,conv2d,lut,19.080280303955078,0.8101581335067749,8723.5732421875,13,0.001971026253599257
200,logistic_hurdle_rbf_expected_graph,test,conv2d,ff,19.35202407836914,0.6445615291595459,35417.45703125,13,0.001971026253599257
200,logistic_hurdle_rbf_expected_graph,test,conv2d,dsp,30.519655227661133,0.7191269397735596,1.0832133293151855,13,0.001971026253599257
200,logistic_hurdle_rbf_expected_graph,test,conv2d,bram,30.3904972076416,0.5720561742782593,12.740330696105957,13,0.001971026253599257
200,logistic_hurdle_rbf_expected_graph,test,conv2d,cycles_max,62.776004791259766,0.5776315331459045,1177979.625,13,0.001971026253599257
200,logistic_hurdle_rbf_expected_graph,test,conv2d,interval_max,63.213260650634766,0.4921126365661621,1291911.625,13,0.001971026253599257
200,logistic_hurdle_rbf_expected_graph,test,dense_latency,lut,14.969500541687012,0.884867787361145,39565.51171875,42,0.001971026253599257
200,logistic_hurdle_rbf_expected_graph,test,dense_latency,ff,16.603853225708008,0.9444268941879272,29088.427734375,42,0.001971026253599257
200,logistic_hurdle_rbf_expected_graph,test,dense_latency,dsp,53.86789321899414,0.8714051842689514,771.4431762695312,42,0.001971026253599257
200,logistic_hurdle_rbf_expected_graph,test,dense_latency,bram,0.35492080450057983,-2902.456787109375,0.0028707017190754414,42,0.001971026253599257
200,logistic_hurdle_rbf_expected_graph,test,dense_latency,cycles_max,22.41864585876465,0.8973067402839661,52.21315383911133,42,0.001971026253599257
200,logistic_hurdle_rbf_expected_graph,test,dense_latency,interval_max,25.31728172302246,0.8932086825370789,9.390777587890625,42,0.001971026253599257
200,logistic_hurdle_rbf_expected_graph,test,dense_resource,lut,11.09997272491455,0.9731835126876831,27835.177734375,34,0.001971026253599257
200,logistic_hurdle_rbf_expected_graph,test,dense_resource,ff,8.37587833404541,0.9707528352737427,9411.16796875,34,0.001971026253599257
200,logistic_hurdle_rbf_expected_graph,test,dense_resource,dsp,43.88050079345703,0.8841971158981323,470.5892028808594,34,0.001971026253599257
200,logistic_hurdle_rbf_expected_graph,test,dense_resource,bram,8.76126766204834,0.9765419363975525,1.4205644130706787,34,0.001971026253599257
200,logistic_hurdle_rbf_expected_graph,test,dense_resource,cycles_max,10.895060539245605,0.9659296274185181,464.4320068359375,34,0.001971026253599257
200,logistic_hurdle_rbf_expected_graph,test,dense_resource,interval_max,19.9420108795166,0.9348995685577393,90.04989624023438,34,0.001971026253599257
200,logistic_hurdle_rbf_expected_graph,test,rule4ml,lut,54.40919494628906,0.5992789268493652,78207.234375,59,0.001971026253599257
200,logistic_hurdle_rbf_expected_graph,test,rule4ml,ff,77.05496215820312,0.5717753171920776,29593.0078125,59,0.001971026253599257
200,logistic_hurdle_rbf_expected_graph,test,rule4ml,dsp,54.931800842285156,0.14280986785888672,832.5215454101562,59,0.001971026253599257
200,logistic_hurdle_rbf_expected_graph,test,rule4ml,bram,56.641597747802734,0.4451788067817688,38.20102310180664,59,0.001971026253599257
200,logistic_hurdle_rbf_expected_graph,test,rule4ml,cycles_max,62.395835876464844,0.1060900092124939,437.6220397949219,59,0.001971026253599257
200,logistic_hurdle_rbf_expected_graph,test,rule4ml,interval_max,75.03585052490234,0.2087411880493164,68.4457778930664,59,0.001971026253599257
200,logistic_hurdle_rbf_threshold_graph,test,all,lut,21.48095703125,0.8682701587677002,39395.703125,294,0.001971026253599257
200,logistic_hurdle_rbf_threshold_graph,test,all,ff,25.24953842163086,0.9207853078842163,19162.884765625,294,0.001971026253599257
200,logistic_hurdle_rbf_threshold_graph,test,all,dsp,21.311588287353516,0.7795245051383972,499.9953308105469,294,0.001971026253599257
200,logistic_hurdle_rbf_threshold_graph,test,all,bram,25.608152389526367,0.654245138168335,17.7174129486084,294,0.001971026253599257
200,logistic_hurdle_rbf_threshold_graph,test,all,cycles_max,24.866317749023438,0.7755826711654663,248173.65625,294,0.001971026253599257
200,logistic_hurdle_rbf_threshold_graph,test,all,interval_max,29.47481346130371,0.730374276638031,272143.46875,294,0.001971026253599257
200,logistic_hurdle_rbf_threshold_graph,test,2layer,lut,12.793676376342773,0.7798231244087219,3142.2578125,64,0.001971026253599257
200,logistic_hurdle_rbf_threshold_graph,test,2layer,ff,11.567890167236328,0.7765662670135498,1873.2845458984375,64,0.001971026253599257
200,logistic_hurdle_rbf_threshold_graph,test,2layer,dsp,16.438203811645508,0.6356929540634155,2.692357063293457,64,0.001971026253599257
200,logistic_hurdle_rbf_threshold_graph,test,2layer,bram,22.821626663208008,-0.0038317441940307617,2.161837339401245,64,0.001971026253599257
200,logistic_hurdle_rbf_threshold_graph,test,2layer,cycles_max,5.742858409881592,0.9780844449996948,327.05535888671875,64,0.001971026253599257
200,logistic_hurdle_rbf_threshold_graph,test,2layer,interval_max,6.225100517272949,0.973774790763855,212.91896057128906,64,0.001971026253599257
200,logistic_hurdle_rbf_threshold_graph,test,3layer,lut,13.555017471313477,0.7292468547821045,5060.16552734375,58,0.001971026253599257
200,logistic_hurdle_rbf_threshold_graph,test,3layer,ff,11.812723159790039,0.7100844383239746,2803.98388671875,58,0.001971026253599257
200,logistic_hurdle_rbf_threshold_graph,test,3layer,dsp,16.67623519897461,0.6733037233352661,3.174075126647949,58,0.001971026253599257
200,logistic_hurdle_rbf_threshold_graph,test,3layer,bram,23.036256790161133,-0.09680557250976562,6.212925910949707,58,0.001971026253599257
200,logistic_hurdle_rbf_threshold_graph,test,3layer,cycles_max,5.405539512634277,0.9801559448242188,458.51300048828125,58,0.001971026253599257
200,logistic_hurdle_rbf_threshold_graph,test,3layer,interval_max,7.226968765258789,0.9733448028564453,226.46473693847656,58,0.001971026253599257
200,logistic_hurdle_rbf_threshold_graph,test,conv1d,lut,10.254622459411621,0.9467061758041382,3101.299072265625,24,0.001971026253599257
200,logistic_hurdle_rbf_threshold_graph,test,conv1d,ff,9.080038070678711,0.9005652666091919,5611.2509765625,24,0.001971026253599257
200,logistic_hurdle_rbf_threshold_graph,test,conv1d,dsp,7.267194747924805,0.9578948020935059,0.4984622299671173,24,0.001971026253599257
200,logistic_hurdle_rbf_threshold_graph,test,conv1d,bram,35.44805908203125,0.5106073617935181,8.296242713928223,24,0.001971026253599257
200,logistic_hurdle_rbf_threshold_graph,test,conv1d,cycles_max,34.17399978637695,0.875217080116272,53307.05859375,24,0.001971026253599257
200,logistic_hurdle_rbf_threshold_graph,test,conv1d,interval_max,35.74094009399414,0.8595169186592102,56560.9765625,24,0.001971026253599257
200,logistic_hurdle_rbf_threshold_graph,test,conv2d,lut,19.080280303955078,0.8101581335067749,8723.5732421875,13,0.001971026253599257
200,logistic_hurdle_rbf_threshold_graph,test,conv2d,ff,19.35202407836914,0.6445615291595459,35417.45703125,13,0.001971026253599257
200,logistic_hurdle_rbf_threshold_graph,test,conv2d,dsp,18.224000930786133,0.7283098697662354,1.0653587579727173,13,0.001971026253599257
200,logistic_hurdle_rbf_threshold_graph,test,conv2d,bram,30.385610580444336,0.5721523761749268,12.738899230957031,13,0.001971026253599257
200,logistic_hurdle_rbf_threshold_graph,test,conv2d,cycles_max,62.776004791259766,0.5776315331459045,1177979.625,13,0.001971026253599257
200,logistic_hurdle_rbf_threshold_graph,test,conv2d,interval_max,63.213260650634766,0.4921126365661621,1291911.625,13,0.001971026253599257
200,logistic_hurdle_rbf_threshold_graph,test,dense_latency,lut,14.969500541687012,0.884867787361145,39565.51171875,42,0.001971026253599257
200,logistic_hurdle_rbf_threshold_graph,test,dense_latency,ff,16.603853225708008,0.9444268941879272,29088.427734375,42,0.001971026253599257
200,logistic_hurdle_rbf_threshold_graph,test,dense_latency,dsp,18.37713623046875,0.8712688684463501,771.8519897460938,42,0.001971026253599257
200,logistic_hurdle_rbf_threshold_graph,test,dense_latency,bram,0.0,1.0,0.0,42,0.001971026253599257
200,logistic_hurdle_rbf_threshold_graph,test,dense_latency,cycles_max,22.41864585876465,0.8973067402839661,52.21315383911133,42,0.001971026253599257
200,logistic_hurdle_rbf_threshold_graph,test,dense_latency,interval_max,25.31728172302246,0.8932086825370789,9.390777587890625,42,0.001971026253599257
200,logistic_hurdle_rbf_threshold_graph,test,dense_resource,lut,11.09997272491455,0.9731835126876831,27835.177734375,34,0.001971026253599257
200,logistic_hurdle_rbf_threshold_graph,test,dense_resource,ff,8.37587833404541,0.9707528352737427,9411.16796875,34,0.001971026253599257
200,logistic_hurdle_rbf_threshold_graph,test,dense_resource,dsp,16.63249969482422,0.8833301663398743,472.3475341796875,34,0.001971026253599257
200,logistic_hurdle_rbf_threshold_graph,test,dense_resource,bram,7.745565414428711,0.9776741862297058,1.3858574628829956,34,0.001971026253599257
200,logistic_hurdle_rbf_threshold_graph,test,dense_resource,cycles_max,10.895060539245605,0.9659296274185181,464.4320068359375,34,0.001971026253599257
200,logistic_hurdle_rbf_threshold_graph,test,dense_resource,interval_max,19.9420108795166,0.9348995685577393,90.04989624023438,34,0.001971026253599257
200,logistic_hurdle_rbf_threshold_graph,test,rule4ml,lut,54.40919494628906,0.5992789268493652,78207.234375,59,0.001971026253599257
200,logistic_hurdle_rbf_threshold_graph,test,rule4ml,ff,77.05496215820312,0.5717753171920776,29593.0078125,59,0.001971026253599257
200,logistic_hurdle_rbf_threshold_graph,test,rule4ml,dsp,42.333404541015625,0.14286082983016968,832.4968872070312,59,0.001971026253599257
200,logistic_hurdle_rbf_threshold_graph,test,rule4ml,bram,54.627017974853516,0.44631242752075195,38.1619758605957,59,0.001971026253599257
200,logistic_hurdle_rbf_threshold_graph,test,rule4ml,cycles_max,62.395835876464844,0.1060900092124939,437.6220397949219,59,0.001971026253599257
200,logistic_hurdle_rbf_threshold_graph,test,rule4ml,interval_max,75.03585052490234,0.2087411880493164,68.4457778930664,59,0.001971026253599257
200,logistic_hurdle_rbf_expected_graph,exemplar,all,lut,64.32946014404297,0.10842806100845337,25957.892578125,400,0.001971026253599257
200,logistic_hurdle_rbf_expected_graph,exemplar,all,ff,84.39315795898438,-0.23993325233459473,19296.39453125,400,0.001971026253599257
200,logistic_hurdle_rbf_expected_graph,exemplar,all,dsp,80.572021484375,0.05007600784301758,686.1198120117188,400,0.001971026253599257
200,logistic_hurdle_rbf_expected_graph,exemplar,all,bram,57.62738037109375,-0.44295036792755127,3.0371789932250977,400,0.001971026253599257
200,logistic_hurdle_rbf_expected_graph,exemplar,all,cycles_max,93.87110900878906,0.4080447554588318,1059.560302734375,400,0.001971026253599257
200,logistic_hurdle_rbf_expected_graph,exemplar,all,interval_max,120.4085922241211,-0.12410056591033936,580.41650390625,400,0.001971026253599257
200,logistic_hurdle_rbf_expected_graph,exemplar,exemplar,lut,64.32946014404297,0.10842806100845337,25957.892578125,400,0.001971026253599257
200,logistic_hurdle_rbf_expected_graph,exemplar,exemplar,ff,84.39315795898438,-0.23993325233459473,19296.39453125,400,0.001971026253599257
200,logistic_hurdle_rbf_expected_graph,exemplar,exemplar,dsp,80.572021484375,0.05007600784301758,686.1198120117188,400,0.001971026253599257
200,logistic_hurdle_rbf_expected_graph,exemplar,exemplar,bram,57.62738037109375,-0.44295036792755127,3.0371789932250977,400,0.001971026253599257
200,logistic_hurdle_rbf_expected_graph,exemplar,exemplar,cycles_max,93.87110900878906,0.4080447554588318,1059.560302734375,400,0.001971026253599257
200,logistic_hurdle_rbf_expected_graph,exemplar,exemplar,interval_max,120.4085922241211,-0.12410056591033936,580.41650390625,400,0.001971026253599257
200,logistic_hurdle_rbf_threshold_graph,exemplar,all,lut,64.32946014404297,0.10842806100845337,25957.892578125,400,0.001971026253599257
200,logistic_hurdle_rbf_threshold_graph,exemplar,all,ff,84.39315795898438,-0.23993325233459473,19296.39453125,400,0.001971026253599257
200,logistic_hurdle_rbf_threshold_graph,exemplar,all,dsp,72.26893615722656,0.0611419677734375,682.1116333007812,400,0.001971026253599257
200,logistic_hurdle_rbf_threshold_graph,exemplar,all,bram,66.86714935302734,-0.7565069198608398,3.3509628772735596,400,0.001971026253599257
200,logistic_hurdle_rbf_threshold_graph,exemplar,all,cycles_max,93.87110900878906,0.4080447554588318,1059.560302734375,400,0.001971026253599257
200,logistic_hurdle_rbf_threshold_graph,exemplar,all,interval_max,120.4085922241211,-0.12410056591033936,580.41650390625,400,0.001971026253599257
200,logistic_hurdle_rbf_threshold_graph,exemplar,exemplar,lut,64.32946014404297,0.10842806100845337,25957.892578125,400,0.001971026253599257
200,logistic_hurdle_rbf_threshold_graph,exemplar,exemplar,ff,84.39315795898438,-0.23993325233459473,19296.39453125,400,0.001971026253599257
200,logistic_hurdle_rbf_threshold_graph,exemplar,exemplar,dsp,72.26893615722656,0.0611419677734375,682.1116333007812,400,0.001971026253599257
200,logistic_hurdle_rbf_threshold_graph,exemplar,exemplar,bram,66.86714935302734,-0.7565069198608398,3.3509628772735596,400,0.001971026253599257
200,logistic_hurdle_rbf_threshold_graph,exemplar,exemplar,cycles_max,93.87110900878906,0.4080447554588318,1059.560302734375,400,0.001971026253599257
200,logistic_hurdle_rbf_threshold_graph,exemplar,exemplar,interval_max,120.4085922241211,-0.12410056591033936,580.41650390625,400,0.001971026253599257
