epoch,train_loss,val_r2,val_r2_lut,val_r2_ff,val_r2_dsp,val_r2_bram,val_r2_cycles_max,val_r2_interval_max,val_resource_r2,val_timing_r2,val_smape,val_smape_lut,val_smape_ff,val_smape_dsp,val_smape_bram,val_smape_cycles_max,val_smape_interval_max,val_resource_smape,val_timing_smape,val_rmse,val_rmse_lut,val_rmse_ff,val_rmse_dsp,val_rmse_bram,val_rmse_cycles_max,val_rmse_interval_max,val_resource_rmse,val_timing_rmse,val_loss,train_seconds,validation_seconds,epoch_seconds,cumulative_training_seconds,train_seconds_per_sample,data_wait_seconds,compute_submission_seconds,data_wait_fraction,peak_gpu_memory_mb
1,0.34815743565559387,0.19976137578487396,0.3988151550292969,0.4361993670463562,0.044422268867492676,0.3109963536262512,0.006708681583404541,0.001426398754119873,0.29760828614234924,0.004067540168762207,57.42236328125,50.32143020629883,48.798519134521484,58.30247497558594,47.00614929199219,67.46128845214844,72.6443099975586,51.10714340209961,70.05279541015625,366467.0,112073.03125,59966.2421875,1757.550537109375,28.856586456298828,1011056.5,1013919.875,43456.421875,1012488.1875,0.2395780384540558,96.33719458999985,14.292507864000072,110.62970405099986,111.02717142199981,0.03513391487600286,0.6293601889992715,95.70572021699991,0.0065330322697283874,2327.08740234375
2,0.21213801205158234,0.3681880533695221,0.4769895076751709,0.3970698118209839,0.6308926343917847,0.3435746431350708,0.15218442678451538,0.20841741561889648,0.46213164925575256,0.18030092120170593,51.46635818481445,44.96055603027344,47.285987854003906,43.05754089355469,42.55766296386719,64.23833465576172,66.69806671142578,44.46543502807617,65.46820068359375,334081.90625,104532.734375,62012.26171875,1092.3232421875,28.166109085083008,934088.0,902737.9375,41916.375,918413.0,0.18536683917045593,96.2740828900005,13.407192200998907,109.68127648200061,220.74348179499975,0.03511089820933643,0.5135201929933828,95.75743659200634,0.005334113320803684,2391.3603515625
3,0.1755790412425995,0.37088701128959656,0.4012463092803955,0.5806742906570435,0.39782458543777466,0.3507639765739441,0.24027812480926514,0.2545347213745117,0.4326273202896118,0.24740642309188843,48.97736740112305,44.32075500488281,45.19221115112305,39.23457336425781,43.17727279663086,58.83705520629883,63.10234069824219,42.981204986572266,60.969696044921875,320876.65625,111846.1953125,51715.38671875,1395.1995849609375,28.011444091796875,884228.3125,876046.75,41246.19921875,880137.5,0.1646193563938141,95.76054805199965,12.481671823999932,108.24222100800034,329.01705410700015,0.034923613439824815,0.5779704690194194,95.17989219298033,0.006035749472181769,2697.28759765625
4,0.16332457959651947,0.32639968395233154,0.38858330249786377,0.41465115547180176,0.3466643691062927,0.31755661964416504,0.2536056637763977,0.2373369336128235,0.36686384677886963,0.2454712986946106,47.78628921508789,46.55122375488281,47.96956253051758,39.23978042602539,40.76901626586914,53.76860427856445,58.4195671081543,43.63239288330078,56.094085693359375,323023.125,113022.71875,61101.4375,1453.2587890625,28.71887969970703,876438.1875,886094.3125,43901.53515625,881266.25,0.15914350748062134,95.08347486799903,12.77945807099968,107.862933856999,436.91150413799915,0.03467668667687784,0.6710540619878884,94.40993857101239,0.007057709889273726,2697.28759765625
5,0.1518920660018921,0.35685455799102783,0.4681254029273987,0.5847927331924438,0.4446711540222168,0.3181931972503662,0.15743064880371094,0.1679142713546753,0.4539456367492676,0.16267246007919312,48.72154235839844,41.01869583129883,40.81273651123047,37.345062255859375,44.670204162597656,62.03864288330078,66.44390869140625,40.96167755126953,64.24127197265625,335830.46875,105414.8359375,51460.796875,1339.8306884765625,28.705482482910156,931193.5,925545.1875,39561.0390625,928369.375,0.15786783397197723,94.4811196970004,13.000739256998713,107.48186014500061,544.4244826739996,0.03445700937162669,0.5349724430034257,93.94384735999665,0.005662353150885128,2697.28759765625
6,0.14167854189872742,0.4785250723361969,0.606898307800293,0.5777751207351685,0.7063541412353516,0.3931092619895935,0.30540984869003296,0.2816038727760315,0.5710341930389404,0.2935068607330322,42.453250885009766,37.065460205078125,39.75266647338867,31.95498275756836,35.79701232910156,52.8721923828125,57.27717208862305,36.14253234863281,55.074684143066406,308165.1875,90625.3203125,51893.859375,974.28662109375,27.082544326782227,845476.25,859994.3125,35880.13671875,852735.25,0.1279698610305786,94.48241538000002,12.907947211000646,107.39036377999946,651.8443468659989,0.034457481903719916,0.5061467039977288,93.97392708100233,0.005357179389481871,2697.28759765625
7,0.13568265736103058,0.5505286455154419,0.6371780633926392,0.623916745185852,0.6277623772621155,0.44748181104660034,0.4339040517807007,0.5329286456108093,0.5840847492218018,0.483416348695755,41.59285354614258,34.43122100830078,34.521114349365234,37.892005920410156,36.00053024291992,51.050315856933594,55.66191101074219,35.71121597290039,53.35611343383789,265645.875,87065.0546875,48976.30859375,1096.9451904296875,25.84088897705078,763276.9375,693434.125,34291.03515625,728355.5,0.12691590189933777,94.56862582400026,12.92874814499919,107.49737479199939,759.3751387119992,0.034488922619985506,0.6363304120186513,93.92965698898115,0.0067289564621193145,2697.28759765625
8,0.13057272136211395,0.5196741223335266,0.6097735166549683,0.5942004919052124,0.7138588428497314,0.405647337436676,0.380573570728302,0.4139912724494934,0.5808700323104858,0.3972824215888977,39.69052505493164,32.60577392578125,33.92280960083008,30.764118194580078,32.39238739013672,50.48788070678711,57.970191955566406,32.42127227783203,54.229034423828125,286216.59375,90293.2890625,50874.45703125,961.756103515625,26.801326751708984,798421.0625,776722.0625,35539.07421875,787571.5625,0.11863010376691818,94.50427941199996,12.717461825999635,107.22174223100046,866.6294840899991,0.03446545565718452,0.5853555310077354,93.91638808299285,0.006194124135938313,2697.28759765625
9,0.12551581859588623,0.5382063388824463,0.7043359279632568,0.7472313642501831,0.777635931968689,0.5069586038589478,0.265367329120636,0.22770875692367554,0.6840404272079468,0.24653804302215576,36.98551559448242,31.431644439697266,29.417980194091797,29.580873489379883,33.3637580871582,45.75971984863281,52.35912322998047,30.948562622070312,49.05942153930664,313465.78125,78595.265625,40151.859375,847.8267211914062,24.41045379638672,869505.25,891670.0,29904.841796875,880587.625,0.10771233588457108,93.26968717400086,13.357468701000471,106.62715693700011,973.2898762979985,0.03401520319985444,0.6346548710080242,92.63327877299162,0.006804641704945229,2697.28759765625
10,0.12342715263366699,0.5833559632301331,0.6832497119903564,0.7004812359809875,0.7972713708877563,0.4998486042022705,0.3930489420890808,0.42623579502105713,0.6702126860618591,0.40964236855506897,36.357879638671875,31.05885124206543,28.28563690185547,29.69340705871582,33.88533020019531,44.69994354248047,50.52409744262695,30.730806350708008,47.612022399902344,280799.28125,81349.6328125,43707.5078125,809.5289306640625,24.585832595825195,790340.0,768564.5,31472.814453125,779452.25,0.10478991270065308,93.52090282400059,12.713903370999105,106.23480705399925,1079.5605817999985,0.03410682086943858,0.601242396995076,92.91743181100537,0.006429115918151459,2697.28759765625
11,0.11572152376174927,0.4228477478027344,0.6211835741996765,0.680781364440918,0.4988318085670471,0.44245147705078125,0.17118710279464722,0.1226511001586914,0.5608120560646057,0.1469191014766693,38.82257080078125,32.210670471191406,29.463661193847656,36.24192428588867,33.56684875488281,45.48564147949219,55.9666862487793,32.87077713012695,50.726165771484375,334888.375,88963.4296875,45121.98046875,1272.8187255859375,25.958255767822266,923560.5,950385.4375,33846.04296875,936973.0,0.1120833307504654,94.81859896300011,12.81123740899966,107.62983732599969,1187.2496396219994,0.034580087149161234,0.634925894004482,94.18106010999509,0.006696401321795032,2697.28759765625
12,0.10950135439634323,0.42331090569496155,0.486483633518219,0.5292900800704956,0.35810762643814087,0.369096040725708,0.37912148237228394,0.4177665114402771,0.43574434518814087,0.3984439969062805,36.017822265625,34.50660705566406,35.24766159057617,36.828033447265625,33.82832336425781,36.56031036376953,39.1359977722168,35.102657318115234,37.84815216064453,288902.09375,103579.609375,54792.44921875,1440.4755859375,27.613140106201172,799356.3125,774216.0625,39960.03515625,786786.1875,0.10277721285820007,95.52165829600017,12.971341448001112,108.49300066199976,1295.7449548999994,0.03483649099051793,0.7124275290007063,94.80695742699936,0.007458460178830486,2697.28759765625
13,0.10904718935489655,0.5808279514312744,0.5605961680412292,0.5309947729110718,0.8026306629180908,0.4347509741783142,0.564494788646698,0.5915002822875977,0.5822431445121765,0.5779975652694702,34.542083740234375,33.33958053588867,33.649600982666016,28.45810890197754,31.724220275878906,39.21640396118164,40.864593505859375,31.792877197265625,40.040496826171875,244884.203125,95814.015625,54693.14453125,798.7568969726562,26.13690185546875,669474.125,648499.1875,37833.01171875,658986.625,0.09486541897058487,94.24684223100121,13.048286856999766,107.29513025300002,1403.073750870999,0.034371569012035454,0.5647377779932867,93.68009519300722,0.005992241274034181,2697.28759765625
14,0.10604936629533768,0.6239992380142212,0.7077199220657349,0.6430580019950867,0.8060218691825867,0.45285898447036743,0.5508678555488586,0.5834687948226929,0.6524146795272827,0.5671683549880981,34.70418167114258,27.326860427856445,29.994415283203125,30.5853328704834,32.30897903442383,42.96717834472656,45.04233169555664,30.053897857666016,44.00475311279297,243564.328125,78144.1875,47713.67578125,791.8651123046875,25.714839935302734,679867.375,654843.25,31668.859375,667355.3125,0.09429483860731125,94.61159265399874,12.96368097300001,107.57527501099867,1510.6818471939987,0.03450459250692879,0.6527916619870666,93.95596444201328,0.0068999074596168865,2697.28759765625
15,0.10146738588809967,0.6709792613983154,0.7882934212684631,0.850476861000061,0.7502696514129639,0.5105079412460327,0.5362391471862793,0.5900887250900269,0.7248870134353638,0.5631639361381531,31.54181480407715,28.379154205322266,26.701316833496094,26.606470108032227,30.77281951904297,35.07210159301758,41.71900939941406,28.114940643310547,38.39555358886719,239796.703125,66506.53125,30881.48828125,898.4842529296875,24.322431564331055,690850.625,649618.75,24577.705078125,670234.6875,0.08401406556367874,94.28878239799997,12.897871813000165,107.18665540000075,1617.870902544999,0.03438686447775345,0.6060227229972952,93.68092760900254,0.006427429467846714,2697.28759765625
16,0.10243254899978638,0.5529159903526306,0.7617175579071045,0.704524040222168,0.7841194272041321,0.4716702699661255,0.3189353942871094,0.27652937173843384,0.6805077791213989,0.2977323830127716,32.5553092956543,28.750202178955078,30.081069946289062,27.375701904296875,30.76410675048828,36.103599548339844,42.25717544555664,29.242769241333008,39.180389404296875,302509.96875,70557.5,43411.53125,835.375244140625,25.268922805786133,837203.9375,863026.375,28707.41796875,850115.125,0.08704227209091187,93.57974054899933,13.15618653599995,106.73592814699987,1724.6726326839998,0.03412827882895672,0.6691982479878789,92.9083034660107,0.007151272856515801,2697.28759765625
17,0.09906415641307831,0.5531430840492249,0.6889666318893433,0.7355597019195557,0.6953752040863037,0.4119250774383545,0.4289625287055969,0.35806912183761597,0.6329566836357117,0.39351582527160645,32.54375076293945,26.940885543823242,27.078628540039062,27.09089469909668,32.414764404296875,37.762901306152344,43.97442626953125,28.38129425048828,40.8686637878418,283706.53125,80612.1640625,41068.41015625,992.3329467773438,26.659408569335938,766601.0625,812938.5625,30674.892578125,789769.8125,0.08672719448804855,93.19294298900058,13.154683864000617,106.3476279030001,1831.0226590459988,0.03398721480269897,0.6103391049819038,92.5805154720183,0.00654934550983866,2697.28759765625
18,0.09563503414392471,0.6532820463180542,0.7936632633209229,0.8262903690338135,0.7824819087982178,0.484893262386322,0.5252941250801086,0.5070693492889404,0.7218322157859802,0.5161817073822021,29.20423126220703,26.73232650756836,25.254669189453125,25.20124053955078,29.42270851135254,33.830787658691406,34.783660888671875,26.652734756469727,34.30722427368164,251855.609375,65657.6640625,33285.5703125,838.5374755859375,24.950702667236328,698955.3125,712371.4375,24951.681640625,705663.375,0.07698532938957214,92.82674514000064,12.747532060000594,105.5742781909994,1936.5993898389988,0.03385366343544881,0.5441303679981502,92.280910442003,0.005861892041737993,2697.28759765625
19,0.09810785204172134,0.6409222483634949,0.8048820495605469,0.8508573770523071,0.8918286561965942,0.4777557849884033,0.4615364074707031,0.35867345333099365,0.7563309669494629,0.4101049304008484,33.34012985229492,28.005992889404297,28.20063018798828,29.364931106567383,31.86705780029297,36.82782745361328,45.774330139160156,29.35965347290039,41.30107879638672,275379.59375,63847.765625,30842.16796875,591.3314208984375,25.122970581054688,744415.3125,812555.8125,23826.59765625,778485.5625,0.08842209726572037,93.98037865300103,12.997745913999097,106.97812556899953,2043.6092860129993,0.03427439046426004,0.5757732180063613,93.40250167199338,0.006126662983336264,2697.28759765625
20,0.09732436388731003,0.6243845820426941,0.8006573915481567,0.8189210891723633,0.7966038584709167,0.44563180208206177,0.4041239023208618,0.4803696274757385,0.7154535055160522,0.44224676489830017,32.17182922363281,28.728120803833008,28.081867218017578,25.20693016052246,33.73674011230469,38.00851821899414,39.26880645751953,28.93841552734375,38.63866424560547,268977.0625,64535.2734375,33984.26953125,810.8604736328125,25.88411521911621,783096.1875,731409.9375,24839.072265625,757253.0625,0.08419475704431534,93.16066198799854,12.935865700001159,106.09652886999902,2149.7083038759993,0.0339754420087522,0.614767857006882,92.54419367999253,0.0065991274147331296,2697.28759765625
21,0.093961700797081,0.5542476773262024,0.6266869306564331,0.6199129223823547,0.647981584072113,0.422204852104187,0.5576720237731934,0.45102769136428833,0.579196572303772,0.5043498277664185,31.809865951538086,31.083574295043945,29.581907272338867,27.92436408996582,31.297677993774414,34.09175109863281,36.87991714477539,29.971879959106445,35.48583221435547,260853.125,88314.84375,49236.3203125,1066.7373046875,26.425373077392578,674697.8125,751776.625,34661.078125,713237.25,0.08798723667860031,94.09698336300062,12.778355624001051,106.87533998800063,2256.617518859999,0.03431691588730876,0.563111267027125,93.53219438397173,0.0059844777922898156,2697.28759765625
22,0.09326501935720444,0.5667193531990051,0.6582105159759521,0.745877742767334,0.755566418170929,0.4222886562347412,0.3972827196121216,0.4210900664329529,0.6454858183860779,0.40918639302253723,30.36119270324707,28.534645080566406,25.644258499145508,26.37858772277832,29.72160530090332,33.85386276245117,38.034202575683594,27.569772720336914,35.94403076171875,280876.71875,84503.8515625,40259.22265625,888.90478515625,26.4234561920166,787578.625,772003.1875,31419.6015625,779790.875,0.08033142238855362,94.29382760899898,12.963612790999832,107.25744126099926,2363.8779322640003,0.03438870445258898,0.6241366810099862,93.66770839399032,0.00661920106148675,2697.28759765625
23,0.09145908802747726,0.48528727889060974,0.6240483522415161,0.6570124626159668,0.6155911684036255,0.4256672263145447,0.2592012882232666,0.3302028775215149,0.5805798172950745,0.29470208287239075,32.090938568115234,28.89229965209961,27.947425842285156,28.535369873046875,32.35308074951172,33.31849670410156,41.49894332885742,29.432043075561523,37.408721923828125,306680.34375,88626.3984375,46771.70703125,1114.734619140625,26.346078872680664,873146.75,830396.0,34134.796875,851771.375,0.08810222893953323,93.86103844399986,13.171299022000312,107.03233834099956,2470.912945201,0.0342308674121079,0.5205941410094965,93.33859954599211,0.005546543929895199,2697.28759765625
24,0.09218470007181168,0.6662375926971436,0.7952491641044617,0.7030046582221985,0.8725064992904663,0.5067876577377319,0.5654610991477966,0.5544165372848511,0.7193870544433594,0.5599387884140015,29.843351364135742,27.440589904785156,25.930198669433594,22.825946807861328,30.30966567993164,35.249813079833984,37.30388641357422,26.626598358154297,36.27684783935547,242603.4375,65404.8515625,43523.00390625,641.9759521484375,24.41468620300293,668731.0,677295.375,27398.5625,673013.1875,0.08004611730575562,93.93269123799837,13.242603937998865,107.17529610199927,2578.0909389869994,0.034256998992705456,0.5105127399892808,93.41935519401159,0.005435041603039289,2697.28759765625
25,0.09427722543478012,0.6038732528686523,0.7448785305023193,0.7192181348800659,0.7666085958480835,0.48455810546875,0.43693315982818604,0.4710428714752197,0.6788158416748047,0.4539880156517029,34.08614730834961,28.686513900756836,26.426156997680664,29.687713623046875,31.274574279785156,39.507137298583984,48.934776306152344,29.018739700317383,44.22095489501953,269232.8125,73008.03125,42318.33203125,868.5947875976562,24.958820343017578,761232.0625,737944.75,29054.978515625,749588.375,0.09213072806596756,95.267014088,13.07030988599945,108.33732483999847,2686.431157584,0.03474362293508388,0.6368238509858202,94.6282281560143,0.006684758340750457,2697.28759765625
26,0.09014489501714706,0.6061520576477051,0.8167673349380493,0.8022832870483398,0.7452762722969055,0.5199034214019775,0.357987642288208,0.3946945071220398,0.7210575938224792,0.3763410747051239,30.795122146606445,26.557334899902344,24.29568862915039,26.169946670532227,31.06268310546875,36.835182189941406,39.84989929199219,27.021413803100586,38.3425407409668,283428.21875,61872.625,35511.23046875,907.4224243164062,24.087875366210938,812847.0,789406.875,24578.841796875,801126.9375,0.08240818977355957,95.04184853000152,12.885309888000847,107.92715943800067,2794.394335580999,0.03466150566374964,0.5876157530110504,94.45253454698832,0.006182815906290232,2697.28759765625
27,0.08921791613101959,0.5025690793991089,0.7305150032043457,0.6769217252731323,0.6986479759216309,0.4212815761566162,0.23687267303466797,0.2511754631996155,0.6318415999412537,0.24402406811714172,30.931650161743164,27.62700843811035,27.543058395385742,28.67438507080078,32.07381820678711,35.527591705322266,34.14404296875,28.979568481445312,34.8358154296875,314278.15625,75035.09375,45393.9453125,986.988037109375,26.44647789001465,886207.875,878018.4375,30360.6171875,882113.125,0.08310572803020477,94.9684795510002,13.370663812000203,108.3391443190012,2902.736798373,0.03463474819511313,0.5273066730023857,94.43917530899671,0.005552555617489723,2697.28759765625
28,0.08854828774929047,0.6229521632194519,0.7717790603637695,0.8482152819633484,0.8122079968452454,0.47030365467071533,0.4371454119682312,0.39806145429611206,0.7256264686584473,0.41760343313217163,31.982675552368164,28.688058853149414,25.407447814941406,27.2333984375,30.217042922973633,38.4636116027832,41.886505126953125,27.886486053466797,40.17505645751953,274877.875,69051.78125,31114.15625,779.1361694335938,25.30158233642578,761088.625,787208.3125,25242.59375,774148.5,0.08593437820672989,95.43607615200017,13.546624028000224,108.98270113800027,3011.722828311,0.0348052794135668,0.6259535790049995,94.80747429299481,0.006559059995671123,2697.28759765625
29,0.08743613958358765,0.6865982413291931,0.8376246094703674,0.8881801962852478,0.9037940502166748,0.5453670024871826,0.45416390895843506,0.4904593825340271,0.7937414646148682,0.4723116457462311,28.05426597595215,26.511863708496094,24.183473587036133,21.989059448242188,29.580507278442383,30.723464965820312,35.33723068237305,25.566225051879883,33.03034973144531,259883.328125,58244.8046875,26705.66796875,557.6681518554688,23.44038200378418,749494.1875,724274.1875,21382.89453125,736884.1875,0.07206875085830688,94.890220452,13.212424307001129,108.10264564299905,3119.828511938,0.03460620731291028,0.6004499070040765,94.28791636199458,0.0063279612729537724,2697.28759765625
30,0.08781366795301437,0.6599351167678833,0.8571022152900696,0.8401785492897034,0.8336610794067383,0.5472588539123535,0.43136149644851685,0.45004844665527344,0.7695502042770386,0.44070497155189514,30.017684936523438,25.891387939453125,22.783479690551758,23.516389846801758,31.429723739624023,35.208614349365234,41.27652359008789,25.905244827270508,38.24256896972656,267459.9375,54639.8984375,31927.25390625,733.2832641601562,23.391557693481445,764989.0625,752446.8125,21830.95703125,758717.9375,0.0769244059920311,93.78159453700027,13.340032760001122,107.12162822900063,3226.983471472,0.03420189443362519,0.6318588320045819,93.14670858299542,0.006737774412872033,2697.28759765625
31,0.08647111058235168,0.5719444751739502,0.766842782497406,0.7985588908195496,0.6994583606719971,0.48756879568099976,0.3375600576400757,0.34167784452438354,0.6881072521209717,0.3396189510822296,28.986234664916992,27.183788299560547,24.512887954711914,26.480310440063477,29.882722854614258,32.37191390991211,33.48577880859375,27.01492691040039,32.92884826660156,292596.4375,69794.5546875,35844.13671875,985.6599731445312,24.885820388793945,825677.375,823252.0625,26662.306640625,824464.75,0.07472952455282211,94.89431507399968,13.160087562000626,108.05440379899846,3335.0748414109985,0.03460770061050317,0.6011582100109081,94.29080101398904,0.006335185983375333,2697.28759765625
32,0.08665294200181961,0.5876505970954895,0.8506070971488953,0.8496607542037964,0.7206209301948547,0.49830830097198486,0.3180534839630127,0.28865325450897217,0.7297992706298828,0.30335336923599243,33.007389068603516,25.528087615966797,23.188819885253906,27.60907745361328,30.709228515625,44.453285217285156,46.55584716796875,26.758804321289062,45.50456619262695,296886.46875,55867.86328125,30965.650390625,950.3240966796875,24.6236629486084,837745.8125,855764.5,21952.115234375,846755.125,0.08907963335514069,94.96171243699973,13.114326497001457,108.07603975600068,3443.1540854119994,0.034632280246899974,0.5680455079800595,94.39205288201993,0.0059819389155127385,2697.28759765625
33,0.08437873423099518,0.652105987071991,0.8006262183189392,0.8162612318992615,0.7849597334861755,0.5557565093040466,0.4658079743385315,0.4892238974571228,0.7394009232521057,0.47751593589782715,31.355661392211914,33.43368148803711,30.376550674438477,21.994108200073242,32.97404479980469,33.01995849609375,36.33561325073242,29.694597244262695,34.67778778076172,261039.765625,64540.32421875,34232.9609375,833.747802734375,23.170995712280273,741456.6875,725151.6875,24907.55078125,733304.1875,0.08107629418373108,94.41358116099946,13.380385651000324,107.79396779099989,3550.9515989989995,0.03443237824981745,0.6330992049897759,93.77774265001062,0.0067057892139349064,2697.28759765625
34,0.08462236076593399,0.7105889320373535,0.8471689820289612,0.8656049966812134,0.9138758778572083,0.5505630970001221,0.5600725412368774,0.5262482166290283,0.7943032383918762,0.5431603789329529,29.68385887145996,25.30577850341797,23.101762771606445,22.809391021728516,28.86835289001465,37.01996612548828,40.99790954589844,25.02132225036621,39.00893783569336,242929.265625,56507.0859375,29277.607421875,527.6394653320312,23.30604362487793,672864.5625,698375.5,21583.91015625,685620.0,0.07398944348096848,94.50858452899956,13.213644385999942,107.72222985199915,3658.6771723639995,0.0344670257217358,0.6369442399955005,93.86968387600609,0.006739677974900207,2882.2763671875
35,0.08710069954395294,0.6506574153900146,0.8179442286491394,0.8004036545753479,0.9240759015083313,0.5404958724975586,0.4053732752799988,0.4156515598297119,0.7707298994064331,0.41051241755485535,28.571218490600586,26.310453414916992,24.430286407470703,21.965351104736328,29.959604263305664,34.08544921875,34.67616653442383,25.66642189025879,34.38080596923828,275961.3125,61673.60546875,35679.62890625,495.4098815917969,23.565622329711914,782274.75,775620.9375,24468.05078125,778947.875,0.07401637732982635,94.04724433299998,13.553612953999618,107.60085842800072,3766.281472719,0.034298776197301234,0.6347653180091584,93.41001844899074,0.006749606863702483,2882.2763671875
36,0.08117788285017014,0.6726576685905457,0.8477191925048828,0.8497048020362854,0.6708791255950928,0.5867670774459839,0.48970532417297363,0.5911704897880554,0.7387675046920776,0.5404379367828369,28.71753692626953,26.314804077148438,23.09058952331543,23.388607025146484,28.502857208251953,32.65732192993164,38.35103988647461,25.324214935302734,35.504180908203125,243643.921875,56405.27734375,30961.1171875,1031.4603271484375,22.347639083862305,724682.25,648761.0,22105.048828125,686721.625,0.0728224441409111,97.38102152200008,13.569797639000171,110.95082078700034,3877.269575520999,0.03551459574106495,0.5518211720045656,96.82654453199393,0.0056667738056103666,2882.2763671875
37,0.08071238547563553,0.5948047041893005,0.7882232069969177,0.7039855718612671,0.7051227688789368,0.5840893983840942,0.3814579248428345,0.4059494137763977,0.6953551769256592,0.3937036693096161,31.238304138183594,25.50896453857422,25.205293655395508,25.310277938842773,29.543792724609375,38.254764556884766,43.60673904418945,26.39208221435547,40.93075180053711,281808.625,66517.5546875,43451.0703125,976.3273315429688,22.419925689697266,797850.875,782033.4375,27741.84375,789942.125,0.08298895508050919,95.88403196500076,14.049623226001131,109.93365664300109,3987.2076085120007,0.034968647689642876,0.6647412000038457,95.21673170399663,0.006932947313704759,2882.2763671875
38,0.07943053543567657,0.582702100276947,0.8228030204772949,0.7605171203613281,0.9017105102539062,0.5803103446960449,0.19580799341201782,0.23506343364715576,0.7663352489471436,0.2154357135295868,31.844892501831055,24.357683181762695,26.024658203125,23.984163284301758,27.835004806518555,42.51285171508789,46.35498046875,25.550376892089844,44.43391418457031,316277.84375,60845.05078125,39082.40625,563.6744384765625,22.52155113220215,909739.375,887414.0625,25128.412109375,898576.75,0.0859307125210762,97.91472054599944,13.386510719999933,111.30123252200065,4098.5128919670005,0.03570923433479192,0.5657632409820508,97.34629953501644,0.005778279253255996,2882.2763671875
39,0.0810592845082283,0.6187529563903809,0.8339681625366211,0.8762413263320923,0.7986746430397034,0.5670909881591797,0.3070635199546814,0.3294790983200073,0.7689937949180603,0.31827130913734436,26.61757469177246,24.868179321289062,21.972063064575195,22.91197395324707,27.78807830810547,30.732006072998047,31.43315887451172,24.385072708129883,31.082582473754883,293855.90625,58896.95703125,28095.181640625,806.7222900390625,22.873493194580078,844469.25,830844.5,21955.43359375,837656.875,0.06697610020637512,96.67659322599866,13.62663115399846,110.30322611500014,4208.820375354999,0.03525769264259616,0.6600285720014654,96.01427934499952,0.006827342095566156,2882.2763671875
40,0.08105424046516418,0.6068179607391357,0.7437126636505127,0.7946527004241943,0.8497546315193176,0.6425639390945435,0.28999900817871094,0.3202247619628906,0.7576709985733032,0.3051118850708008,28.15058135986328,25.544628143310547,25.100547790527344,22.722747802734375,28.539175033569336,31.943655014038086,35.0527458190918,25.476774215698242,33.498199462890625,300240.8125,73174.65625,36189.99609375,696.9078979492188,20.78420066833496,854804.0625,836558.4375,27520.5859375,845681.25,0.07006735354661942,97.47145329200066,14.118952471999364,111.59040719599943,4320.449413619999,0.03554757596353051,0.6961905409880274,96.77249900701281,0.007142709563620134,2882.2763671875
41,0.07825225591659546,0.6736248135566711,0.7478870153427124,0.8545917272567749,0.8355181813240051,0.5104319453239441,0.5519019365310669,0.541418194770813,0.7371072173118591,0.5466600656509399,28.04663848876953,26.72469711303711,24.053348541259766,23.850791931152344,28.612503051757812,31.62618064880371,33.41231155395508,25.810335159301758,32.51924514770508,244995.140625,72576.2890625,30453.59765625,729.1783447265625,24.32431983947754,679084.1875,687103.3125,25945.849609375,683093.75,0.07175698131322861,97.21702034600094,14.142143060002127,111.35916464099864,4431.844471203998,0.03545478495477788,0.6290485659847036,96.58519369001806,0.006470744938053161,2882.2763671875
42,0.07936286181211472,0.596020519733429,0.6554232835769653,0.7832381725311279,0.8417043685913086,0.5627368688583374,0.32182127237319946,0.4111994504928589,0.7107757329940796,0.3665103614330292,28.52616310119629,29.052499771118164,25.54692268371582,21.69867515563965,29.54204750061035,33.17692947387695,32.1399040222168,26.46003532409668,32.658416748046875,289461.09375,84847.703125,37182.23046875,715.334716796875,22.98823356628418,835428.3125,778570.0625,30692.064453125,806999.1875,0.07133422791957855,96.4950522950021,13.621001699997578,110.11605547200088,4541.964519749001,0.03519148515499712,0.5929081170070276,95.8987006289899,0.006144659879884376,2882.2763671875
43,0.0795203372836113,0.62283855676651,0.7877162098884583,0.837965726852417,0.7212440967559814,0.6206127405166626,0.388771116733551,0.3807215690612793,0.741884708404541,0.38474634289741516,26.767663955688477,25.624984741210938,23.071422576904297,22.28864288330078,27.376619338989258,30.695837020874023,31.5484676361084,24.590415954589844,31.12215232849121,281883.625,66597.1328125,32147.5234375,949.263671875,21.41290283203125,793120.25,798466.25,24928.833984375,795793.25,0.0683712586760521,99.23861519800266,13.72176412599947,112.96038066900292,4654.929022134,0.036192055141503525,0.664833203994931,98.57099460400423,0.006699527969688992,2882.2763671875
44,0.07830649614334106,0.5903304815292358,0.816474437713623,0.8462898135185242,0.7713007926940918,0.684485673904419,0.21679407358169556,0.20663803815841675,0.7796376943588257,0.21171605587005615,27.794530868530273,25.553447723388672,23.361616134643555,23.151268005371094,29.510963439941406,32.9576416015625,32.23225784301758,25.394323348999023,32.594947814941406,315942.5,61922.0546875,31310.88671875,859.8192138671875,19.527366638183594,897790.6875,903752.0,23528.072265625,900771.375,0.07107460498809814,97.48149468399788,13.559315377999155,111.04081158700137,4765.974916200999,0.03555123803209259,0.6614931499934755,96.8174254080077,0.006786012399182279,2882.2763671875
45,0.07788016647100449,0.5749254822731018,0.8669166564941406,0.8351753354072571,0.5063022375106812,0.6077703237533569,0.3233441710472107,0.3100443482398987,0.7040411233901978,0.3166942596435547,29.04599952697754,27.45102882385254,26.99136734008789,22.851116180419922,30.048080444335938,33.0504264831543,33.88397979736328,26.835399627685547,33.467201232910156,293954.5625,52730.1484375,32423.146484375,1263.2967529296875,21.772306442260742,834489.75,842799.3125,21609.591796875,838644.5,0.0743386372923851,97.28067032999752,13.872013426000194,111.15268509999805,4877.132355254,0.0354779979321654,0.5985648749774555,96.67852891902294,0.006153194463693694,2882.2763671875
46,0.07585041970014572,0.6231597065925598,0.8192592859268188,0.8873454332351685,0.5932185649871826,0.5860527753829956,0.3896528482437134,0.4634295105934143,0.7214690446853638,0.42654117941856384,27.629188537597656,24.916261672973633,22.388912200927734,20.818939208984375,28.94107437133789,34.29496765136719,34.41497802734375,24.26629638671875,34.35497283935547,270868.15625,61450.453125,26805.166015625,1146.7147216796875,22.366945266723633,792547.9375,743236.4375,22356.173828125,767892.1875,0.06998327374458313,97.1620728529997,13.441435001997888,110.60350918800032,4987.775973688998,0.03543474575237042,0.6298402860047645,96.52953501499724,0.006482547711463816,2882.2763671875
47,0.07627610862255096,0.6666286587715149,0.7701865434646606,0.6898902654647827,0.7709016799926758,0.5739377737045288,0.5570886135101318,0.6377668976783752,0.7012290954589844,0.5974277257919312,27.954137802124023,26.684738159179688,25.646400451660156,24.43747329711914,30.41779327392578,30.8049259185791,29.733478546142578,26.796602249145508,30.269203186035156,233410.5625,69292.28125,44473.54296875,860.5691528320312,22.691890716552734,675142.625,610671.5625,28662.2734375,642907.125,0.07081405073404312,96.43871105400103,13.738272512000549,110.17698480700346,5097.957333204,0.03517093765645552,0.6632863209888455,95.77292656600912,0.006877979766439722,2882.2763671875
48,0.07203798741102219,0.6518887877464294,0.8351252675056458,0.8619638681411743,0.7749135494232178,0.6260807514190674,0.373820960521698,0.43942803144454956,0.7745208740234375,0.4066244959831238,29.2990665435791,28.405431747436523,26.321395874023438,25.00150489807129,33.93391799926758,32.354217529296875,29.777935028076172,28.41556167602539,31.066076278686523,275279.3125,58691.359375,29671.560546875,853.0008544921875,21.258033752441406,802761.25,759677.5,22309.294921875,781219.375,0.07414651662111282,97.00067321800088,13.67756849199941,110.67824299400309,5208.640145709998,0.03537588374106524,0.5972221170050034,96.40108039999541,0.006157036788353397,2882.2763671875
49,0.07249188423156738,0.5582712292671204,0.7740224003791809,0.7963695526123047,0.7767540216445923,0.566321611404419,0.19008058309555054,0.24607932567596436,0.7283669114112854,0.21807995438575745,28.840620040893555,25.78799057006836,22.812419891357422,22.984371185302734,28.3839111328125,35.55541229248047,37.51960754394531,24.992172241210938,36.53750991821289,316599.40625,68711.5625,36038.390625,849.50634765625,22.893810272216797,912973.1875,881001.0625,26405.587890625,896987.125,0.07372798770666122,97.28777434000222,13.854203284001414,111.14197961100217,5319.787279942999,0.03548058874544209,0.7471770250231202,96.5350928769767,0.007680505664349847,2882.2763671875
50,0.07248280942440033,0.6399080753326416,0.8675162196159363,0.8345791101455688,0.8140997290611267,0.6510248184204102,0.3439258933067322,0.3283025026321411,0.7918049693107605,0.33611419796943665,27.948036193847656,25.981548309326172,23.33649444580078,21.834278106689453,27.628061294555664,29.724475860595703,39.183349609375,24.69509506225586,34.45391082763672,289860.40625,52611.234375,32481.734375,775.2018432617188,20.5367374420166,821700.5,831573.1875,21472.177734375,826636.875,0.07051321864128113,98.36791702900155,13.446215737996681,111.8141346070006,5431.6064559239985,0.03587451386907423,0.759821912026382,97.60535411397359,0.007724501116386406,2882.2763671875
51,0.07693903148174286,0.639618456363678,0.8051682114601135,0.8477781414985657,0.7728217244148254,0.5806164145469666,0.4283596873283386,0.40296638011932373,0.7515961527824402,0.4156630337238312,28.39134407043457,25.56932258605957,24.23828125,22.154315948486328,29.403289794921875,32.96178436279297,36.02107238769531,25.34130096435547,34.49142837524414,274473.21875,63800.93359375,31158.9296875,856.9553833007812,22.513338088989258,767005.625,783994.5,23959.83203125,775500.0625,0.07164423912763596,96.919834807999,13.866474425001797,110.78631075999874,5542.430356299001,0.03534640219110102,0.5742184970113158,96.34327784798734,0.0059248176920219,2882.2763671875
52,0.07490237802267075,0.5953044295310974,0.8289203643798828,0.8110513687133789,0.8445211052894592,0.5877290964126587,0.23688137531280518,0.26272302865982056,0.7680554389953613,0.24980220198631287,27.547866821289062,25.748735427856445,24.890592575073242,20.98430824279785,29.239246368408203,31.29290008544922,33.131412506103516,25.215721130371094,32.212158203125,308776.125,59785.5546875,34714.8984375,708.9417724609375,22.321611404418945,886202.8125,871222.1875,23807.9296875,878712.5,0.07068584114313126,96.78886717099886,14.465984503000072,111.25485306599876,5653.690327966999,0.035298638647337295,0.569434450033441,96.21652737396653,0.005883440524865855,2882.2763671875
53,0.07156713306903839,0.6698513031005859,0.8882815837860107,0.8912729024887085,0.8595632910728455,0.6569565534591675,0.33538734912872314,0.38764578104019165,0.8240185976028442,0.3615165650844574,27.473936080932617,24.030874252319336,22.688371658325195,22.609331130981445,27.042755126953125,35.171573638916016,33.30071258544922,24.092832565307617,34.23614501953125,282726.78125,48312.49609375,26333.759765625,673.775390625,20.361452102661133,827030.3125,793989.875,18835.09765625,810510.125,0.06954218447208405,96.37703685200177,13.526895871997112,109.90393428300013,5763.599061642,0.03514844524143026,0.6776191459757683,95.69698182002321,0.007031096774292563,2882.2763671875
54,0.07096923887729645,0.6301953196525574,0.8568862676620483,0.7685598134994507,0.8402066826820374,0.6506063938140869,0.3049420714378357,0.3599708676338196,0.7790647745132446,0.33245646953582764,27.42547607421875,24.270387649536133,25.173450469970703,21.096675872802734,28.964645385742188,33.43669509887695,31.611003875732422,24.87628936767578,32.52384948730469,291889.21875,54681.16015625,38420.53515625,718.710693359375,20.54904556274414,845760.875,811733.5,23460.23828125,828747.1875,0.06783674657344818,97.92341225899872,14.050065329000063,111.97347884400006,5875.577689158001,0.03571240417906591,0.5322784849631716,97.38786846303628,0.005435842383343628,2882.2763671875
55,0.07108163088560104,0.6647868156433105,0.7857831120491028,0.8351024389266968,0.6955287456512451,0.6363250613212585,0.4698212146759033,0.5661603212356567,0.7381848692893982,0.51799076795578,26.460412979125977,25.32146644592285,23.84621810913086,21.058963775634766,27.274391174316406,31.569063186645508,29.692378997802734,24.375261306762695,30.630722045898438,251219.984375,66899.6640625,32430.3125,992.0828247070312,20.964807510375977,738666.3125,668310.4375,25085.755859375,703488.375,0.06521975249052048,96.6016260260003,13.641531933000806,110.24315925299743,5985.826538258998,0.03523035230707524,0.6758411950031586,95.92325585099752,0.006996351059899884,2882.2763671875
56,0.0723131075501442,0.6787002682685852,0.7804081439971924,0.8415157198905945,0.7885200381278992,0.5955042839050293,0.5274995565414429,0.5387539863586426,0.7514870762825012,0.5331267714500427,29.93988609313965,26.590877532958984,23.780004501342773,28.959163665771484,27.15336036682129,34.57085037231445,38.58505630493164,26.620851516723633,36.57795333862305,247800.359375,67733.7734375,31793.41015625,826.8170776367188,22.110122680664062,697329.8125,689096.25,25094.029296875,693213.0,0.07562869042158127,97.10674028699941,13.700428696000017,110.80717022700264,6096.706024992998,0.035414566114879434,0.6173994399978255,96.48676955200062,0.006358114655702376,2882.2763671875
57,0.07005524635314941,0.6087369322776794,0.7111164331436157,0.7531744241714478,0.7919591069221497,0.5985043048858643,0.3322308659553528,0.46543627977371216,0.7136885523796082,0.39883357286453247,27.414344787597656,26.078468322753906,24.04085922241211,23.829565048217773,27.78997802734375,30.571195602416992,32.17600631713867,25.434717178344727,31.373600006103516,281507.53125,77688.8203125,39677.02734375,820.0667114257812,22.027976989746094,828991.875,741845.3125,29551.986328125,785418.625,0.06955214589834213,98.23249178500191,13.55478501199832,111.7872782600025,6208.49832945,0.0358251246480678,0.5824018429848365,97.64745070001663,0.005928969940475907,2882.2763671875
58,0.06839857250452042,0.6362459063529968,0.8129727840423584,0.8816238641738892,0.6746739149093628,0.6891639232635498,0.34646308422088623,0.4125778079032898,0.76460862159729,0.379520446062088,29.076318740844727,24.619827270507812,23.242298126220703,25.169872283935547,27.230316162109375,36.705020904541016,37.49058151245117,25.06557846069336,37.097801208496094,281466.78125,62510.0,27477.4296875,1025.49658203125,19.38205909729004,820110.125,777658.25,22758.078125,798884.1875,0.0734059140086174,97.49888626100073,13.534220726000058,111.03310816799785,6319.536533427998,0.03555758069328984,0.6189189029755653,96.87757531202442,0.006348114442050816,2882.2763671875
59,0.06959602981805801,0.6464688181877136,0.8262327313423157,0.8786949515342712,0.8243573904037476,0.6555114388465881,0.33540648221969604,0.35860997438430786,0.7961990833282471,0.34700822830200195,28.043489456176758,24.96694564819336,22.869672775268555,22.58962059020996,28.975448608398438,31.426509857177734,37.43274688720703,24.850421905517578,34.42962646484375,288076.15625,60253.33984375,27815.279296875,753.51123046875,20.404294967651367,827018.375,812596.0,22210.6328125,819807.1875,0.0673556998372078,96.90548069099896,13.469990489000338,110.37547216000166,6429.917970371998,0.035341167283369425,0.6122772370035818,96.29102350999892,0.006318435309052373,2882.2763671875
60,0.06890273094177246,0.6618316769599915,0.8333619236946106,0.8776249885559082,0.8335006237030029,0.654728353023529,0.367453932762146,0.4043201804161072,0.7998039722442627,0.3858870565891266,25.5903263092041,24.134979248046875,22.052568435668945,22.198938369750977,26.23992919921875,28.524330139160156,30.39122200012207,23.65660285949707,29.457775115966797,279605.53125,59004.3828125,27937.685546875,733.6367797851562,20.427473068237305,806832.1875,783105.0625,21924.03515625,794968.625,0.06342831999063492,97.53089511099824,13.349424136999005,110.88032078199831,6540.803433160998,0.03556925423449973,0.6673035430285381,96.86135910097437,0.00684212748271055,2882.2763671875
61,0.06869123131036758,0.4980640113353729,0.8116065859794617,0.8431861400604248,0.04074585437774658,0.6404731273651123,0.3003882169723511,0.35198408365249634,0.5840029716491699,0.3261861503124237,27.84613037109375,24.606521606445312,23.537752151489258,22.98618507385254,27.415937423706055,33.24228286743164,35.28810119628906,24.636598587036133,34.26519012451172,293575.75,62737.8984375,31625.416015625,1760.92822265625,20.84490203857422,848527.0,816782.5,24036.271484375,832654.75,0.0703790932893753,97.57513183799892,13.656292731000576,111.23142594000092,6652.103468944,0.03558538724945256,0.6337497369931953,96.93794870700731,0.006495220920612798,2882.2763671875
62,0.06752929091453552,0.6251380443572998,0.8889620304107666,0.854949951171875,0.8851838707923889,0.67367023229599,0.2153216004371643,0.232740581035614,0.8256915211677551,0.22403109073638916,29.653488159179688,25.77865982055664,23.425159454345703,27.039257049560547,26.917892456054688,34.14714050292969,40.61281967163086,25.790241241455078,37.379981994628906,311100.8125,48165.1484375,30416.05859375,609.2230224609375,19.859235763549805,898634.25,888760.4375,19802.572265625,893697.375,0.07643752545118332,97.46494271299889,13.689786261002155,111.1547300630009,6763.264081153999,0.035545201572939056,0.5693693050161528,96.89251847898413,0.005841968773250282,2882.2763671875
63,0.07132142037153244,0.6268171668052673,0.7839487791061401,0.8320969343185425,0.8024681806564331,0.6595872640609741,0.28823065757751465,0.3945710062980652,0.7695252895355225,0.3414008319377899,27.952852249145508,24.05645179748535,22.948392868041992,21.75441551208496,26.358213424682617,34.35981369018555,38.23982620239258,23.779369354248047,36.29981994628906,291014.125,67185.484375,32724.525390625,799.0856323242188,20.283227920532227,855867.9375,789487.4375,25182.34375,822677.6875,0.06858299672603607,97.74292212900036,13.747970827997051,111.490894630002,6874.760963846,0.03564657991575505,0.6034352029673755,97.13645893303328,0.0061738884444433985,2882.2763671875
64,0.06770457327365875,0.6367794871330261,0.8449505567550659,0.8891595005989075,0.8883861303329468,0.660151481628418,0.2565773129463196,0.2814517617225647,0.8206619024276733,0.26901453733444214,28.316970825195312,25.39811134338379,23.139406204223633,20.827465057373047,27.099037170410156,34.22287368774414,39.21493911743164,24.116004943847656,36.71890640258789,303150.34375,56915.7109375,26588.46484375,600.6670532226562,20.26641273498535,874691.6875,860085.375,21031.275390625,867388.5,0.0708736851811409,96.8516981419998,13.523662477000471,110.3753620589996,6985.142533356999,0.03532155293289563,0.5767959489930945,96.2726530720065,0.005955593499226097,2882.2763671875
65,0.06575018912553787,0.6186386942863464,0.867337167263031,0.8866826295852661,0.8683027029037476,0.6853698492050171,0.25093549489974976,0.1532038450241089,0.826923131942749,0.20206966996192932,28.562973022460938,24.38542938232422,22.87078285217285,23.198036193847656,26.371850967407227,33.91702651977539,40.63471603393555,24.206523895263672,37.27587127685547,315316.28125,52646.765625,26883.8984375,652.4740600585938,19.499988555908203,878004.4375,933690.6875,20050.66015625,905847.5625,0.07040227204561234,95.66022314699876,13.892811847999837,109.55303632399955,7094.701584332999,0.034887025217723834,0.6765179530120804,94.98126937398774,0.007072272649370913,2882.2763671875
66,0.06402565538883209,0.6559167504310608,0.7944773435592651,0.8288341164588928,0.8550791144371033,0.632392168045044,0.40708476305007935,0.4176331162452698,0.7776957154273987,0.41235893964767456,26.14226531982422,25.03105926513672,24.036523818969727,20.71159553527832,27.119112014770508,29.544404983520508,30.410900115966797,24.224571228027344,29.97765350341797,275787.9375,65528.0078125,33040.95703125,684.44775390625,21.077861785888672,781148.1875,774304.8125,24818.623046875,777726.5,0.06463734060525894,96.56895480000094,13.159962977999385,109.72893374100022,7204.476658239999,0.03521843719912507,0.68642098897908,95.87908279802286,0.007108345755572754,2882.2763671875
67,0.06505753099918365,0.6585182547569275,0.7993826866149902,0.9018405675888062,0.7993863224983215,0.6691379547119141,0.36329448223114014,0.4180675745010376,0.7924368977546692,0.39068102836608887,27.780839920043945,23.799291610717773,22.38869857788086,26.355558395385742,27.630842208862305,31.55887794494629,34.95177459716797,25.043598175048828,33.25532531738281,279014.03125,64741.28515625,25021.3125,805.295166015625,19.99666976928711,809480.5625,774015.875,22646.97265625,791748.25,0.06901708990335464,94.43128763999994,13.069404030000442,107.50069254700065,7311.982900748999,0.03443883575492339,0.6163300779626297,93.81306578403746,0.00652688786512348,2882.2763671875
68,0.06565351784229279,0.7354116439819336,0.8839105367660522,0.8808732628822327,0.8729060888290405,0.6318520903587341,0.535738468170166,0.6071892976760864,0.8173855543136597,0.5714638829231262,26.705764770507812,24.20409393310547,21.980976104736328,23.77758026123047,26.476591110229492,30.580652236938477,33.21468734741211,24.10980987548828,31.89767074584961,234103.75,49248.5546875,27564.41015625,640.9692993164062,21.093339920043945,691223.4375,635924.0625,19368.7578125,663573.75,0.06428711116313934,94.13007698100046,13.23237530699771,107.3624533919974,7419.350555144001,0.03432898504048157,0.6641878959999303,93.46426811999845,0.00705618602611566,2882.2763671875
69,0.06333816796541214,0.6299067735671997,0.8727390766143799,0.8712230920791626,0.803104043006897,0.6799972057342529,0.24120545387268066,0.3111717700958252,0.8067658543586731,0.27618861198425293,25.890625,23.165634155273438,21.826189041137695,21.68996238708496,28.072172164916992,30.962068557739258,29.62772560119629,23.68848991394043,30.294897079467773,301139.875,51563.76171875,28659.130859375,797.7985229492188,19.665775299072266,883688.5,842110.5,20260.087890625,862899.5,0.06442055106163025,94.67444873099885,13.087408454000979,107.761858029,7527.117755388999,0.03452751594857726,0.6016626980017463,94.07056011699751,0.00635521888165092,2882.2763671875
70,0.06540597975254059,0.6520327925682068,0.8364951610565186,0.8249530792236328,0.8429189324378967,0.6755070686340332,0.4169219136238098,0.3154008984565735,0.7949685454368591,0.36616140604019165,26.48223304748535,24.307506561279297,23.277769088745117,23.758840560913086,27.25275421142578,30.28348159790039,30.013046264648438,24.64921760559082,30.148263931274414,284459.21875,58447.02734375,33413.4453125,712.5850830078125,19.803266525268555,774641.0,839521.375,23148.21484375,807081.1875,0.06675498187541962,94.84542748199965,12.417315054000937,107.26274362799813,7634.385745015001,0.034589871437636636,0.5538968559958448,94.28969863600287,0.005840108160414197,2882.2763671875
71,0.06441061943769455,0.6556436419487,0.8574367761611938,0.8727027773857117,0.8455750942230225,0.6515377759933472,0.3442322015762329,0.36237722635269165,0.80681312084198,0.3533047139644623,27.027511596679688,24.46411895751953,24.233884811401367,22.958282470703125,27.804275512695312,31.667566299438477,31.036945343017578,24.865140914916992,31.352256774902344,285918.625,54575.88671875,28494.005859375,706.5347290039062,20.521638870239258,821508.6875,810206.125,20949.236328125,815857.375,0.06598728150129318,93.36531407200164,12.809995026997058,106.17531008700098,7740.598590521999,0.03405007807148127,0.563909627024259,92.79890905597495,0.006039980743714879,2882.2763671875
72,0.06380891799926758,0.6388795971870422,0.804794192314148,0.7545849084854126,0.8609095215797424,0.6888421773910522,0.36107903718948364,0.3630675673484802,0.77728271484375,0.36207330226898193,27.14685821533203,24.472137451171875,23.985065460205078,21.414318084716797,28.304794311523438,32.50741195678711,32.197425842285156,24.544078826904297,32.3524169921875,287461.78125,63862.140625,39563.49609375,670.5382080078125,19.392086029052734,810887.6875,809767.375,26028.892578125,810327.5,0.06786206364631653,93.9435946320009,13.17118314199979,107.11477871899842,7847.718917553999,0.03426097543107254,0.6183184459805489,93.32328998901721,0.00658194442570557,2882.2763671875
73,0.06263795495033264,0.6419513821601868,0.835999071598053,0.8610057830810547,0.8629058599472046,0.5635044574737549,0.35508817434310913,0.37320476770401,0.780853807926178,0.36414647102355957,28.993927001953125,25.481861114501953,24.111562728881836,23.52469253540039,28.30950355529785,34.37067413330078,38.16525650024414,25.356904983520508,36.267967224121094,284496.09375,58535.62890625,29774.361328125,665.7086181640625,22.968046188354492,814680.4375,803297.5,22249.66796875,808989.0,0.07079482823610306,93.75374109999757,12.865639333998843,106.61938133699732,7954.343908042998,0.034191736360320045,0.5730605939934321,93.17905220600733,0.006112508581176503,2882.2763671875
74,0.0637182667851448,0.6585769653320312,0.7555501461029053,0.8057438135147095,0.7578567266464233,0.6932588219642639,0.456628680229187,0.48242366313934326,0.7531023621559143,0.46952617168426514,29.206727981567383,25.253005981445312,27.693138122558594,21.19647216796875,26.30423927307129,32.61399841308594,42.17951583862305,25.111713409423828,37.396759033203125,264221.8125,71464.765625,35199.09375,884.7305297851562,19.25396728515625,747800.0,729962.9375,26891.962890625,738881.5,0.07233279198408127,93.70884216999912,13.311044955000398,107.01988806699956,8061.3694027910005,0.03417536184172105,0.6016246820072411,93.10541428799479,0.0064202720374062425,3114.3134765625
75,0.06157892942428589,0.6540484428405762,0.7731748819351196,0.794160008430481,0.8642969131469727,0.6283336877822876,0.42763811349868774,0.4366869330406189,0.7649914026260376,0.4321625232696533,27.517358779907227,25.476747512817383,26.20709800720215,25.104496002197266,26.225868225097656,28.83510971069336,33.254817962646484,25.75355339050293,31.044963836669922,272463.25,68840.296875,36233.38671875,662.3226928710938,21.193897247314453,767489.5625,761532.625,26439.30078125,764511.125,0.06967414915561676,94.95747515299809,12.983676446001482,107.94115257299927,8169.316308028001,0.03463073492085999,0.6655085870115727,94.2901628219879,0.007008623888772785,3114.3134765625
76,0.06201403588056564,0.6001377105712891,0.8627176284790039,0.8940207958221436,0.8539234399795532,0.5509724617004395,0.22929489612579346,0.209896981716156,0.7904086112976074,0.21959593892097473,27.397300720214844,23.98492431640625,21.14816665649414,21.24889373779297,28.633922576904297,34.166839599609375,35.2010612487793,23.753978729248047,34.68395233154297,312125.96875,53555.55078125,25998.8671875,687.17138671875,23.295427322387695,890597.0,901893.9375,20066.22265625,896245.5,0.06877249479293823,94.03031012400243,12.98155938399941,107.01187049500004,8276.365813547998,0.03429260033698119,0.507531329010817,93.52058605598722,0.005397654904997517,3114.3134765625
77,0.060968879610300064,0.4676547348499298,0.8414142727851868,0.8633257746696472,0.06425696611404419,0.6399421691894531,0.1940211057662964,0.20296818017959595,0.6022347807884216,0.19849464297294617,25.887948989868164,23.734024047851562,23.082683563232422,21.25922966003418,26.84994888305664,29.06489372253418,31.336910247802734,23.73147201538086,30.20090103149414,317572.59375,57561.109375,29524.826171875,1739.21435546875,20.860288619995117,910749.5,905839.875,22211.501953125,908294.6875,0.06486234068870544,94.29175455299992,12.8276795449965,107.11943521399735,8383.491220189999,0.0343879484146608,0.5256525190125103,93.76383515298585,0.005574879363445901,3114.3134765625
78,0.06100348010659218,0.6679595112800598,0.8593493700027466,0.8571850061416626,0.8939509391784668,0.5901567935943604,0.3944000005722046,0.41271525621414185,0.8001605272293091,0.4035576283931732,27.007675170898438,22.66779899597168,22.521047592163086,21.72114372253418,27.92302703857422,31.120187759399414,36.092838287353516,23.708253860473633,33.60651397705078,275337.375,54208.5625,30180.8125,585.501708984375,22.25579261779785,789459.8125,777567.25,21249.283203125,783513.5,0.06699804216623306,94.38620044599884,13.00631762500052,107.39251899599913,8490.890646419999,0.034422392576950706,0.6466703990045062,93.73764479599777,0.006851460411281852,3114.3134765625
79,0.06004205718636513,0.6034867763519287,0.8735387325286865,0.8862716555595398,0.6052361726760864,0.657837986946106,0.29535436630249023,0.3026818633079529,0.7557210922241211,0.29901811480522156,29.153533935546875,24.887285232543945,23.30540657043457,29.95482635498047,28.1671085357666,31.655057907104492,36.951515197753906,26.578657150268555,34.303287506103516,296390.40625,51401.51953125,26932.60546875,1129.64892578125,20.335275650024414,851574.1875,847284.125,19871.02734375,849429.125,0.07515040040016174,93.89980926399949,12.827757693998137,106.72756787300023,8597.624639855001,0.03424500702552862,0.6617822049920505,93.2362570690093,0.007047880979292034,3114.3134765625
80,0.0611167810857296,0.6435173153877258,0.8577549457550049,0.8981258273124695,0.813478946685791,0.7031630873680115,0.28429675102233887,0.30428415536880493,0.8181307315826416,0.2942904531955719,26.135332107543945,23.889606475830078,21.7015438079834,24.628812789916992,27.32937240600586,30.260211944580078,29.002452850341797,24.387332916259766,29.631332397460938,297556.78125,54514.96484375,25490.369140625,776.4951171875,18.94057273864746,858229.8125,846310.125,20200.19140625,852270.0,0.06546013802289963,94.38215666399992,13.225672040000063,107.60782964499958,8705.238389231,0.0344209178205689,0.5295799760169757,93.85046057498403,0.005611143764351338,3114.3134765625
81,0.059916313737630844,0.6492026448249817,0.8270174264907837,0.8670610785484314,0.802769124507904,0.5883664488792419,0.4283860921859741,0.3816155791282654,0.7713035345077515,0.40500083565711975,27.97559928894043,24.511844635009766,23.7797908782959,22.045244216918945,27.613183975219727,33.29027557373047,36.61324691772461,24.48751449584961,34.951759338378906,275822.34375,60117.1328125,29118.57421875,798.4766845703125,22.304349899291992,766987.875,797889.6875,22514.12109375,782438.75,0.0705643892288208,93.84909101799713,13.19128983599876,107.04038169299747,8812.316170206,0.03422651021808794,0.5782614979943901,93.26905927100597,0.006161726229966081,3114.3134765625
82,0.06155648082494736,0.6057178378105164,0.8753094673156738,0.9113762378692627,0.510269820690155,0.6878396272659302,0.31889164447784424,0.3306202292442322,0.7461987733840942,0.3247559368610382,28.5184268951416,23.806867599487305,21.658464431762695,25.576847076416016,26.987653732299805,34.18363952636719,38.897090911865234,24.507457733154297,36.540367126464844,290576.8125,51040.375,23774.927734375,1258.2103271484375,19.423303604125977,837230.8125,830137.1875,19023.234375,833684.0,0.07140316069126129,93.51823053500266,13.113189151998085,106.63142082600098,8918.954425161,0.034105846292852904,0.5350268230067741,92.98141001899421,0.00572120625073343,3114.3134765625
83,0.058795809745788574,0.6231642961502075,0.8230921626091003,0.7043085098266602,0.7860627174377441,0.6635995507240295,0.39780330657958984,0.36411958932876587,0.7442657351493835,0.38096144795417786,27.20214080810547,26.148765563964844,23.055421829223633,24.766700744628906,27.393112182617188,30.324962615966797,31.52388572692871,25.340999603271484,30.924423217773438,283568.5625,60795.39453125,43427.36328125,831.6068725585938,20.163339614868164,787238.4375,809098.375,26268.6328125,798168.375,0.06860484182834625,94.70972917199833,12.664053331001924,107.37378341599833,9026.335120696998,0.03454038263019633,0.6808111259961152,94.02715519000412,0.007188530727442058,3114.3134765625
84,0.061460305005311966,0.6530388593673706,0.7681816816329956,0.7553292512893677,0.7981630563735962,0.6919496655464172,0.44166117906570435,0.46294844150543213,0.7534058690071106,0.45230481028556824,26.162437438964844,25.52536964416504,25.74049186706543,20.75363540649414,26.11697006225586,28.360891342163086,30.47725486755371,24.53411865234375,29.4190731048584,268587.21875,69593.875,39503.453125,807.74658203125,19.295011520385742,758029.375,743569.5,27481.09375,750799.4375,0.06547875702381134,94.13861381099923,13.026037212999654,107.16465198800142,9133.505550482,0.034332098399343265,0.6340408070318517,93.50276506396767,0.006735312518471364,3114.3134765625
85,0.06123504415154457,0.5956372618675232,0.8646197319030762,0.8747615814208984,0.48684942722320557,0.6897963881492615,0.312622606754303,0.34517383575439453,0.7290067672729492,0.32889822125434875,27.799177169799805,26.19260025024414,22.678024291992188,28.4038028717041,26.955270767211914,30.502901077270508,32.06245422363281,26.057424545288086,31.282676696777344,290815.25,53183.23828125,28262.650390625,1287.9447021484375,19.362329483032227,841075.0,821063.1875,20688.298828125,831069.125,0.06802422553300858,93.55880243000138,12.734724513000401,106.29352802100038,9239.805473308,0.03412064275346513,0.6383830769991619,92.9185086389989,0.006823474629074274,3114.3134765625
86,0.060387492179870605,0.6820392608642578,0.8272527456283569,0.8686715364456177,0.8829319477081299,0.6744351387023926,0.3992235064506531,0.4397208094596863,0.8133228421211243,0.4194721579551697,25.23814582824707,23.714046478271484,22.626279830932617,20.038026809692383,26.168493270874023,27.569780349731445,31.312253952026367,23.13671112060547,29.441017150878906,272573.59375,60076.23828125,28941.662109375,615.1683959960938,19.835947036743164,786309.5625,759479.125,22413.2265625,772894.375,0.06159718334674835,94.54202914000052,13.006163149002532,107.54819337600202,9347.390352959,0.03447922288110887,0.5546365679874725,93.98546627501128,0.0058666803960277965,3114.3134765625
87,0.05970880016684532,0.7022035717964172,0.8680813312530518,0.9038771390914917,0.8054444193840027,0.6667729020118713,0.4813687801361084,0.48767662048339844,0.811043918132782,0.4845227003097534,27.712678909301758,24.421798706054688,20.51647186279297,25.02867317199707,25.390853881835938,33.60270690917969,37.31556701660156,23.839448928833008,35.459136962890625,255816.5625,52498.91015625,24760.38671875,793.0428466796875,20.068010330200195,730577.75,726249.1875,19518.1015625,728413.5,0.06681974977254868,93.98438399600127,13.250355052001396,107.23473987800025,9454.666532099998,0.03427585120204277,0.6300585960161698,93.35180503398442,0.006704044500507696,3114.3134765625
88,0.057365380227565765,0.6996955871582031,0.8674619793891907,0.9124577641487122,0.8667805194854736,0.671777606010437,0.4123868942260742,0.46730905771255493,0.8296195268630981,0.4398479759693146,25.089773178100586,23.374845504760742,20.580793380737305,21.844594955444336,25.917911529541016,28.42002296447754,30.400463104248047,22.929534912109375,29.41024398803711,265853.28125,52622.0,23629.41015625,656.2340087890625,19.9167423248291,777647.625,740544.6875,19231.888671875,759096.125,0.06066029891371727,93.05567845900077,13.321059768997657,106.37673909700243,9561.049505677,0.03393715479905207,0.6368064770467754,92.41643575395574,0.00684346361049858,3114.3134765625
89,0.0575065016746521,0.6452928781509399,0.8915450572967529,0.9137406945228577,0.6662188768386841,0.5527989864349365,0.4225337505340576,0.42491990327835083,0.756075918674469,0.4237268269062042,25.475252151489258,23.924453735351562,21.113262176513672,20.78639030456543,27.76472282409668,28.721660614013672,30.541017532348633,23.397207260131836,29.63134002685547,268744.78125,47601.62890625,23455.625,1038.7371826171875,23.24799919128418,770904.1875,769445.3125,18029.80859375,770174.75,0.0618889182806015,94.46725982699718,12.908671093999146,107.37593184800062,9668.463924778998,0.034451954714440985,0.648842700968089,93.81667916703373,0.006868566310094887,3114.3134765625
90,0.05810527876019478,0.6577073335647583,0.8915037512779236,0.8942101001739502,0.8471095561981201,0.5904095768928528,0.36678779125213623,0.35622334480285645,0.8058082461357117,0.36150556802749634,26.740707397460938,23.235271453857422,20.986059188842773,21.61629295349121,27.60494613647461,33.08631134033203,33.91535949707031,23.360641479492188,33.50083541870117,282612.46875,47610.69140625,25975.634765625,703.0156860351562,22.24892807006836,807256.875,814106.4375,18577.8984375,810681.625,0.06407417356967926,93.9598960129988,12.972290233999956,106.93218745899867,9775.402405609,0.03426692050072896,0.6637178029777715,93.29378370402264,0.007064021417473733,3114.3134765625
91,0.057064130902290344,0.6569430232048035,0.7989813089370728,0.8603472113609314,0.8726751804351807,0.7018046975135803,0.36813294887542725,0.3397166132926941,0.8084520697593689,0.35392478108406067,25.740121841430664,24.947975158691406,22.46293067932129,21.76947593688965,26.580718994140625,27.859615325927734,30.820024490356445,23.940275192260742,29.339820861816406,287697.96875,64806.0234375,29844.814453125,641.5511474609375,18.983863830566406,806399.0,824477.5,23827.84375,815438.25,0.06360084563493729,93.66961139699924,13.18755090400009,106.85716337700069,9882.302458402,0.034161054484682436,0.6053861620166572,93.06231707798361,0.006463125934298882,3114.3134765625
92,0.05855206027626991,0.6086616516113281,0.9065253138542175,0.9122414588928223,0.5931867361068726,0.617336630821228,0.33360087871551514,0.28907865285873413,0.7573225498199463,0.31133976578712463,27.055543899536133,25.135793685913086,22.97243881225586,21.969749450683594,28.425121307373047,32.70865249633789,31.121522903442383,24.625774383544922,31.915088653564453,292111.4375,44192.046875,23658.583984375,1146.7593994140625,21.505157470703125,828141.0625,855508.5625,17254.724609375,841824.8125,0.06749248504638672,93.33844497800237,12.771676256001228,106.11012211500201,9988.419352040999,0.034040278985412974,0.564244544984831,92.77263812801539,0.006045247375162781,3114.3134765625
93,0.056757230311632156,0.6077092289924622,0.7859742641448975,0.794485330581665,0.8555874228477478,0.6563493013381958,0.2765865921974182,0.2772728204727173,0.7730990648269653,0.27692970633506775,26.62263298034668,24.35826873779297,24.342906951904297,22.80052375793457,26.16073989868164,30.099868774414062,31.97348403930664,24.415611267089844,31.03667640686035,304866.84375,66869.8125,36204.7421875,683.246337890625,20.379465103149414,862840.1875,862582.8125,25944.546875,862711.5,0.06755893677473068,94.51696495600117,13.184083310999995,107.70104936600183,10096.127265327,0.03447008204084653,0.57180802698349,93.94306379401678,0.0060499264926944536,3114.3134765625
94,0.0595390722155571,0.6386594176292419,0.8324053883552551,0.88602215051651,0.8063441514968872,0.7253324389457703,0.2909001111984253,0.2909524440765381,0.8125260472297668,0.2909262776374817,28.66884422302246,25.183244705200195,25.642988204956055,22.26764678955078,27.446630477905273,35.37207794189453,36.10049057006836,25.135128021240234,35.73628234863281,299264.5,59173.48046875,26962.134765625,791.2069702148438,18.219560623168945,854261.5,854380.375,21736.259765625,854320.9375,0.07068487256765366,94.22975539800245,13.43193313699885,107.66168952700173,10203.795963185998,0.034365337490154066,0.6586161810155318,93.56926967698746,0.006989610082179234,3114.3134765625
95,0.0568714439868927,0.6451737284660339,0.8248398303985596,0.8897168040275574,0.8335462808609009,0.6835967898368835,0.30276215076446533,0.33658063411712646,0.8079249262809753,0.3196713924407959,26.773710250854492,25.092897415161133,22.47328758239746,23.387317657470703,27.7705135345459,30.363971710205078,31.55426597595215,24.681005477905273,30.959117889404297,293548.0,60494.33984375,26521.5390625,733.5361938476562,19.55485725402832,847086.1875,826433.0,21942.2421875,836759.625,0.06574949622154236,94.38778348399865,12.747584410000854,107.13536897300219,10310.939970358,0.034422969906637,0.5961006400211772,93.79005857498123,0.006315551400532343,3114.3134765625
96,0.056640107184648514,0.685953676700592,0.8444716334342957,0.8662875294685364,0.7729771137237549,0.707706093788147,0.4066928029060364,0.5175870656967163,0.7978606224060059,0.46213993430137634,25.86139488220215,24.127765655517578,22.33139991760254,26.211515426635742,25.494131088256836,26.969966888427734,30.033597946166992,24.54120445251465,28.501781463623047,262203.15625,57003.55078125,29203.16796875,856.6622314453125,18.795074462890625,781406.3125,704730.5,21770.544921875,743068.375,0.06289930641651154,94.38440402199922,13.309016123999754,107.69342110800062,10418.672450150001,0.03442173742596616,0.6818592880008509,93.70083333100047,0.007224410207847552,3114.3134765625
97,0.058115676045417786,0.5957387685775757,0.8295215964317322,0.792966902256012,0.6982036828994751,0.6069924831390381,0.3062785267829895,0.3404693007469177,0.7319211363792419,0.3233739137649536,26.24756622314453,24.508207321166992,23.542461395263672,22.180055618286133,26.038623809814453,30.067522048950195,31.14852523803711,24.067337036132812,30.60802459716797,294330.5,59680.41015625,36338.2421875,987.71533203125,21.79388427734375,844947.4375,824007.375,24257.04296875,834477.375,0.06619025021791458,95.42873172399777,13.26114361800137,108.6898766230006,10527.369541847,0.034802600920495176,0.5362009890122863,94.89040980998834,0.0056189880843793075,3114.3134765625
98,0.05690592899918556,0.6498913168907166,0.8279228806495667,0.8051484823226929,0.7750272154808044,0.7247360944747925,0.3684905171394348,0.39802229404449463,0.7832087278366089,0.3832564055919647,29.136438369750977,25.53708267211914,25.702274322509766,21.68673324584961,28.39251708984375,34.551815032958984,38.948211669921875,25.32965087890625,36.75001525878906,281581.375,59959.58984375,35252.984375,852.7854614257812,18.239328384399414,806170.8125,787233.9375,24020.90234375,796702.375,0.07136408984661102,94.63862072499978,13.46330468800079,108.10192657199877,10635.478492887998,0.034514449571480595,0.5566876129851153,94.07880456901694,0.0058824400882757505,3114.3134765625
99,0.05564336106181145,0.6748757362365723,0.8773844838142395,0.8932212591171265,0.8373361825942993,0.6684421300888062,0.39266854524612427,0.3802017569541931,0.8190960884094238,0.3864351511001587,25.856849670410156,23.737993240356445,21.866376876831055,21.522449493408203,26.506746292114258,30.172788619995117,31.33473777770996,23.408390045166016,30.75376319885254,277807.4375,50613.90234375,26096.74609375,725.137451171875,20.017684936523438,790587.625,798801.3125,19363.951171875,794694.5,0.06349654495716095,94.98458676899827,13.075986292999005,108.06057411800066,10743.546124422,0.03464062245404751,0.7682850410346873,94.21402474096612,0.008088717181104788,3114.3134765625
100,0.05653110891580582,0.653140127658844,0.8590787649154663,0.8991948962211609,0.765411913394928,0.6942863464355469,0.36383873224258423,0.33702993392944336,0.8044929504394531,0.3504343330860138,28.060991287231445,24.991331100463867,23.458532333374023,26.168701171875,29.16175651550293,29.796262741088867,34.78937530517578,25.945079803466797,32.29281997680664,285965.78125,54260.69140625,25356.265625,870.8187866210938,19.22169303894043,809134.5,826153.125,20126.748046875,817643.8125,0.06899340450763702,94.44149801700041,12.852216611001495,107.2937155710024,10850.846838082,0.03444255945186011,0.5491013860155363,93.89076197998293,0.005814296701039397,3114.3134765625
101,0.05565119907259941,0.6840424537658691,0.8032563328742981,0.8485231399536133,0.7116496562957764,0.6937510371208191,0.532396137714386,0.5146782398223877,0.7642950415611267,0.5235371589660645,30.72696876525879,24.59689712524414,23.004592895507812,22.94578742980957,28.143545150756836,40.34607696533203,45.324920654296875,24.672706604003906,42.83549880981445,249456.609375,64113.203125,31082.591796875,965.4617309570312,19.23851203918457,693707.125,706852.0,24045.125,700279.5625,0.07728519290685654,93.76674704899779,13.279919631000666,107.04666792499847,10957.932510984001,0.03419647959482049,0.6367234679964895,93.12711736500205,0.006790714441087676,3114.3134765625
102,0.057929977774620056,0.6365855932235718,0.8855679035186768,0.9122675061225891,0.8109315633773804,0.6826855540275574,0.260414719581604,0.26764625310897827,0.8228631615638733,0.26403048634529114,26.357627868652344,25.06983184814453,22.132999420166016,21.961017608642578,26.927656173706055,30.83350372314453,31.22075843811035,24.022876739501953,31.027130126953125,302348.65625,48895.74609375,23655.07421875,781.7796020507812,19.58299446105957,872431.3125,868308.5,18338.046875,870369.875,0.06508723646402359,95.10701376200086,13.082642132001638,108.18965685299918,11066.129750371,0.034685271247994476,0.6655580070037104,94.4385178229968,0.006998206976885008,3114.3134765625
103,0.055706221610307693,0.6103392243385315,0.8477959632873535,0.8827996253967285,0.7907713055610657,0.7605724334716797,0.17593896389007568,0.2041569948196411,0.8204848170280457,0.1900479793548584,24.96982765197754,22.9766845703125,20.991640090942383,22.231447219848633,25.556718826293945,29.41407012939453,28.648418426513672,22.93912124633789,29.0312442779541,318440.71875,56391.0546875,27340.630859375,822.4044189453125,17.010662078857422,920909.1875,905164.0625,21142.775390625,913036.625,0.063664510846138,94.41386347400112,13.111149153999577,107.52501345199926,11173.662285575001,0.034432481208607264,0.5408989550087426,93.87103019999267,0.005729137830884889,3114.3134765625
104,0.05713172256946564,0.6515054702758789,0.8340846300125122,0.8119367957115173,0.8388906717300415,0.6512260437011719,0.3797599673271179,0.3931347131729126,0.7840344905853271,0.38644734025001526,26.495704650878906,24.34412384033203,24.680095672607422,21.429460525512695,26.65318489074707,29.423709869384766,32.443660736083984,24.276716232299805,30.933685302734375,280603.40625,58876.28515625,34633.46875,721.6642456054688,20.53081703186035,798945.1875,790423.3125,23562.986328125,794684.25,0.06677781790494919,93.78799489000085,12.928942050999467,106.71693806099938,11280.421196532001,0.03420422862509148,0.5742150259939081,93.211465537006,0.006122630049138289,3114.3134765625
105,0.056293975561857224,0.6683716773986816,0.7977792024612427,0.869164228439331,0.8306994438171387,0.70428466796875,0.3563573360443115,0.4519451856613159,0.800481915473938,0.4041512608528137,27.057313919067383,25.380605697631836,23.7216854095459,21.009096145629883,26.982515335083008,30.634218215942383,34.61575698852539,24.273475646972656,32.6249885559082,276612.0,64999.50390625,28887.318359375,739.7824096679688,18.90475845336914,813878.375,751148.125,23661.376953125,782513.25,0.06647077202796936,94.86881656600235,13.41531915899759,108.28413663600077,11388.712885888,0.034598401373450896,0.5888523610083212,94.27756557799148,0.0062071739800164056,3114.3134765625
106,0.05453534051775932,0.6870863437652588,0.8291193246841431,0.9036903977394104,0.8508622646331787,0.7187842130661011,0.3856772184371948,0.43438446521759033,0.8256140947341919,0.4100308418273926,25.124969482421875,23.578853607177734,21.09142303466797,20.42131996154785,25.163925170898438,29.493915557861328,31.000385284423828,22.563880920410156,30.247150421142578,273910.0625,59750.77734375,24784.421875,694.3342895507812,18.435461044311523,795125.0625,763087.375,21311.994140625,779106.25,0.06309359520673752,94.19921541400254,13.481813947000774,107.68103055599931,11496.437137194998,0.03435419964040939,0.6292169200060016,93.56779174599433,0.006679797255951637,3114.3134765625
107,0.05589644983410835,0.6570624709129333,0.8432813882827759,0.8365492224693298,0.8527989387512207,0.7073363065719604,0.34674161672592163,0.3556673526763916,0.8099914789199829,0.3512044847011566,25.6580867767334,23.919218063354492,22.34459114074707,20.132041931152344,24.954132080078125,30.567472457885742,32.03107452392578,22.837495803833008,31.299274444580078,287435.125,57221.2578125,32287.732421875,689.8112182617188,18.80695915222168,819935.375,814457.9375,22554.40234375,817196.625,0.06350867450237274,94.00846830400042,13.207267184003285,107.21573641700161,11603.660362198998,0.03428463468417229,0.6604879650294606,93.34619819097134,0.007025967960761897,3114.3134765625
108,0.05342290922999382,0.6157580018043518,0.8082650899887085,0.846858024597168,0.8507503867149353,0.6192824840545654,0.27683353424072266,0.29255837202072144,0.7812889814376831,0.28469595313072205,25.89667320251465,24.735023498535156,22.13613510131836,19.924896240234375,28.069744110107422,29.386266708374023,31.127967834472656,23.716449737548828,30.257118225097656,301894.34375,63291.84375,31252.958984375,694.5946044921875,21.450410842895508,862692.9375,853412.3125,23815.212890625,858052.625,0.06433451175689697,94.02162090799902,12.688432162998652,106.71005408500059,11710.378039914,0.03428943140335486,0.5800469109817641,93.43949252101811,0.006169429402505062,3114.3134765625
109,0.053634170442819595,0.6594827175140381,0.8246633410453796,0.9002687335014343,0.8658760786056519,0.6487235426902771,0.34386563301086426,0.37349867820739746,0.8098829388618469,0.35868215560913086,25.417150497436523,23.403785705566406,21.084104537963867,22.88334083557129,26.125892639160156,28.034568786621094,30.971208572387695,23.37428092956543,29.502887725830078,285212.03125,60524.81640625,25220.8515625,658.4578857421875,20.604339599609375,821738.25,803109.1875,21606.18359375,812423.75,0.06109802797436714,94.28931474000274,13.178397517000121,107.46771344800072,11817.853659684,0.0343870586214452,0.6513517509811209,93.6360566070216,0.006908152025008298,3114.3134765625
110,0.055246755480766296,0.6139715313911438,0.8118280172348022,0.8830146789550781,0.7787357568740845,0.671367883682251,0.2684507369995117,0.2704322338104248,0.786236584186554,0.26944148540496826,27.19151496887207,24.605337142944336,22.248178482055664,22.591503143310547,25.581741333007812,31.57893943786621,36.543392181396484,23.756690979003906,34.06116485595703,304202.6875,62701.015625,27315.537109375,845.7274169921875,19.929168701171875,867678.625,866655.375,22720.552734375,867167.0,0.06747148185968399,94.14683012800015,13.319450840997888,107.46628208499897,11925.327490066999,0.03433509486797963,0.6592857650030055,93.48577819599814,0.007002871284639092,3114.3134765625
111,0.05363742634654045,0.6046344041824341,0.7150846719741821,0.7473987340927124,0.7483842372894287,0.645179271697998,0.38244354724884033,0.38931578397750854,0.7140117287635803,0.38587966561317444,26.60493278503418,26.380756378173828,26.73250389099121,21.998300552368164,26.391897201538086,28.488922119140625,29.637210845947266,25.375864028930664,29.063066482543945,284722.65625,77153.390625,40138.56640625,901.8695068359375,20.708024978637695,797215.0,792906.4375,29553.6328125,795060.75,0.0647854208946228,94.8562279780017,12.760797853999975,107.61702678800066,12032.985058883,0.03459381034938063,0.6364169009830221,94.21724664501744,0.0067094604171443915,3114.3134765625
112,0.05612822622060776,0.6545532941818237,0.8936641216278076,0.9032719731330872,0.8299676775932312,0.6850089430809021,0.3358151912689209,0.2795916795730591,0.8279781937599182,0.30770343542099,24.6263370513916,23.106660842895508,21.15599822998047,20.74555015563965,25.17245101928711,27.89710235595703,29.680269241333008,22.545166015625,28.788684844970703,293449.21875,47134.3046875,24838.205078125,741.3794555664062,19.51116943359375,826764.0625,861197.875,18183.349609375,843981.0,0.05894817039370537,94.06377786400117,13.550563536999107,107.6143423379981,12140.607930784,0.03430480593143733,0.6565053290250944,93.40540010797486,0.00697950276443,3114.3134765625
113,0.05327319726347923,0.639988362789154,0.8423682451248169,0.8816503882408142,0.7174007892608643,0.7250136137008667,0.33361589908599854,0.3398813009262085,0.7916082143783569,0.3367486000061035,26.50860023498535,23.779682159423828,21.371889114379883,22.843238830566406,24.9409236907959,31.26985740661621,34.846012115478516,23.23393440246582,33.05793380737305,289723.78125,57387.72265625,27474.3515625,955.78515625,18.23012924194336,828131.75,824374.6875,21459.021484375,826253.25,0.06479678303003311,94.11126198500278,12.778646263002884,106.88990919200296,12247.541463413001,0.034322123262218375,0.6149676299610292,93.49433209803829,0.0065346106255008566,3114.3134765625
114,0.052716612815856934,0.6406512260437012,0.878470242023468,0.9129012227058411,0.8116901516914368,0.6913535594940186,0.2811933159828186,0.26829904317855835,0.8236038088798523,0.2747461795806885,26.51710319519043,24.231664657592773,20.838191986083984,22.49240493774414,25.716670989990234,31.039751052856445,34.78392791748047,23.319732666015625,32.91183853149414,300461.40625,50389.30859375,23569.486328125,780.209716796875,19.313671112060547,860088.5625,867921.375,18689.580078125,864005.0,0.0657985657453537,93.40122104300099,12.993894122999336,106.39511623100043,12353.944666847,0.03406317324690043,0.6383620770029665,92.76062394999462,0.0068347859453039865,3114.3134765625
115,0.054403770714998245,0.6755419373512268,0.8684810400009155,0.8979278802871704,0.8401070833206177,0.7384997606277466,0.3679032325744629,0.34033310413360596,0.8362538814544678,0.3541181683540344,25.797285079956055,24.0269718170166,22.50666046142578,21.495052337646484,27.067794799804688,28.01824188232422,31.66898536682129,23.774120330810547,29.843612670898438,284884.84375,52419.31640625,25515.119140625,718.9346313476562,17.777482986450195,806545.5625,824092.5,19667.7890625,815319.0,0.06115313246846199,94.60140991400112,12.928673337999498,107.5300842659999,12461.483091688,0.03450087888913243,0.6107971510245989,93.9886273639786,0.006456668781613235,3114.3134765625
116,0.05283334106206894,0.6647092700004578,0.8366372585296631,0.876346230506897,0.8206745386123657,0.7199313640594482,0.35802292823791504,0.37664371728897095,0.8133973479270935,0.367333322763443,25.356306076049805,23.807390213012695,22.153656005859375,19.732704162597656,26.723857879638672,28.756717681884766,30.9635009765625,23.104400634765625,29.860109329223633,283533.34375,58421.625,28083.26953125,761.3699951171875,18.397823333740234,812824.6875,801090.8125,21821.1640625,806957.75,0.06183407083153725,93.55261566300032,12.725031273999775,106.27764795699841,12567.80353852,0.034118386456236445,0.5277888829987205,93.02210365200153,0.005641790371926471,3114.3134765625
117,0.05466886982321739,0.6450662612915039,0.8441256880760193,0.898422122001648,0.845575749874115,0.721703052520752,0.2817380428314209,0.27883273363113403,0.8274566531181335,0.28028538823127747,26.95841407775879,23.664268493652344,22.354738235473633,26.57573890686035,27.587732315063477,29.3519287109375,32.21607971191406,25.045618057250977,30.78400421142578,300776.5,57066.9140625,25453.2734375,706.533203125,18.339540481567383,859762.5625,861651.375,20811.263671875,860707.0,0.06798763573169708,94.12445606699839,12.96554444800131,107.0900014789986,12674.901515362,0.03432693510831451,0.6705484570011322,93.45156494699768,0.007124239275450053,3114.3134765625
118,0.052091073244810104,0.5567218661308289,0.7497934699058533,0.8051250576972961,0.6220864057540894,0.6588022708892822,0.2482280731201172,0.25629597902297974,0.7089517712593079,0.25226202607154846,26.912572860717773,25.948820114135742,23.755399703979492,23.151090621948242,28.862979888916016,29.004911422729492,30.752241134643555,25.42957305908203,29.878576278686523,310547.1875,72301.3515625,35255.109375,1105.2767333984375,20.30660057067871,879589.75,875011.3125,27170.509765625,877300.5,0.06806810945272446,94.00771962300132,12.819011124000099,106.8267319200022,12781.736147499001,0.034284361642232426,0.5992527390008036,93.40636477599764,0.00637464818424488,3114.3134765625
119,0.05368020758032799,0.6451743245124817,0.8824799656867981,0.8992613554000854,0.7673070430755615,0.690071702003479,0.3493924140930176,0.2825336456298828,0.8097800016403198,0.3159630298614502,25.78664207458496,24.089868545532227,21.61228370666504,23.22169303894043,27.853437423706055,28.44415283203125,29.4984188079834,24.194320678710938,28.97128677368164,292248.875,49551.078125,25347.908203125,867.294189453125,19.353734970092773,818270.0625,859437.625,18946.408203125,838853.875,0.06340272724628448,92.91903481500049,13.213620823000383,106.13265679699907,12887.877018573998,0.03388732123085357,0.6336622840135533,92.28318442698583,0.0068196705596827055,3114.3134765625
120,0.05409364402294159,0.6224066615104675,0.7965036034584045,0.8580273389816284,0.7783984541893005,0.64793860912323,0.3420155644416809,0.3115559220314026,0.7702170610427856,0.32678574323654175,25.62529945373535,23.91508674621582,20.92276382446289,20.701208114624023,26.45305061340332,28.472036361694336,33.287654876708984,22.998027801513672,30.879844665527344,293489.0625,65204.18359375,30091.67578125,846.3717651367188,20.627347946166992,822895.9375,841875.625,24040.71484375,832385.75,0.06333944946527481,93.01937284500309,13.100210501997935,106.11958457500077,12994.004601921,0.03392391423960726,0.5687146070085873,92.4490375759924,0.006114043756827312,3114.3134765625
121,0.05187251418828964,0.5798758268356323,0.8754705786705017,0.8998373746871948,0.32277506589889526,0.7262105941772461,0.3318266272544861,0.3231348395347595,0.7060734033584595,0.3274807333946228,25.296829223632812,23.578514099121094,21.333120346069336,21.16536521911621,25.618257522583008,28.945531845092773,31.140180587768555,22.92381477355957,30.042856216430664,290298.21875,51007.38671875,25275.333984375,1479.589599609375,18.190412521362305,829242.8125,834765.875,19445.123046875,832004.375,0.06211847811937332,93.51479695300077,12.755820315000165,106.27061820699964,13100.331147579998,0.034104594074763225,0.5885483019810636,92.92308842201965,0.006293850932351467,3114.3134765625
122,0.0512998141348362,0.6357542872428894,0.7970289587974548,0.8660242557525635,0.8310959339141846,0.6714147925376892,0.34781497716903687,0.301146924495697,0.7913910150527954,0.32448095083236694,26.659543991088867,23.839956283569336,21.95989227294922,22.437589645385742,26.210063934326172,30.48164176940918,35.02812194824219,23.61187744140625,32.7548828125,293764.6875,65119.96484375,29231.90234375,738.91552734375,19.927745819091797,819261.4375,848216.1875,23777.677734375,833738.8125,0.06754041463136673,92.72033034700144,12.509340605000034,105.22967188099938,13205.568536654,0.03381485424762999,0.5724902669826406,92.14617616901887,0.006174487716319761,3114.3134765625
123,0.05270954594016075,0.6649373769760132,0.8766785860061646,0.9132300615310669,0.8270759582519531,0.7265337109565735,0.3534085750579834,0.2926974296569824,0.8358795642852783,0.3230530023574829,26.397735595703125,24.39751625061035,22.619457244873047,23.922924041748047,26.96164321899414,28.012367248535156,32.47249984741211,24.475383758544922,30.242433547973633,290686.53125,50759.3828125,23524.953125,747.6571044921875,18.17967414855957,815740.625,853328.4375,18762.54296875,834534.5,0.06447350978851318,94.08092862999911,12.882166122999479,106.96309581799869,13312.540048806999,0.03431106076951098,0.645904575001623,93.43168628999774,0.006865658113295984,3114.3134765625
124,0.05136279761791229,0.6309239864349365,0.7994093298912048,0.8561968803405762,0.819446861743927,0.7231912612915039,0.305383563041687,0.28191620111465454,0.799561083316803,0.2936498820781708,25.978858947753906,25.37639808654785,22.47983741760254,21.097898483276367,26.73393440246582,28.083736419677734,32.10135269165039,23.922016143798828,30.092544555664062,300183.96875,64736.98828125,30285.046875,763.9718017578125,18.290437698364258,845492.25,859807.375,23951.072265625,852649.8125,0.0654929056763649,93.27974555200126,12.942978242001118,106.22272515200166,13418.771074704999,0.03401887146316603,0.5399529829956009,92.73815016800654,0.005788635968738606,3114.3134765625
125,0.05344396084547043,0.6851957440376282,0.8030250668525696,0.8976894617080688,0.8473705053329468,0.691874623298645,0.4275730848312378,0.4436419606208801,0.8099899291992188,0.43560752272605896,24.9511775970459,24.372434616088867,20.868255615234375,21.884742736816406,25.78366470336914,28.408924102783203,28.38904571533203,23.227275848388672,28.398984909057617,269127.875,64150.87890625,25544.90625,702.4153442382812,19.297359466552734,767533.125,756816.8125,22604.373046875,762175.0,0.060676027089357376,93.53768793699783,12.966139023003052,106.50382812499811,13525.283388343998,0.034112942354849685,0.6508774979993177,92.88416177600084,0.0069586488983304625,3114.3134765625
126,0.05211644619703293,0.594461977481842,0.8139228224754333,0.8906203508377075,0.8740255832672119,0.692440390586853,0.15480434894561768,0.14095842838287354,0.8177522420883179,0.1478813886642456,26.672304153442383,25.08481216430664,22.671417236328125,20.333585739135742,27.414783477783203,30.97337532043457,33.55585479736328,23.876148223876953,32.26461410522461,327080.375,62351.0390625,26412.673828125,638.1400756835938,19.27963638305664,932643.6875,940417.5,22355.283203125,936530.625,0.06811874359846115,93.25094851199901,13.091974004000804,106.34292349300085,13631.667542203,0.034008369260393516,0.6256254690160858,92.62296002998482,0.00670922208276059,3114.3134765625
127,0.051018211990594864,0.5883225798606873,0.8023240566253662,0.8943424224853516,0.7445846199989319,0.7112413048744202,0.197576642036438,0.17986643314361572,0.7881230711936951,0.18872153759002686,26.16254234313965,23.75237274169922,20.565662384033203,21.560779571533203,24.975404739379883,31.999576568603516,34.12146759033203,22.71355438232422,33.060523986816406,319793.96875,64264.921875,25959.384765625,908.653564453125,18.681068420410156,908738.4375,918873.8125,22787.91015625,913806.125,0.06542512029409409,93.55177982100213,12.830853514999035,106.38263437800197,13738.059205698,0.03411808162691544,0.6090078950182942,92.940315722979,0.0065100192226417285,3114.3134765625
128,0.051992982625961304,0.6230676174163818,0.8533185720443726,0.9103385210037231,0.7796944975852966,0.7023401260375977,0.2520327568054199,0.24068117141723633,0.8114229440689087,0.24635696411132812,26.7250919342041,23.17267417907715,20.311052322387695,22.19986343383789,25.371206283569336,32.79219436645508,36.503570556640625,22.763700485229492,34.64788055419922,306940.96875,55358.55078125,23913.70703125,843.8931884765625,18.96681022644043,877361.125,884149.5,20033.779296875,880755.3125,0.06680510938167572,92.93443169400052,12.765858145001403,105.70029077199797,13843.771910089998,0.0338929364310724,0.5477926230159937,92.38350056998388,0.005894598086333923,3114.3134765625
129,0.05188500136137009,0.6539488434791565,0.7947078943252563,0.8484160900115967,0.794143795967102,0.7157394289970398,0.42151695489883423,0.34916865825653076,0.7882518172264099,0.3853428065776825,26.73316192626953,25.73099136352539,22.54499053955078,20.147968292236328,26.252513885498047,30.151199340820312,35.57129669189453,23.669116973876953,32.86124801635742,281259.4375,65491.24609375,31093.572265625,815.7494506835938,18.534996032714844,771582.625,818554.9375,24354.775390625,795068.75,0.06548777222633362,93.55240968499857,12.605490134999854,106.157900729002,13949.938387074,0.03411831133661509,0.6538972279813606,92.89613225301946,0.006989813168516011,3114.3134765625
130,0.05215343460440636,0.5697081685066223,0.7417923212051392,0.7939820289611816,0.7198740243911743,0.7153769731521606,0.21695876121520996,0.23026514053344727,0.7427563667297363,0.2236119508743286,29.5185604095459,24.75651741027832,23.187759399414062,22.610248565673828,25.979726791381836,36.61652374267578,43.960601806640625,24.133562088012695,40.2885627746582,316426.125,73448.2890625,36249.04296875,951.5936279296875,18.54680824279785,897696.3125,890193.0,27666.8671875,893944.625,0.07581713050603867,92.81305258900102,12.849072821998561,105.6621262530025,14055.608971297,0.033848669799052156,0.6696936300031666,92.14154733399846,0.007215652145658933,3114.3134765625
131,0.0517401285469532,0.6753161549568176,0.8681641221046448,0.9054925441741943,0.8412285447120667,0.7099571824073792,0.3500475287437439,0.3770073652267456,0.8312105536460876,0.36352744698524475,26.452993392944336,24.255462646484375,20.893720626831055,23.46086883544922,24.91350555419922,32.9802131652832,32.21417236328125,23.380889892578125,32.597190856933594,282747.34375,52482.43359375,24551.44921875,716.4089965820312,18.72256088256836,817858.0,800857.125,19442.251953125,809357.5625,0.06537593901157379,92.8741001999988,13.01048911199905,105.8845902590001,14161.535288844001,0.033870933698030195,0.5491751109839242,92.3224395680154,0.005913271917173924,3114.3134765625
132,0.050810787826776505,0.661328911781311,0.7542165517807007,0.8478735089302063,0.7860613465309143,0.7086972594261169,0.444614052772522,0.426510751247406,0.7742121815681458,0.435562402009964,25.708486557006836,25.331623077392578,23.158123016357422,22.542495727539062,26.513328552246094,27.32807731628418,29.37726402282715,24.38639259338379,28.352670669555664,271343.59375,71659.4375,31149.16796875,831.6094970703125,18.763179779052734,756022.1875,768380.3125,25914.74609375,762201.25,0.06328944861888885,93.62212853099845,13.167342995999206,106.78947237800094,14268.333424688999,0.03414373761159681,0.552881419975165,93.06744645402432,0.005905570216751109,3114.3134765625
133,0.05082801729440689,0.5987326502799988,0.7100614309310913,0.8160915970802307,0.6791751384735107,0.6521558165550232,0.3818143606185913,0.35309743881225586,0.7143710255622864,0.3674558997154236,25.747222900390625,25.49522590637207,22.714216232299805,23.67327880859375,25.202661514282227,28.45701789855957,28.940921783447266,24.271345138549805,28.698970794677734,287803.28125,77830.5546875,34248.7578125,1018.3775634765625,20.50343132019043,797621.0,816080.5625,28279.546875,806850.75,0.06449490785598755,92.94101447299909,13.274802296000416,106.21581782700014,14374.558223724,0.03389533715280783,0.5428256540108123,92.39541420299065,0.005840713734691186,3114.3134765625
134,0.05208185315132141,0.6348694562911987,0.8639003038406372,0.8582563996315002,0.8243980407714844,0.6481926441192627,0.3181859254837036,0.2962835431098938,0.7986868619918823,0.3072347342967987,26.233917236328125,24.69988250732422,23.509288787841797,22.005826950073242,27.002208709716797,29.628360748291016,30.557933807373047,24.304302215576172,30.09314727783203,295498.78125,53324.36328125,30067.392578125,753.424072265625,20.619903564453125,837664.5,851162.4375,21041.44921875,844413.5,0.06492020189762115,93.41932019399974,12.988256300999637,106.40757740900153,14480.974493647,0.034069773958424414,0.6601970979863836,92.75734965701122,0.007067163728007712,3114.3134765625
135,0.052151113748550415,0.6817073225975037,0.8492312431335449,0.9057800769805908,0.8367993831634521,0.7487209439277649,0.3874046206474304,0.36230766773223877,0.835132896900177,0.3748561441898346,25.890832901000977,24.82880401611328,22.554733276367188,22.068647384643555,25.484189987182617,28.75005340576172,31.65857696533203,23.734094619750977,30.204315185546875,280939.84375,56124.53515625,24514.072265625,726.3328247070312,17.426586151123047,794006.375,810250.25,20345.59375,802128.3125,0.06265672296285629,93.60271274300248,12.823456946000078,106.42617060900011,14587.409855527001,0.03413665672611323,0.5667868200034718,93.03415997199772,0.006055353491914757,3114.3134765625
136,0.050763264298439026,0.6610650420188904,0.8028364777565002,0.8880689144134521,0.8219901919364929,0.6852248907089233,0.38696956634521484,0.38130003213882446,0.7995301485061646,0.38413479924201965,24.753692626953125,23.79633140563965,21.05215835571289,21.078521728515625,25.73431968688965,26.84236717224121,30.018457412719727,22.915332794189453,28.43041229248047,280676.6875,64181.578125,26718.953125,758.5719604492188,19.504478454589844,794288.1875,798093.3125,22919.65234375,796190.75,0.06027575582265854,93.21941757700188,13.02001942700008,106.23943822599904,14693.691003228001,0.03399687001349448,0.5726211280234565,92.64503397397493,0.006142839866513449,3114.3134765625
137,0.050883881747722626,0.661633312702179,0.7944983243942261,0.8838570713996887,0.8806778788566589,0.7085913419723511,0.35515570640563965,0.34701985120773315,0.816906213760376,0.3510877788066864,25.788429260253906,24.74574089050293,22.06874656677246,21.17096519470215,25.026735305786133,30.469676971435547,31.24871826171875,23.2530460357666,30.85919761657715,287987.375,65524.66015625,27217.013671875,621.0625,18.766592025756836,814637.75,819905.125,23345.375,817271.4375,0.06323529034852982,93.40600402199925,12.86435554199852,106.270360429,14799.970913293999,0.034064917586432986,0.6427792660033447,92.76130234399534,0.006881704256642856,3114.3134765625
138,0.049776241183280945,0.6437967419624329,0.8490148782730103,0.9027976393699646,0.782196044921875,0.6745561361312866,0.37122464179992676,0.28299129009246826,0.8021411895751953,0.3271079659461975,25.651199340820312,23.873048782348633,21.830482482910156,21.644699096679688,26.372411727905273,28.38580322265625,31.800750732421875,23.430160522460938,30.093276977539062,290918.34375,56164.80078125,24899.03125,839.0884399414062,19.832260131835938,804423.75,859163.5,20480.6875,831793.625,0.06340465694665909,94.33824099699996,13.20911951099697,107.54736147499716,14907.527141976998,0.03440490189533186,0.6418522550156922,93.69322769798237,0.006803961530911847,3114.3134765625
139,0.05030567944049835,0.6588593125343323,0.7400001287460327,0.780515193939209,0.7518697381019592,0.6930704712867737,0.48251229524612427,0.5051883459091187,0.7413638830184937,0.49385032057762146,26.084733963012695,25.006351470947266,22.969417572021484,23.190135955810547,25.985599517822266,28.606773376464844,30.75013542175293,24.28787612915039,29.678455352783203,259255.640625,73702.7421875,37415.046875,895.6011962890625,19.259878158569336,729771.875,713729.375,28008.162109375,721750.625,0.06359582394361496,92.7750213649997,12.815977522001049,105.59100002899868,15013.127838313,0.033834799914296027,0.5163793969986727,92.2567471020011,0.005566045001234706,3114.3134765625
140,0.050996191799640656,0.6267556548118591,0.8118208050727844,0.8865247368812561,0.7634561657905579,0.7331420183181763,0.2930610179901123,0.27252912521362305,0.7987359762191772,0.2827950716018677,26.17059898376465,24.41439437866211,21.757640838623047,21.24654769897461,28.342065811157227,29.65720558166504,31.60572624206543,23.940160751342773,30.631465911865234,301477.53125,62702.21875,26902.623046875,874.4412231445312,17.95867347717285,852958.875,865409.0,22624.310546875,859183.9375,0.06486178189516068,94.11880744899827,13.024330036998435,107.14313849399696,15120.280167667,0.03432487507257413,0.6287177130107011,93.48832635598956,0.00668016849902094,3114.3134765625
141,0.051149219274520874,0.6462478041648865,0.8333399295806885,0.8862872123718262,0.738181471824646,0.6919991970062256,0.36047929525375366,0.3671998977661133,0.7874519228935242,0.36383959650993347,25.474851608276367,23.56387710571289,20.991792678833008,20.64754867553711,25.66714859008789,29.085609436035156,32.89313888549805,22.71759033203125,30.9893741607666,284213.78125,59008.27734375,26930.765625,919.9727783203125,19.293458938598633,811268.125,807136.3125,21719.580078125,809202.25,0.06314806640148163,92.63361268399967,13.039436712002498,105.67305055799807,15225.994794092998,0.033783228549963414,0.5331941509648459,92.0972319910361,0.0057561448561994945,3114.3134765625
142,0.05053224787116051,0.6478398442268372,0.8062853217124939,0.865822434425354,0.8426908850669861,0.756830632686615,0.30547767877578735,0.30993205308914185,0.8179073333740234,0.3077048659324646,25.535232543945312,24.16071319580078,22.33303451538086,20.69666290283203,24.848907470703125,29.361804962158203,31.810279846191406,23.009830474853516,30.586042404174805,296984.15625,63617.76171875,29253.916015625,713.1021728515625,17.143070220947266,845435.0,842867.9375,23400.48046875,844151.5,0.061608683317899704,93.09293612900001,12.54609468000126,105.6390318369995,15331.643246369998,0.03395074257075128,0.6233532069963985,92.46788230900347,0.006696153548088433,3114.3134765625
