split,feature,bin,lower,upper,scope,n_samples,r2,smape,rmse
exemplar,instruction_count,0,3808.0,10809.0,overall,175,-22.972237828639084,119.11573316686798,3289.144330665447
exemplar,instruction_count,0,3808.0,10809.0,resource,175,-12.073971777755181,104.05778216224039,4638.084566859543
exemplar,instruction_count,0,3808.0,10809.0,timing,175,-44.76876993040689,149.2316351761232,591.2638582772532
exemplar,instruction_count,1,10809.0,10985.0,overall,218,-2.9855776532808544,107.38826014387779,4580.474280668032
exemplar,instruction_count,1,10809.0,10985.0,resource,218,-4.3363221317498075,93.19362515500931,6567.1611662912865
exemplar,instruction_count,1,10809.0,10985.0,timing,218,-0.2840886963429485,135.77753012161472,607.1005094215259
exemplar,instruction_count,2,10985.0,11787.0,overall,192,-0.7906310573438157,75.58854931453786,3517.523802385784
exemplar,instruction_count,2,10985.0,11787.0,resource,192,0.21352077828791588,65.08137574461472,4596.224753087229
exemplar,instruction_count,2,10985.0,11787.0,timing,192,-2.7989347286072785,96.60289645438414,1360.1219009828947
exemplar,instruction_count,3,11787.0,12635.0,overall,214,-0.17630391225869466,67.8666873920183,7663.7678358253725
exemplar,instruction_count,3,11787.0,12635.0,resource,214,-0.2378397463220347,60.39626045944753,10843.5585744767
exemplar,instruction_count,3,11787.0,12635.0,timing,214,-0.05323224413201455,82.80754125715984,1304.1863585227188
exemplar,block_count,0,235.0,762.0,overall,196,-9.473645060393453,124.98856597087054,3493.526898424961
exemplar,block_count,0,235.0,762.0,resource,196,-0.5581635363331958,106.405454083286,4947.366125813873
exemplar,block_count,0,235.0,762.0,timing,196,-27.304608108513968,162.1547897460396,585.8484436471371
exemplar,block_count,1,762.0,776.0,overall,123,-6.964167474900485,104.71217508967767,4458.573277211502
exemplar,block_count,1,762.0,776.0,resource,123,-9.968859759288607,91.52313787086239,6441.947149027331
exemplar,block_count,1,762.0,776.0,timing,123,-0.9547829061242405,131.09024952730823,491.82553357984375
exemplar,block_count,2,776.0,798.0,overall,266,-0.9594219792301116,80.10969441411187,3871.2819914481547
exemplar,block_count,2,776.0,798.0,resource,266,-0.6541879042469796,69.73412239004455,5194.353125356644
exemplar,block_count,2,776.0,798.0,timing,266,-1.5698901291963763,100.86083846224653,1225.139723631176
exemplar,block_count,3,798.0,893.0,overall,214,-0.2841182636962456,68.25154862325094,7735.455217083544
exemplar,block_count,3,798.0,893.0,resource,214,-0.39970578738020335,62.077824903177195,10951.178012341554
exemplar,block_count,3,798.0,893.0,timing,214,-0.0529432163283301,80.59899606339845,1304.009626567522
exemplar,maximum_block_length,0,199.0,318.0,overall,106,0.057449710845955515,49.88071610303686,6131.069666871794
exemplar,maximum_block_length,0,199.0,318.0,resource,106,0.021714107598572396,35.821319947998724,8438.334255485279
exemplar,maximum_block_length,0,199.0,318.0,timing,106,0.12892091734072175,77.99950841311315,1516.5404896448254
exemplar,maximum_block_length,1,318.0,376.0,overall,693,-0.4116616635237145,98.13132854102241,5004.020649677634
exemplar,maximum_block_length,1,318.0,376.0,resource,693,-0.12148057555912944,86.79608388020785,7034.668488596578
exemplar,maximum_block_length,1,318.0,376.0,timing,693,-0.9920238394528847,120.80181786265155,942.7249718397441
exemplar,loop_block_fraction,0,0.005154639016836882,0.005194805096834898,overall,171,-3.5751737460798823,97.35594537098028,4845.361117073541
exemplar,loop_block_fraction,0,0.005154639016836882,0.005194805096834898,resource,171,-5.269427322319069,85.00956608467055,6948.055013269934
exemplar,loop_block_fraction,0,0.005154639016836882,0.005194805096834898,timing,171,-0.18666659360150933,122.04870394359972,639.9733246807546
exemplar,loop_block_fraction,1,0.005194805096834898,0.020408162847161293,overall,227,-0.48920030686197574,93.42509544068291,7146.380577872965
exemplar,loop_block_fraction,1,0.005194805096834898,0.020408162847161293,resource,227,-0.7121290540037573,87.58629859018303,10431.77073396437
exemplar,loop_block_fraction,1,0.005194805096834898,0.020408162847161293,timing,227,-0.043342812578412715,105.10268914168263,575.6002656901559
exemplar,loop_block_fraction,2,0.020408162847161293,0.02133333310484886,overall,193,-0.8376050422654066,78.21575057061823,3129.2373602513558
exemplar,loop_block_fraction,2,0.020408162847161293,0.02133333310484886,resource,193,0.15148042547931165,67.02932539253152,4015.064774368365
exemplar,loop_block_fraction,2,0.020408162847161293,0.02133333310484886,timing,193,-2.815775977754843,100.58860092679166,1357.5825320173371
exemplar,loop_block_fraction,3,0.02133333310484886,0.03404255211353302,overall,208,0.1828287659184291,97.79501635696386,4116.181505371878
exemplar,loop_block_fraction,3,0.02133333310484886,0.03404255211353302,resource,208,0.4684381315235954,79.76615703011107,5528.603293406018
exemplar,loop_block_fraction,3,0.02133333310484886,0.03404255211353302,timing,208,-0.3883899652919036,133.8527350106694,1291.3379293035982
exemplar,block_scc_fraction,0,0.5146276595744681,0.5193298969072165,overall,157,-0.1952983805730737,87.3688886665392,3348.6386488016083
exemplar,block_scc_fraction,0,0.5146276595744681,0.5193298969072165,resource,157,0.10224500837319059,72.89708247408568,4538.748453552901
exemplar,block_scc_fraction,0,0.5146276595744681,0.5193298969072165,timing,157,-0.7903851584656023,116.31250105144629,968.4190392990226
exemplar,block_scc_fraction,1,0.5193298969072165,0.5231362467866324,overall,207,-1.5787703790886083,91.65100511288848,4585.919109825321
exemplar,block_scc_fraction,1,0.5193298969072165,0.5231362467866324,resource,207,-2.183571620862013,79.83943530159955,6461.281605496971
exemplar,block_scc_fraction,1,0.5193298969072165,0.5231362467866324,timing,207,-0.3691678955417993,115.2741447354664,835.1941184820234
exemplar,block_scc_fraction,2,0.5231362467866324,0.7368421052631579,overall,225,-0.9519649830190798,98.05946256206884,6645.158368628933
exemplar,block_scc_fraction,2,0.5231362467866324,0.7368421052631579,resource,225,-0.12974032812770886,91.30156626743617,9402.282160261599
exemplar,block_scc_fraction,2,0.5231362467866324,0.7368421052631579,timing,225,-2.596414292801822,111.57525515133415,1130.9107853635999
exemplar,block_scc_fraction,3,0.7368421052631579,0.8608923884514436,overall,210,-0.08202929178325245,88.28720919223984,4956.309272666834
exemplar,block_scc_fraction,3,0.7368421052631579,0.8608923884514436,resource,210,-0.1884475362469099,73.48708846398185,6856.738716316088
exemplar,block_scc_fraction,3,0.7368421052631579,0.8608923884514436,timing,210,0.13080719714406247,117.88745064875582,1155.4503853683268
exemplar,call_depth,0,2.0,4.0,overall,106,0.057449710845955515,49.88071610303686,6131.069666871794
exemplar,call_depth,0,2.0,4.0,resource,106,0.021714107598572396,35.821319947998724,8438.334255485279
exemplar,call_depth,0,2.0,4.0,timing,106,0.12892091734072175,77.99950841311315,1516.5404896448254
exemplar,call_depth,1,4.0,5.0,overall,336,-2.4300237482231384,114.86039534324847,3655.4679280970704
exemplar,call_depth,1,4.0,5.0,resource,336,-2.0015778871479832,100.0401963492585,5000.309811515151
exemplar,call_depth,1,4.0,5.0,timing,336,-3.2869154703734482,144.50079333122846,965.7841612609096
exemplar,call_depth,2,5.0,9.0,overall,357,-0.23580046298783422,82.38632449186845,5963.920407911395
exemplar,call_depth,2,5.0,9.0,resource,357,-0.12479856320843372,74.33103685051307,8485.633274987124
exemplar,call_depth,2,5.0,9.0,timing,357,-0.4578042625466352,98.49689977457918,920.494673759941
exemplar,memory_node_count,0,2862.0,7970.0,overall,195,-11.945342544613268,110.75786491714683,2827.152386422001
exemplar,memory_node_count,0,2862.0,7970.0,resource,195,-5.493641169831545,94.23622970550016,3971.862407706174
exemplar,memory_node_count,0,2862.0,7970.0,timing,195,-24.848745294176716,143.80113534044017,537.732343853656
exemplar,memory_node_count,1,7970.0,8141.0,overall,197,-3.959505605262884,112.49811464653163,4969.803707697297
exemplar,memory_node_count,1,7970.0,8141.0,resource,197,-5.649625466028977,100.73936759651151,7105.701600000204
exemplar,memory_node_count,1,7970.0,8141.0,timing,197,-0.5792658837306988,136.01560874657184,698.0079230914811
exemplar,memory_node_count,2,8141.0,8889.0,overall,193,-0.7357174047412594,77.76675253755523,3631.159228461683
exemplar,memory_node_count,2,8141.0,8889.0,resource,193,0.1705484011598425,66.32241500551723,4778.527537278635
exemplar,memory_node_count,2,8141.0,8889.0,timing,193,-2.5482490165434633,100.65542760163126,1336.4226108277794
exemplar,memory_node_count,3,8889.0,9398.0,overall,214,-0.17630391225869466,67.8666873920183,7663.7678358253725
exemplar,memory_node_count,3,8889.0,9398.0,resource,214,-0.2378397463220347,60.39626045944753,10843.5585744767
exemplar,memory_node_count,3,8889.0,9398.0,timing,214,-0.05323224413201455,82.80754125715984,1304.1863585227188
test,instruction_count,0,2356.0,3533.0,overall,126,0.5918483887594094,16.883168235226208,1272.639356296528
test,instruction_count,0,2356.0,3533.0,resource,126,0.43828005962809496,19.517020861391998,1643.4723028134845
test,instruction_count,0,2356.0,3533.0,timing,126,0.8989850470220381,11.615462982894623,530.973463262615
test,instruction_count,1,3533.0,14910.0,overall,170,0.6820917496642026,25.708596640318515,65613.43484525562
test,instruction_count,1,3533.0,14910.0,resource,170,0.5644528974200597,26.040733627294497,20596.034884906276
test,instruction_count,1,3533.0,14910.0,timing,170,0.9173694541524888,25.04432266636655,155648.2347659543
test,instruction_count,2,14910.0,24682.0,overall,148,0.5192840198222932,33.079496866645016,171648.64791686824
test,instruction_count,2,14910.0,24682.0,resource,148,0.6411195572630433,29.069726018522324,15588.77339217684
test,instruction_count,2,14910.0,24682.0,timing,148,0.2756129449407932,41.0990385628904,483768.3969662511
test,instruction_count,3,24682.0,59142.0,overall,149,0.5563053926396516,35.57307077361192,451347.9386198406
test,instruction_count,3,24682.0,59142.0,resource,149,0.6180267164095012,30.150664795131426,44383.107421181616
test,instruction_count,3,24682.0,59142.0,timing,149,0.4328627450999521,46.4178827305729,1265277.6010171585
test,block_count,0,169.0,253.0,overall,127,0.6320567457193563,17.133356885028196,1277.0254402459393
test,block_count,0,169.0,253.0,resource,127,0.4970238694431913,19.83208834986351,1651.0953597111313
test,block_count,0,169.0,253.0,timing,127,0.9021224982716866,11.73589395535757,528.8856013155556
test,block_count,1,253.0,953.0,overall,169,0.3896533118283118,25.21895912459712,54297.37968840256
test,block_count,1,253.0,953.0,resource,169,0.5132592528418727,25.557406884903358,20695.375525812142
test,block_count,1,253.0,953.0,timing,169,0.14244142980119007,24.54206360398464,121501.38801358339
test,block_count,2,953.0,1576.0,overall,148,0.5716699377810656,32.771851422520605,174795.24677375876
test,block_count,2,953.0,1576.0,resource,148,0.6268880684882373,28.804195135598988,15997.522998978311
test,block_count,2,953.0,1576.0,timing,148,0.461233676366722,40.707163996363846,492390.6943233196
test,block_count,3,1576.0,3722.0,overall,149,0.5932354593470909,36.27999517473652,451646.74590724363
test,block_count,3,1576.0,3722.0,resource,149,0.6557203350928832,30.73785225732455,44321.223580489524
test,block_count,3,1576.0,3722.0,timing,149,0.4682657078555063,47.364281009560464,1266297.7905607517
test,maximum_block_length,0,190.0,202.0,overall,2,0.4067716453662002,54.01779077741665,473.73274921186766
test,maximum_block_length,0,190.0,202.0,resource,2,0.764661396085573,35.22423716486962,541.9770856576222
test,maximum_block_length,0,190.0,202.0,timing,2,-0.30900785607254555,91.60489800251071,337.2440763203586
test,maximum_block_length,1,202.0,318.0,overall,252,0.538678957602204,16.942144563969133,231025.0765297745
test,maximum_block_length,1,202.0,318.0,resource,252,0.6179661237773657,18.91349680990149,15722.2134781055
test,maximum_block_length,1,202.0,318.0,timing,252,0.3801046252518806,12.99944007210442,661630.8026331125
test,maximum_block_length,2,318.0,403.0,overall,181,-0.4160963519811678,43.75969024844981,105024.17458197771
test,maximum_block_length,2,318.0,403.0,resource,181,0.5812949309273887,40.378657556067246,32576.629916851976
test,maximum_block_length,2,318.0,403.0,timing,181,-2.410878917798281,50.52175563321495,249919.26391222916
test,maximum_block_length,3,403.0,506.0,overall,158,0.6015426614584743,27.822365578353256,352097.0742258954
test,maximum_block_length,3,403.0,506.0,resource,158,0.6331866760668754,22.37753900201427,31433.400407257595
test,maximum_block_length,3,403.0,506.0,timing,158,0.5382546322416724,38.712018731031236,993424.421863171
test,loop_block_fraction,0,0.00397351011633873,0.02435629814863205,overall,148,0.5968641127656295,43.371971192391904,134018.0398014102
test,loop_block_fraction,0,0.00397351011633873,0.02435629814863205,resource,148,0.6375691624966867,40.046133816875866,36841.268029318584
test,loop_block_fraction,0,0.00397351011633873,0.02435629814863205,timing,148,0.515454013303515,50.023645943424,328371.5833455934
test,loop_block_fraction,1,0.02435629814863205,0.029951101168990135,overall,148,0.5474004858818856,30.162103356096072,349532.46585279825
test,loop_block_fraction,1,0.02435629814863205,0.029951101168990135,resource,148,0.5992826825663483,24.252383073989527,24894.448878509793
test,loop_block_fraction,1,0.02435629814863205,0.029951101168990135,timing,148,0.44363609251296027,41.98154392030916,998808.4998013752
test,loop_block_fraction,2,0.029951101168990135,0.047337278723716736,overall,55,0.5564937890492567,34.38242622138992,504508.33719984506
test,loop_block_fraction,2,0.029951101168990135,0.047337278723716736,resource,55,0.5957397200991315,30.129317958940455,35184.556703028094
test,loop_block_fraction,2,0.029951101168990135,0.047337278723716736,timing,55,0.47800192694950744,42.88864274628885,1443155.898193479
test,loop_block_fraction,3,0.047337278723716736,0.05000000074505806,overall,242,0.6915706981606989,16.197591870543885,1398.1015206651211
test,loop_block_fraction,3,0.047337278723716736,0.05000000074505806,resource,242,0.5785008212903747,18.626218441328675,1815.8432271358088
test,loop_block_fraction,3,0.047337278723716736,0.05000000074505806,timing,242,0.917710451901347,11.340338728974304,562.6181077237461
test,block_scc_fraction,0,0.41843971631205673,0.8165680473372781,overall,115,-1.7184309434436222,61.33828599695247,69283.3493170564
test,block_scc_fraction,0,0.41843971631205673,0.8165680473372781,resource,115,0.5156844269495835,56.47593170576421,41856.45740418276
test,block_scc_fraction,0,0.41843971631205673,0.8165680473372781,timing,115,-6.1866616842300335,71.06299457932901,124137.13314280368
test,block_scc_fraction,1,0.8165680473372781,0.8181818181818182,overall,128,0.6980082583772504,17.230239829567576,4098.461686726465
test,block_scc_fraction,1,0.8165680473372781,0.8181818181818182,resource,128,0.5938981596878197,20.11667552220715,5885.207513466266
test,block_scc_fraction,1,0.8165680473372781,0.8181818181818182,timing,128,0.9062284557561122,11.457368444288427,524.9700332468614
test,block_scc_fraction,2,0.8181818181818182,0.8861386138613861,overall,201,0.6007204450475362,24.51484741269243,402565.08640837925
test,block_scc_fraction,2,0.8181818181818182,0.8861386138613861,resource,201,0.6705202348253836,20.6416928217901,17433.31596339384
test,block_scc_fraction,2,0.8181818181818182,0.8861386138613861,timing,201,0.4611208654918411,32.26115659449709,1172828.62729835
test,block_scc_fraction,3,0.8861386138613861,0.9208333333333333,overall,149,0.7800673533064776,16.825743558650505,17333.60317906489
test,block_scc_fraction,3,0.8861386138613861,0.9208333333333333,resource,149,0.7838442632028301,16.524771679235798,25368.127390546033
test,block_scc_fraction,3,0.8861386138613861,0.9208333333333333,timing,149,0.7725135335137725,17.427687317479922,1264.5547561025955
test,call_depth,0,2.0,3.0,overall,150,0.8462741898735514,17.149618313631645,16936.99233290406
test,call_depth,0,2.0,3.0,resource,150,0.7843133900764332,16.865167701558896,25286.901965288038
test,call_depth,0,2.0,3.0,timing,150,0.9701957894677877,17.71851953777714,237.17306813610608
test,call_depth,1,3.0,4.0,overall,242,0.6915706981606989,16.197591870543885,1398.1015206651211
test,call_depth,1,3.0,4.0,resource,242,0.5785008212903747,18.626218441328675,1815.8432271358088
test,call_depth,1,3.0,4.0,timing,242,0.917710451901347,11.340338728974304,562.6181077237461
test,call_depth,2,4.0,12.0,overall,201,0.4895826783181101,50.754396658248346,419593.03518860944
test,call_depth,2,4.0,12.0,resource,201,0.5054776488050248,43.00257628037795,41075.55545328711
test,call_depth,2,4.0,12.0,timing,201,0.4577927373442808,66.25803741398914,1176627.9946592539
test,memory_node_count,0,1761.0,2641.0,overall,126,0.5918483887594094,16.883168235226208,1272.639356296528
test,memory_node_count,0,1761.0,2641.0,resource,126,0.43828005962809496,19.517020861391998,1643.4723028134845
test,memory_node_count,0,1761.0,2641.0,timing,126,0.8989850470220381,11.615462982894623,530.973463262615
test,memory_node_count,1,2641.0,11188.0,overall,170,0.6770053497330943,25.654814018249095,65893.94644271757
test,memory_node_count,1,2641.0,11188.0,resource,170,0.5570505959868152,25.98552659718674,20584.375084966494
test,memory_node_count,1,2641.0,11188.0,timing,170,0.9169148572256525,24.993388860373805,156513.08915821975
test,memory_node_count,2,11188.0,18430.0,overall,148,0.5190221154908536,33.47617026673057,171557.42412684436
test,memory_node_count,2,11188.0,18430.0,resource,148,0.6412690932587112,29.373764787989217,15600.377872902729
test,memory_node_count,2,11188.0,18430.0,timing,148,0.2745281599551385,41.680981224213284,483471.5166347276
test,memory_node_count,3,18430.0,44314.0,overall,149,0.556208470226529,35.24042233427728,451351.19040707283
test,memory_node_count,3,18430.0,44314.0,resource,149,0.6179031309253388,29.91165444101879,44386.6589722413
test,memory_node_count,3,18430.0,44314.0,timing,149,0.43281914882890943,45.89795812079424,1265280.2532767358
