split,dataset_index,kernel_family,tensor_path,instruction_count,block_count,maximum_block_length,loop_block_fraction,block_scc_fraction,largest_block_scc,call_depth,memory_node_count,memory_access_count,target_lut,prediction_lut,target_ff,prediction_ff,target_dsp,prediction_dsp,target_bram,prediction_bram,target_cycles_max,prediction_cycles_max,target_interval_max,prediction_interval_max,presence_probability_dsp,presence_probability_bram
test,2,2layer,2layer/archive_1/0bc7e3b8-c2a6-427a-ab7b-97c8d1f26de3.pt,2370,169,202,0.047337278723716736,0.8165680473372781,51,3,1767,1764,12268.0,20405.5390625,8597.0,15030.333984375,0.0,0.0,1.5,2.0705935955047607,4357.0,4095.699462890625,2816.0,2374.826904296875,0.0021209716796875,1.0
test,4,2layer,2layer/archive_1/0ceedcf7-5069-43e5-b761-a592699392fc.pt,2370,169,202,0.047337278723716736,0.8165680473372781,51,3,1767,1764,21806.0,19543.892578125,17005.0,12914.626953125,3.0,4.118417263031006,2.0,1.6142863035202026,6149.0,5030.0458984375,4096.0,3007.053466796875,1.0,1.0
test,7,2layer,2layer/archive_1/11fe5594-fbbe-4031-ac3a-4b43ba75a01f.pt,2356,169,202,0.047337278723716736,0.8165680473372781,51,3,1761,1758,22719.0,17446.31640625,14057.0,11096.7109375,11.0,5.183137893676758,1.0,1.202044129371643,1797.0,2204.8017578125,1024.0,1089.5892333984375,1.0,1.0
test,30,2layer,2layer/archive_1/6979d03f-7ff1-4738-886e-3ee059a69d8a.pt,2370,169,202,0.047337278723716736,0.8165680473372781,51,3,1767,1764,11963.0,18339.98828125,8924.0,11938.8193359375,2.0,4.306017875671387,1.5,1.4382402896881104,4229.0,3641.912109375,2304.0,2089.199462890625,1.0,1.0
test,40,2layer,2layer/archive_1/80788302-2292-4caa-a003-821aed591a4a.pt,2370,169,202,0.047337278723716736,0.8165680473372781,51,3,1767,1764,25839.0,19767.060546875,19958.0,14237.630859375,0.0,0.0,1.0,1.9733669757843018,3589.0,3005.5390625,1792.0,1595.1671142578125,0.00830078125,1.0
test,43,2layer,2layer/archive_1/81ae65ee-db11-4ff1-835c-a62e010c7087.pt,2368,169,202,0.047337278723716736,0.8165680473372781,51,3,1761,1758,15439.0,20591.712890625,11020.0,13633.6748046875,2.0,4.562717437744141,2.0,1.6283433437347412,7685.0,4981.06787109375,3840.0,2810.953369140625,1.0,1.0
test,65,2layer,2layer/archive_1/b7ff2436-119d-4ba9-9b49-189b5fabbe4c.pt,2356,169,202,0.047337278723716736,0.8165680473372781,51,3,1761,1758,14913.0,19677.490234375,8705.0,12879.6806640625,2.0,4.651014804840088,1.5,1.5179688930511475,3845.0,4075.709716796875,2880.0,2250.089599609375,1.0,1.0
test,66,2layer,2layer/archive_1/b9c55cc1-33b8-4573-98e9-76d328fb262d.pt,2364,169,202,0.047337278723716736,0.8165680473372781,51,3,1761,1758,14211.0,17288.578125,10576.0,11248.052734375,3.0,4.129945755004883,1.0,1.3737318515777588,3461.0,2830.67236328125,1728.0,1552.70068359375,1.0,1.0
test,77,2layer,2layer/archive_1/d18488ed-9367-45dc-9e7e-03a6dad1662e.pt,2368,169,202,0.047337278723716736,0.8165680473372781,51,3,1761,1758,21494.0,19992.7578125,12425.0,13090.7470703125,5.0,4.766602516174316,1.5,1.5315078496932983,4229.0,3967.49169921875,2560.0,2131.902099609375,1.0,1.0
test,80,2layer,2layer/archive_1/d8705803-c54c-4ad6-bdd4-bea949213cf1.pt,2364,169,202,0.047337278723716736,0.8165680473372781,51,3,1761,1758,17388.0,19018.552734375,9965.0,12637.7392578125,2.0,3.871249198913574,3.0,1.6283433437347412,5637.0,4472.76171875,3328.0,2681.34033203125,1.0,1.0
test,85,2layer,2layer/archive_1/e2d32045-fe85-41fa-87fd-34469cfd2b33.pt,2364,169,202,0.047337278723716736,0.8165680473372781,51,3,1761,1758,17230.0,17525.73046875,12142.0,11432.3720703125,4.0,4.095438480377197,2.0,1.4122289419174194,3845.0,3020.28125,1920.0,1683.6131591796875,1.0,1.0
test,88,2layer,2layer/archive_1/e71cebc8-9c8d-4db4-af21-b5ffd3e7d1e9.pt,2356,169,202,0.047337278723716736,0.8165680473372781,51,3,1761,1758,6342.0,18507.333984375,6039.0,11938.8193359375,2.0,4.81873083114624,1.0,1.3610363006591797,2501.0,3035.095703125,1920.0,1605.96337890625,1.0,1.0
test,91,2layer,2layer/archive_1/ecfce556-484f-4093-a80c-893fda981e41.pt,2356,169,202,0.047337278723716736,0.8165680473372781,51,3,1761,1758,22052.0,20221.029296875,13102.0,13305.271484375,4.0,4.676498889923096,2.0,1.5725644826889038,5381.0,4407.59228515625,2912.0,2423.36376953125,1.0,1.0
test,96,2layer,2layer/archive_1/f8730447-91f8-4ba9-8e61-8f68f3e2bcf2.pt,2364,169,202,0.047337278723716736,0.8165680473372781,51,3,1761,1758,17442.0,19543.892578125,12252.0,13233.3759765625,3.0,3.7736082077026367,4.0,1.7731404304504395,6245.0,5129.455078125,3840.0,3110.173095703125,1.0,1.0
test,806,3layer,3layer/archive_1/1779f702-f865-451f-89d0-4f6b42a09e77.pt,3554,253,202,0.04743082821369171,0.8181818181818182,51,3,2650,2645,25151.0,25089.181640625,20528.0,18491.560546875,0.0,0.0,2.0,2.283480644226074,2984.0,2565.1953125,1120.0,1165.6448974609375,0.002716064453125,1.0
test,807,3layer,3layer/archive_1/182b1883-c1ef-4e91-b811-6a3d11a6d43f.pt,3533,253,202,0.04743082821369171,0.8181818181818182,51,3,2641,2636,51765.0,23866.65234375,27772.0,15867.1552734375,29.0,6.727876663208008,15.5,1.6853320598602295,2712.0,2532.455322265625,1040.0,1060.5738525390625,1.0,1.0
test,809,3layer,3layer/archive_1/1aefc079-3d88-4736-ab6a-8821bf651cfa.pt,3533,253,202,0.04743082821369171,0.8181818181818182,51,3,2641,2636,25692.0,21794.46484375,16084.0,14237.630859375,10.0,6.871542930603027,1.5,1.4777837991714478,2120.0,1958.67041015625,704.0,841.7047119140625,1.0,1.0
test,832,3layer,3layer/archive_1/652d7823-3b2f-48c4-b58a-bf36a9040d34.pt,3533,253,202,0.04743082821369171,0.8181818181818182,51,3,2641,2636,43876.0,26135.87890625,29036.0,17803.3671875,17.0,6.290860176086426,1.5,1.9733669757843018,5160.0,4217.71630859375,2048.0,1862.872802734375,1.0,1.0
test,840,3layer,3layer/archive_1/7964a722-8bad-4458-9c56-7a00af65391c.pt,3554,253,202,0.04743082821369171,0.8181818181818182,51,3,2650,2645,19231.0,25375.666015625,15202.0,18947.9453125,0.0,0.0,1.5,2.3727126121520996,2824.0,3106.466552734375,1600.0,1441.6544189453125,0.00225830078125,1.0
test,842,3layer,3layer/archive_1/7dff1db2-d16a-4a01-829b-05b72a41623c.pt,3533,253,202,0.04743082821369171,0.8181818181818182,51,3,2641,2636,28802.0,27195.33203125,20556.0,19680.37890625,4.0,5.54086971282959,3.0,2.41823410987854,10824.0,6913.2255859375,3840.0,3349.651123046875,1.0,1.0
test,846,3layer,3layer/archive_1/88cf0a0e-91b2-4947-96d7-9eed8547d6cd.pt,3554,253,202,0.04743082821369171,0.8181818181818182,51,3,2650,2645,20444.0,25433.330078125,17351.0,18999.3359375,0.0,0.0,1.5,2.3727126121520996,3144.0,3083.748779296875,1536.0,1422.334228515625,0.0023193359375,1.0
test,861,3layer,3layer/archive_1/9e767c1a-c86e-47d2-9618-8ef0d7eff20c.pt,3533,253,202,0.04743082821369171,0.8181818181818182,51,3,2641,2636,38774.0,27412.3203125,24445.0,20084.337890625,6.0,5.4531707763671875,3.5,2.5489883422851562,10632.0,7476.1083984375,4224.0,3681.287353515625,1.0,1.0
test,874,3layer,3layer/archive_1/bd7b1de0-0728-4813-a20e-2217a437ae55.pt,3554,253,202,0.04743082821369171,0.8181818181818182,51,3,2650,2645,20365.0,26135.87890625,15045.0,20344.4453125,0.0,0.0,2.0,2.7244772911071777,5224.0,5386.6552734375,3168.0,2663.3193359375,0.00145721435546875,1.0
test,875,3layer,3layer/archive_1/c12178a4-9a41-4408-bb6e-2a2b0220f271.pt,3545,253,202,0.04743082821369171,0.8181818181818182,51,3,2641,2636,19056.0,24862.34765625,14960.0,17731.1640625,4.0,4.779590129852295,2.0,2.2051920890808105,5512.0,5520.05078125,3456.0,2810.953369140625,1.0,1.0
test,879,3layer,3layer/archive_1/cac2ba37-2e08-4ee6-a30f-40100774fba2.pt,3545,253,202,0.04743082821369171,0.8181818181818182,51,3,2641,2636,16528.0,24637.541015625,13620.0,17445.283203125,3.0,4.81873083114624,2.5,2.1540398597717285,6664.0,5282.26220703125,3136.0,2681.34033203125,1.0,1.0
test,891,3layer,3layer/archive_1/e15f45e8-e937-4419-b661-351b6a4e3b24.pt,3533,253,202,0.04743082821369171,0.8181818181818182,51,3,2641,2636,26686.0,26949.431640625,18612.0,19349.966796875,4.0,5.54086971282959,3.0,2.345691204071045,9480.0,6647.87646484375,3840.0,3216.82763671875,1.0,1.0
test,892,3layer,3layer/archive_1/e512b35b-2fc9-49ce-87f4-274643a853bd.pt,3551,253,202,0.04743082821369171,0.8181818181818182,51,3,2641,2636,11232.0,26135.87890625,9899.0,18218.078125,3.0,5.622306823730469,2.0,2.112037181854248,4232.0,5386.6552734375,3584.0,2540.51123046875,1.0,1.0
test,899,3layer,3layer/archive_1/ffdcecc5-d14c-43be-b3c4-2857c53c08f1.pt,3545,253,202,0.04743082821369171,0.8181818181818182,51,3,2641,2636,15840.0,21745.029296875,11860.0,14470.94921875,3.0,5.511504650115967,1.5,1.6709702014923096,2248.0,2558.9267578125,1152.0,1173.535888671875,1.0,1.0
test,1610,conv1d,conv1d/archive_1/40a8e82a-f9f5-4c4d-b727-a0478a1b75eb.pt,35279,2453,425,0.027313493192195892,0.839788014675907,151,5,26273,26236,15889.0,21597.396484375,22365.0,31065.32421875,2.0,2.6688547134399414,7.5,11.854583740234375,46223.0,83786.6171875,46199.0,79645.140625,1.0,1.0
test,1617,conv1d,conv1d/archive_1/652e0143-09a7-4bb0-afe0-afe109e97397.pt,23065,1532,425,0.02545691840350628,0.8420365535248042,151,5,17240,17217,13058.0,19279.43359375,20150.0,28913.3359375,0.0,0.0,22.5,12.782711029052734,382015.0,121514.953125,382010.0,104296.65625,0.000667572021484375,1.0
test,1620,conv1d,conv1d/archive_1/79d43e81-55cb-41d8-8da5-72ce41fcafad.pt,23593,1586,425,0.02459016442298889,0.8474148802017655,151,5,17608,17585,9214.0,19455.3515625,16851.0,28293.466796875,0.0,0.0,3.0,11.514490127563477,78337.0,83786.6171875,78338.0,64190.484375,0.00057220458984375,1.0
test,1623,conv1d,conv1d/archive_1/82b35702-e1ac-446c-aabc-45ec3ed80610.pt,18330,1311,320,0.026697177439928055,0.8016781083142639,119,5,13676,13652,20175.0,21305.15234375,25687.0,30317.064453125,3.0,2.9074034690856934,12.0,12.562748908996582,49919.0,105961.125,49914.0,113084.6171875,1.0,1.0
test,1630,conv1d,conv1d/archive_1/a4d19761-4b0a-42ab-9d53-c66d8f00f10b.pt,22419,1563,320,0.023672424256801605,0.836212412028151,119,5,16711,16687,15390.0,19192.072265625,22857.0,28447.17578125,0.0,0.0,4.0,12.133299827575684,102718.0,110189.8515625,102716.0,91141.3125,0.0006256103515625,1.0
test,1640,conv1d,conv1d/archive_1/d1c94bd8-9b95-4896-90ef-9820b72e9c80.pt,24327,1712,320,0.026869159191846848,0.834696261682243,119,5,18136,18109,16820.0,21695.70703125,26709.0,31403.779296875,2.0,2.855013132095337,17.0,13.23339557647705,175036.0,121514.953125,175034.0,129407.21875,1.0,1.0
test,1952,conv2d,conv2d/archive_1/3bbaf020-b175-4605-a2b0-72afa319294a.pt,23879,1757,425,0.023904383182525635,0.8281161070005691,151,5,17596,17563,40838.0,31952.833984375,99167.0,57925.3984375,4.0,4.600388526916504,47.5,38.85393524169922,5718278.0,1130713.375,5718262.0,1181024.375,1.0,1.0
test,1954,conv2d,conv2d/archive_1/3f18bf56-0827-4c9d-9732-8b84acf35b7e.pt,20020,1539,403,0.023391813039779663,0.8297595841455491,147,5,14695,14669,23695.0,36971.58203125,57789.0,62152.3046875,4.0,7.657686233520508,24.5,39.71805953979492,672607.0,859779.625,672602.0,951856.375,1.0,1.0
test,1956,conv2d,conv2d/archive_1/4a8852f6-e3bd-4fa4-8621-03eb844a9adb.pt,13711,1101,408,0.02815622091293335,0.8328792007266121,112,5,10057,10037,57200.0,39803.10546875,174970.0,67414.2578125,6.0,8.961990356445312,157.0,44.3279914855957,7210321.0,795053.875,7210322.0,854530.0,1.0,1.0
test,1964,conv2d,conv2d/archive_1/c7e3cc32-3d80-43bf-8f4a-499e99ad26e5.pt,19972,1333,425,0.02550637722015381,0.8619654913728432,151,5,14975,14951,15962.0,29046.38671875,38366.0,52543.078125,0.0,0.0,9.5,32.56943893432617,524223.0,764542.5,524218.0,618295.5625,0.0028839111328125,1.0
test,2149,dense_latency,dense_latency/archive_1/16e51304-7de9-4fd9-9d2c-2f48c1c4cd2e.pt,20195,1273,396,0.02749410830438137,0.9010212097407698,141,2,15276,15253,111346.0,195403.3125,31586.0,40510.9453125,7065.0,8090.65478515625,0.0,0.0,13.0,18.71194076538086,1.0,2.2326698303222656,1.0,1.55717134475708e-06
test,2157,dense_latency,dense_latency/archive_1/4325e22a-7bf5-466c-8183-1e5d2d85e4ae.pt,26191,1617,418,0.03030303120613098,0.8998144712430427,145,2,19717,19686,100986.0,103943.0546875,21215.0,17948.638671875,0.0,0.0,0.0,0.0,18.0,22.052066802978516,2.0,2.699270009994507,0.0002460479736328125,0.00019073486328125
test,2167,dense_latency,dense_latency/archive_1/61e64dcb-4e3d-4410-88e3-2e494e292c5b.pt,21558,1323,418,0.026455026119947433,0.9047619047619048,145,2,16217,16194,289400.0,221897.984375,179308.0,141614.015625,237.0,216.23081970214844,0.0,0.0,170.0,141.22669982910156,38.0,25.845436096191406,1.0,0.0006866455078125
test,2170,dense_latency,dense_latency/archive_1/70e760e8-e3c0-402f-a5ba-4876fa9c460c.pt,28900,1800,396,0.031111111864447594,0.9,141,2,21915,21880,360749.0,296738.75,326020.0,223230.515625,279.0,293.9862365722656,0.0,0.0,731.0,377.31915283203125,93.0,62.62394332885742,1.0,0.000827789306640625
test,2175,dense_latency,dense_latency/archive_1/7766208b-d8e9-4390-8311-3a01b04b6115.pt,32336,1970,418,0.02842639572918415,0.9071065989847715,145,2,24364,24328,136537.0,208229.6875,91642.0,140087.8125,74.0,180.4497528076172,0.0,0.0,375.0,158.9434814453125,50.0,28.90296173095703,1.0,0.0013275146484375
test,2176,dense_latency,dense_latency/archive_1/777e4ee2-ce18-47a2-9f62-0061ca24e3b7.pt,28804,1807,418,0.027116768062114716,0.9070282235749861,145,2,21596,21563,213557.0,193636.53125,45661.0,53985.90625,689.0,2650.03076171875,0.0,0.0,20.0,28.728836059570312,1.0,3.1205947399139404,1.0,2.276897430419922e-05
test,2177,dense_latency,dense_latency/archive_1/7bb9a774-9792-4539-b976-d6b1b2a46fe4.pt,31688,1940,418,0.028865979984402657,0.9056701030927835,145,2,23855,23819,95436.0,97984.3046875,18796.0,18144.193359375,0.0,0.0,0.0,0.0,21.0,29.915266036987305,2.0,4.112666130065918,0.0002613067626953125,0.000518798828125
test,2182,dense_latency,dense_latency/archive_1/87cc04e1-24d9-48e9-99d9-a4d1cc1907d9.pt,20326,1218,418,0.02298850566148758,0.9113300492610837,145,2,15304,15285,10792.0,94918.546875,2741.0,16458.203125,0.0,0.0,0.0,0.0,13.0,29.316240310668945,2.0,4.395966529846191,0.0001583099365234375,0.000553131103515625
test,2185,dense_latency,dense_latency/archive_1/a16f76eb-446f-48ed-ba0d-9471cdce0bc5.pt,18900,1208,243,0.02897351048886776,0.9147350993377483,99,2,14155,14132,47762.0,74954.1796875,10142.0,16083.5517578125,0.0,0.0,0.0,0.0,13.0,28.152799606323242,2.0,4.112666130065918,0.0010986328125,0.0002460479736328125
test,2191,dense_latency,dense_latency/archive_1/c3eb7dbd-6363-473b-bbf4-15ba765437b9.pt,15575,948,396,0.029535865411162376,0.8924050632911392,141,2,11824,11807,55275.0,191885.90625,5524.0,38582.953125,4517.0,8694.6787109375,0.0,0.0,10.0,18.33000373840332,1.0,2.1466636657714844,1.0,1.2889504432678223e-06
test,2192,dense_latency,dense_latency/archive_1/c4bf7d33-025d-449e-a839-c5e10c2f4438.pt,36153,2200,418,0.02545454539358616,0.9140909090909091,145,2,27201,27163,77021.0,100690.765625,17223.0,19349.966796875,0.0,0.0,0.0,0.0,26.0,23.928720474243164,2.0,2.9042539596557617,0.0003681182861328125,0.0002613067626953125
test,2196,dense_latency,dense_latency/archive_1/d8d26a1e-5908-4c54-b96b-718ace33552c.pt,31356,1974,396,0.028368793427944183,0.9057750759878419,141,2,23714,23677,592118.0,291396.9375,558525.0,213761.765625,337.0,293.9862365722656,0.0,0.0,726.0,310.0877685546875,95.0,53.119651794433594,1.0,0.000732421875
test,2198,dense_latency,dense_latency/archive_1/dd85badd-94ca-4169-802a-d7af9c51156c.pt,33481,2048,418,0.02734375,0.9091796875,145,2,25188,25151,76412.0,99328.3125,16693.0,18617.21875,0.0,0.0,0.0,0.0,24.0,27.034008026123047,2.0,3.5899035930633545,0.0002956390380859375,0.0003795623779296875
test,2203,dense_latency,dense_latency/archive_1/f7736eb2-b054-42b3-b4a7-c0c273cb49b5.pt,19910,1236,396,0.033980581909418106,0.8883495145631068,141,2,15120,15095,153903.0,291396.9375,141865.0,220824.71875,163.0,288.72467041015625,0.0,0.0,483.0,377.31915283203125,90.0,64.36294555664062,1.0,0.0007781982421875
test,2206,dense_latency,dense_latency/archive_1/fc104bca-438b-44ec-94c3-56102fe6a07c.pt,23770,1447,418,0.024187974631786346,0.9108500345542502,145,2,17863,17839,27817.0,96658.4765625,7206.0,17540.060546875,0.0,0.0,0.0,0.0,18.0,28.728836059570312,3.0,3.97664213180542,0.00021648406982421875,0.0004730224609375
test,2707,dense_resource,dense_resource/archive_1/420d552f-1af1-4c78-9f42-27e07f3e0308.pt,27754,1662,418,0.018050542101264,0.9115523465703971,145,2,20884,20862,48160.0,48139.7890625,66777.0,58240.0859375,0.0,0.0,8.0,8.41840934753418,6375.0,3606.447998046875,1024.0,725.54931640625,0.00186920166015625,1.0
test,2710,dense_resource,dense_resource/archive_1/51ee691c-fc3e-4344-b26f-c6ede458e30a.pt,25401,1562,418,0.019206145778298378,0.9058898847631242,145,2,19066,19044,53940.0,48578.9921875,78333.0,59194.4375,0.0,0.0,8.0,8.519968032836914,6212.0,3824.538330078125,1024.0,752.9935913085938,0.0021209716796875,1.0
test,2721,dense_resource,dense_resource/archive_1/84aee444-abc3-4b80-a992-0a2f895f8ff8.pt,28249,1718,418,0.023282887414097786,0.8969732246798603,145,2,21328,21302,63324.0,55040.83203125,83015.0,70020.0625,20.0,13.603156089782715,11.0,10.988956451416016,7820.0,4248.78564453125,1024.0,834.6329345703125,1.0,1.0
test,2730,dense_resource,dense_resource/archive_1/a6570df3-719e-4db4-9750-b3ac3b7b999f.pt,15053,890,418,0.02247191034257412,0.898876404494382,145,2,11381,11368,79397.0,653937.125,31531.0,196012.125,844.0,4547.9306640625,0.0,0.0,91.0,178.8671112060547,64.0,48.913970947265625,1.0,0.0003452301025390625
test,2733,dense_resource,dense_resource/archive_1/b02245d7-4c51-4718-8119-88b8af7948e0.pt,21738,1330,396,0.01879699155688286,0.9052631578947369,141,2,16446,16428,74779.0,76675.5859375,94190.0,94839.28125,42.0,26.665103912353516,23.5,15.275442123413086,4773.0,4311.611328125,1024.0,796.1160278320312,1.0,1.0
test,2737,dense_resource,dense_resource/archive_1/cccd1536-edbc-42ca-b615-841872d98b81.pt,20417,1218,418,0.016420360654592514,0.9113300492610837,145,2,15355,15340,25707.0,52477.92578125,34732.0,63170.82421875,2.0,12.650068283081055,4.5,9.740818977355957,2202.0,3750.4169921875,512.0,758.0938720703125,1.0,1.0
test,2739,dense_resource,dense_resource/archive_1/dc9570ca-cbb7-4de5-b079-cc6cb2340763.pt,22648,1356,418,0.018436579033732414,0.9070796460176991,145,2,17032,17014,68425.0,52240.13671875,95090.0,64554.78125,4.0,12.650068283081055,14.5,10.121816635131836,5342.0,4016.3203125,1024.0,802.8614501953125,1.0,1.0
test,2746,dense_resource,dense_resource/archive_1/f8404942-926e-4a43-b971-da3cc743f93c.pt,26060,1568,418,0.0223214291036129,0.8985969387755102,145,2,19656,19633,41261.0,52358.8984375,54943.0,59839.34765625,0.0,0.0,7.5,8.622621536254883,3816.0,2786.010986328125,512.0,581.860595703125,0.0017547607421875,1.0
test,3104,rule4ml,rule4ml/archive_1/037fc21461f5f182fb4b02c9497faae1.pt,12483,842,318,0.009501188062131405,0.7933491686460807,31,4,9371,9343,45614.0,70337.171875,19870.0,21216.90625,304.0,352.1562194824219,38.0,16.544397354125977,321.0,388.5872802734375,8.0,8.006937980651855,0.99609375,0.9921875
test,3107,rule4ml,rule4ml/archive_1/06c168b45dc8eaa94acbd977714bcbbe.pt,40866,2702,416,0.006291635800153017,0.6528497409326425,50,7,30498,30432,5299.0,5118.6142578125,3049.0,2280.27880859375,62.0,65.22660827636719,64.5,21.213302612304688,1134.0,408.11785888671875,2.0,3.3489232063293457,0.9921875,0.984375
test,3110,rule4ml,rule4ml/archive_1/0ee4c8dcd8015f1b089d2ca174605fab.pt,26381,1714,376,0.004667444620281458,0.5554259043173863,50,5,19653,19621,1361.0,4466.57080078125,79.0,581.42578125,16.0,81.19220733642578,16.0,20.39490509033203,53.0,352.2783203125,1.0,2.411797046661377,0.9921875,0.98046875
test,3112,rule4ml,rule4ml/archive_1/185abbf195c85cb50f2e2f3698494035.pt,18621,1251,376,0.006394884083420038,0.6123101518784972,50,9,13955,13927,138079.0,148798.859375,110716.0,73121.6875,220.0,95.64490509033203,227.5,15.988873481750488,1503.0,646.9490966796875,55.0,36.60600280761719,1.0,1.0
test,3114,rule4ml,rule4ml/archive_1/2084ff9e1c3f7347ba0aea77dc91149a.pt,15146,996,376,0.005020080134272575,0.5753012048192772,50,4,11272,11255,32444.0,42584.7109375,384.0,4922.7294921875,4.0,40.476646423339844,131.0,29.809206008911133,469.0,432.8515625,1.0,6.661458969116211,0.9921875,1.0
test,3115,rule4ml,rule4ml/archive_1/216f00238b09a3abf19c0eea1e8cf8c6.pt,16593,1119,376,0.004468275234103203,0.5263628239499554,50,8,12371,12353,459727.0,183366.8125,157915.0,87436.7265625,220.0,116.80408477783203,4.5,19.606658935546875,1139.0,586.5611572265625,20.0,29.308860778808594,1.0,1.0
test,3125,rule4ml,rule4ml/archive_1/3219ffd8661622e8c83c7ceec7993204.pt,3457,240,190,0.05000000074505806,0.8333333333333334,54,3,2582,2576,19634.0,40234.71875,2173.0,12134.46875,0.0,0.0,0.0,0.0,1246.0,459.080322265625,1.0,8.253120422363281,0.059326171875,0.228515625
test,3128,rule4ml,rule4ml/archive_1/3bdfe2f8b21e2434dc6258e8e7ae38be.pt,12943,846,376,0.014184396713972092,0.41843971631205673,54,8,9649,9642,2779.0,11332.6689453125,2116.0,8648.650390625,37.0,84.20468139648438,0.0,21.094501495361328,132.0,898.23779296875,17.0,72.79566955566406,0.99609375,1.0
test,3132,rule4ml,rule4ml/archive_1/466d99f5bafd16bc2656bb493e26d3a3.pt,12724,826,376,0.019370460882782936,0.5096852300242131,54,9,9528,9518,63269.0,59458.32421875,20395.0,36252.35546875,128.0,92.22794342041016,13.0,24.400222778320312,309.0,640.6409301757812,5.0,21.529380798339844,0.9921875,1.0
test,3145,rule4ml,rule4ml/archive_1/72287c9cac676de50d6937c1591c013c.pt,20454,1342,376,0.017883755266666412,0.488822652757079,54,11,15267,15251,90974.0,20826.82421875,43278.0,25370.65625,220.0,57.38711929321289,6.0,28.20053482055664,1175.0,1416.237060546875,393.0,165.8348388671875,0.9921875,1.0
test,3153,rule4ml,rule4ml/archive_1/8d2cdad9082523fa3ea68740ce1050fe.pt,24790,1678,376,0.005363528151065111,0.5446960667461264,50,10,18398,18365,51924.0,49694.66796875,20971.0,11463.390625,295.0,55.83192443847656,9.5,28.833667755126953,590.0,598.170654296875,131.0,24.435983657836914,1.0,0.99609375
test,3165,rule4ml,rule4ml/archive_1/b00aea7a22b1f54c6cfb728ea20d9048.pt,14440,893,318,0.03583426773548126,0.8073908174692049,54,4,10959,10936,14556.0,69701.2578125,14308.0,32794.83984375,352.0,304.7981262207031,24.0,24.129247665405273,195.0,501.42681884765625,4.0,11.788496971130371,0.98828125,1.0
test,3166,rule4ml,rule4ml/archive_1/b46ba552ba805cad9fe028c9b2beb67b.pt,48120,3202,458,0.005933791399002075,0.6124297314178638,50,10,35806,35733,110592.0,66909.9140625,80900.0,36154.26171875,220.0,57.91493606567383,212.0,76.49323272705078,1429.0,501.42681884765625,131.0,9.032773971557617,1.0,1.0
test,3167,rule4ml,rule4ml/archive_1/b7f8ba9933ca67bf4e89522e4957ce7d.pt,22850,1478,376,0.02435723878443241,0.6569688768606224,54,6,17128,17105,7129.0,17766.134765625,6713.0,20860.69921875,16.0,50.940940856933594,41.0,29.48053550720215,921.0,1092.578369140625,64.0,85.75537109375,0.953125,1.0
test,3171,rule4ml,rule4ml/archive_1/c26968f68714ae3b753593e66c7a2d4c.pt,9946,688,318,0.00872093066573143,0.7979651162790697,34,4,7414,7391,12002.0,19367.193359375,470.0,488.7190856933594,0.0,0.0,18.0,12.782711029052734,142.0,445.77349853515625,3.0,5.695096015930176,0.00433349609375,1.0
test,3173,rule4ml,rule4ml/archive_1/c63e2a6582295344fbe9e1c6ece8e0a0.pt,11484,755,376,0.00397351011633873,0.4821192052980132,50,6,8556,8546,727.0,2520.015380859375,131.0,141.39002990722656,14.0,72.11783599853516,5.0,12.490209579467773,403.0,348.8389587402344,1.0,1.8249233961105347,0.9375,0.984375
test,3194,rule4ml,rule4ml/archive_1/e76bf57773bcf57b1f19da562e9ff10b.pt,27793,1800,376,0.028888888657093048,0.6311111111111111,54,6,20804,20771,9451.0,26705.779296875,7408.0,27388.48828125,32.0,84.20468139648438,26.0,64.2734603881836,283.0,738.4336547851562,8.0,32.30872344970703,0.9765625,1.0
test,3196,rule4ml,rule4ml/archive_1/ecf7f5a60f0ef8948e0f8b3c91eab2f1.pt,42636,2790,458,0.02867383509874344,0.6577060931899642,54,10,31916,31863,28241.0,23225.12109375,26303.0,19653.744140625,292.0,93.92102813720703,72.5,33.297298431396484,1596.0,1030.2344970703125,128.0,93.06524658203125,0.99609375,0.99609375
test,3199,rule4ml,rule4ml/archive_1/eea79f2ee33e9eba8e086cce0a1f286d.pt,24683,1578,326,0.03802281245589256,0.8276299112801014,54,4,18564,18525,18418.0,8435.8095703125,17414.0,5606.4384765625,0.0,0.0,54.5,22.563068389892578,800.0,521.4776000976562,8.0,15.301138877868652,0.0023956298828125,1.0
test,3203,rule4ml,rule4ml/archive_1/f6d8bf0745d1fb17117a04ab71839702.pt,9349,705,199,0.011347517371177673,0.826950354609929,30,2,6910,6884,657.0,5708.12646484375,34.0,233.395263671875,0.0,0.0,0.0,0.0,71.0,57.96467971801758,1.0,0.0,0.004913330078125,0.00170135498046875
exemplar,0,exemplar,exemplar/archive_1/0273888c-6100-46de-ba53-476666388e81.pt,12135,810,229,0.029629629105329514,0.8469135802469135,54,3,9129,9107,21988.0,34181.01953125,24276.0,26837.654296875,0.0,0.0,5.0,4.73038387298584,6583.0,1701.577392578125,1296.0,377.448486328125,0.359375,0.9921875
exemplar,1,exemplar,exemplar/archive_1/08ceef03-f529-483b-9de4-b4b67e848d56.pt,11055,778,376,0.02056555263698101,0.5231362467866324,54,4,8174,8164,6595.0,32317.65625,8049.0,27686.884765625,6.0,10.872904777526855,1.0,5.845477104187012,525.0,9362.86328125,192.0,4506.64599609375,1.0,1.0
exemplar,2,exemplar,exemplar/archive_1/0971e6d6-d73b-4833-aefc-bbae6dc5b505.pt,11787,798,199,0.007518797181546688,0.8521303258145363,30,2,8889,8861,158971.0,127510.078125,82018.0,68518.9375,66.0,161.87612915039062,0.0,0.0,619.0,69.31851196289062,92.0,10.794692993164062,1.0,0.0007781982421875
exemplar,3,exemplar,exemplar/archive_1/0b264399-9786-4e1d-95f5-b15ae9eef489.pt,11039,782,376,0.020460357889533043,0.520460358056266,54,4,8141,8131,7929.0,30725.4765625,8102.0,24709.3359375,3.0,10.427385330200195,4.0,6.569582939147949,502.0,3527.9091796875,128.0,1082.26171875,0.98828125,1.0
exemplar,4,exemplar,exemplar/archive_1/0ca740a3-feef-4ee0-91b6-46f493ae36b2.pt,10999,778,376,0.02056555263698101,0.5231362467866324,54,4,8099,8089,3349.0,31076.318359375,3918.0,30813.865234375,2.0,5.431429862976074,1.0,5.951835632324219,521.0,7367.18212890625,192.0,3173.73291015625,0.921875,1.0
exemplar,5,exemplar,exemplar/archive_1/0e85b020-3749-4e4d-ac93-a44f053ea57b.pt,11114,782,376,0.020460357889533043,0.520460358056266,54,4,8216,8206,2913.0,28297.73046875,2764.0,28026.48828125,3.0,0.0,2.0,4.872319221496582,2631.0,7736.56396484375,1024.0,3349.651123046875,0.03857421875,1.0
exemplar,6,exemplar,exemplar/archive_1/1096f607-c024-4e57-a794-4bf4d2886e54.pt,10799,770,376,0.005194805096834898,0.5233766233766234,50,4,7970,7956,6411.0,74614.625,1850.0,46892.453125,421.0,34.914649963378906,1.0,6.549314022064209,25.0,1071.3892822265625,1.0,192.50717163085938,1.0,0.96484375
exemplar,7,exemplar,exemplar/archive_1/12d641dd-5146-4c9f-911d-cf810823fff7.pt,11140,784,376,0.020408162847161293,0.5191326530612245,54,5,8246,8236,3133.0,29545.265625,2898.0,28796.10546875,5.0,0.0,2.0,5.107173919677734,2764.0,6487.2314453125,1024.0,2736.140625,0.07373046875,1.0
exemplar,8,exemplar,exemplar/archive_1/14689274-3866-4b30-b586-c404fc0eb7e3.pt,3931,246,318,0.03252032399177551,0.7398373983739838,54,4,2959,2954,428.0,6307.9609375,338.0,3442.50830078125,0.0,0.0,0.0,3.5724453926086426,16.0,1994.94921875,1.0,485.0700378417969,0.00096893310546875,1.0
exemplar,9,exemplar,exemplar/archive_1/182f2870-c640-40ba-987d-d85d5a889c32.pt,10858,774,376,0.005167958792299032,0.520671834625323,50,4,8012,7998,1011.0,7633.666015625,223.0,556.72119140625,3.0,26.417266845703125,0.0,7.4152913093566895,28.0,286.6688232421875,1.0,8.506026268005371,0.7578125,0.95703125
exemplar,10,exemplar,exemplar/archive_1/1c3965f8-aac2-4e66-ae41-f24c4f7586e5.pt,10865,776,376,0.005154639016836882,0.5193298969072165,50,5,8042,8028,37957.0,84731.6796875,9537.0,48705.03125,2147.0,43.57276153564453,2.0,7.998732089996338,40.0,838.7175903320312,1.0,128.13168334960938,1.0,0.953125
exemplar,11,exemplar,exemplar/archive_1/1d3a9271-bb21-46f7-a928-48272ce7193f.pt,12554,893,376,0.02239641733467579,0.5509518477043673,54,9,9317,9304,21678.0,31253.22265625,36597.0,34062.5,128.0,5.533515930175781,6.0,7.325517177581787,2905.0,9092.0341796875,1024.0,4269.982421875,0.94140625,1.0
exemplar,12,exemplar,exemplar/archive_1/206dfc0c-9319-43c0-b4e3-b5bf034ef1bd.pt,10743,770,376,0.005194805096834898,0.5233766233766234,50,4,7895,7881,5101.0,36264.83984375,1837.0,12810.083984375,2.0,20.024744033813477,1.0,7.269894599914551,53.0,1066.1566162109375,12.0,165.8348388671875,0.98828125,0.97265625
exemplar,13,exemplar,exemplar/archive_1/247d9155-f7f3-4ed7-92d8-cb8bf564eaeb.pt,10858,774,376,0.005167958792299032,0.520671834625323,50,4,8012,7998,640.0,8590.4609375,7.0,1738.931884765625,3.0,19.557018280029297,0.0,4.742881774902344,23.0,646.9490966796875,1.0,43.81035232543945,0.79296875,0.98828125
exemplar,14,exemplar,exemplar/archive_1/250eb325-6f3c-4c11-9d82-2353ec7b3655.pt,11140,784,376,0.020408162847161293,0.5191326530612245,54,5,8246,8236,3337.0,29984.57421875,4167.0,29506.798828125,5.0,0.0,2.0,5.31004524230957,2876.0,6330.4677734375,1024.0,2627.63720703125,0.08642578125,1.0
exemplar,15,exemplar,exemplar/archive_1/275c93ce-d31a-4833-97ca-00657c0684ec.pt,11997,762,226,0.031496062874794006,0.8608923884514436,54,3,9093,9071,10504.0,59054.71484375,6645.0,20974.029296875,0.0,0.0,0.0,0.0,94.0,289.496826171875,1.0,42.618160247802734,0.0012054443359375,0.02978515625
exemplar,16,exemplar,exemplar/archive_1/2b1ebd37-082b-44ce-80f1-5789f44e794d.pt,10865,776,376,0.005154639016836882,0.5193298969072165,50,5,8042,8028,38685.0,68758.125,9433.0,23621.16015625,2126.0,123.33972930908203,2.0,9.512876510620117,40.0,760.4571533203125,1.0,67.06095123291016,1.0,0.9765625
exemplar,17,exemplar,exemplar/archive_1/2db30ca7-c3d9-421a-bd5f-13c2711d4758.pt,10929,752,376,0.021276595070958138,0.5146276595744681,54,5,8103,8093,25110.0,42103.9921875,5955.0,33604.25390625,5.0,20.11956214904785,2.0,10.516328811645508,42.0,1303.15087890625,2.0,184.83633422851562,0.98828125,1.0
exemplar,18,exemplar,exemplar/archive_1/30e2c5f7-5a29-4903-8934-750ea19679e8.pt,3825,250,318,0.00800000037997961,0.74,34,4,2862,2855,3367.0,21893.650390625,850.0,2990.05859375,0.0,0.0,0.0,3.5115532875061035,25.0,1440.70947265625,5.0,284.1292724609375,0.00592041015625,0.99609375
exemplar,19,exemplar,exemplar/archive_1/317b26f4-5f81-4d40-a851-b24c3c44654c.pt,10884,776,376,0.005154639016836882,0.5193298969072165,50,5,8042,8028,1023.0,6907.7880859375,16.0,620.549560546875,5.0,29.54380226135254,0.0,8.19384479522705,523.0,295.23681640625,1.0,6.661458969116211,0.83203125,0.95703125
exemplar,20,exemplar,exemplar/archive_1/34c6a605-582c-4ac3-a672-21a86b84164d.pt,3808,247,318,0.008097166195511818,0.7368421052631579,31,4,2865,2858,6439.0,31645.984375,5621.0,15359.638671875,2.0,15.638581275939941,0.0,2.292296886444092,301.0,2137.731689453125,286.0,432.0733642578125,1.0,1.0
exemplar,21,exemplar,exemplar/archive_1/36213331-74e8-44ed-8da9-e209c6703607.pt,11039,782,376,0.020460357889533043,0.520460358056266,54,4,8141,8131,7448.0,28041.888671875,8953.0,24171.40625,3.0,8.364334106445312,3.0,6.610285758972168,2630.0,5054.71484375,1024.0,1862.872802734375,0.9765625,1.0
exemplar,22,exemplar,exemplar/archive_1/36b4d64d-8c42-4320-adc4-a82339843784.pt,11074,778,376,0.02056555263698101,0.5231362467866324,54,4,8174,8164,1367.0,29781.00390625,1337.0,27351.421875,2.0,0.0,0.0,4.538718223571777,520.0,5520.05078125,192.0,2265.316650390625,0.0849609375,1.0
exemplar,23,exemplar,exemplar/archive_1/371d50bf-1f3d-4d55-9d2d-9421bc2a01e2.pt,10985,752,376,0.021276595070958138,0.5146276595744681,54,5,8178,8168,46584.0,60962.125,21444.0,44419.4453125,2108.0,25.928218841552734,2.0,9.597783088684082,43.0,2652.9638671875,2.0,780.156982421875,1.0,1.0
exemplar,24,exemplar,exemplar/archive_1/37a7c317-89f4-4554-91c5-68afcaf539c1.pt,3825,250,318,0.00800000037997961,0.74,34,4,2862,2855,2829.0,24029.796875,1085.0,1022.1639404296875,0.0,0.0,0.0,3.9954721927642822,41.0,1216.82958984375,26.0,144.7914581298828,0.01324462890625,1.0
exemplar,25,exemplar,exemplar/archive_1/38f204fc-3e79-4077-93a0-3892a3ab85d2.pt,10985,752,376,0.021276595070958138,0.5146276595744681,54,5,8178,8168,59846.0,74954.1796875,7409.0,50314.328125,2278.0,39.736820220947266,2.0,12.203919410705566,533.0,2049.37646484375,2.0,505.56036376953125,1.0,1.0
exemplar,26,exemplar,exemplar/archive_1/3a3f2dca-5b03-44d4-9918-2282eb4440fb.pt,3902,243,318,0.03292180970311165,0.7366255144032922,54,4,2950,2945,7192.0,10682.9599609375,4704.0,5698.32373046875,287.0,8.806334495544434,0.0,2.744503974914551,20.0,2904.334228515625,2.0,1074.9840087890625,1.0,1.0
exemplar,27,exemplar,exemplar/archive_1/4107d0be-42b6-4158-9f36-c8a56530d5de.pt,10903,750,376,0.02133333310484886,0.516,54,4,8073,8063,26215.0,43810.7109375,5721.0,40292.05078125,3.0,10.17316722869873,1.0,9.944319725036621,37.0,2181.9921875,2.0,484.25164794921875,0.95703125,1.0
exemplar,28,exemplar,exemplar/archive_1/45c61271-60eb-4ff5-ba6f-246ba575185f.pt,11817,798,199,0.007518797181546688,0.8521303258145363,30,2,8889,8861,2227.0,24693.55078125,145.0,1701.6309814453125,0.0,0.0,0.0,0.0,78.0,44.72184753417969,1.0,2.3210268020629883,0.0013275146484375,0.00170135498046875
exemplar,29,exemplar,exemplar/archive_1/46c56634-0933-47cc-9e72-89614aaa7251.pt,10999,778,376,0.02056555263698101,0.5231362467866324,54,4,8099,8089,3323.0,29244.908203125,3676.0,23461.73046875,2.0,9.257651329040527,2.0,6.107331275939941,329.0,3948.127685546875,96.0,1311.725830078125,0.98046875,1.0
exemplar,30,exemplar,exemplar/archive_1/4705b427-e733-41ed-bda3-6cc20c46fb96.pt,10919,746,376,0.021447721868753433,0.5187667560321716,54,4,8106,8096,9817.0,42536.41015625,5833.0,25803.89453125,422.0,38.29651641845703,1.0,9.098438262939453,29.0,2131.20361328125,2.0,563.5516967773438,1.0,1.0
exemplar,31,exemplar,exemplar/archive_1/4d39c459-d8e1-4de1-a8de-a7b376d0e510.pt,12291,883,376,0.005662514362484217,0.551528878822197,50,9,9143,9125,45414.0,97098.4453125,17157.0,52828.5234375,1970.0,54.818199157714844,7.0,9.915014266967773,283.0,790.8456420898438,5.0,93.06524658203125,1.0,0.9765625
exemplar,32,exemplar,exemplar/archive_1/4d551fc6-7a68-4f90-a6b9-4c483baed59e.pt,12465,853,376,0.02344665862619877,0.5474794841735052,54,9,9313,9300,5013.0,30673.216796875,4684.0,24625.796875,128.0,15.713614463806152,0.0,11.05341911315918,409.0,1175.83544921875,64.0,169.2432861328125,0.78125,0.99609375
exemplar,33,exemplar,exemplar/archive_1/4d7af3a5-68b9-46b1-9875-78271f4a712b.pt,12635,893,376,0.02239641733467579,0.5509518477043673,54,9,9398,9385,7489.0,24414.791015625,7842.0,21834.6171875,128.0,5.4968719482421875,2.0,5.799742698669434,3006.0,4055.817626953125,1024.0,1412.7711181640625,0.5078125,1.0
exemplar,34,exemplar,exemplar/archive_1/4fe50b78-f06b-4441-a458-1445bd2d983a.pt,11065,784,376,0.020408162847161293,0.5191326530612245,54,5,8171,8161,7423.0,31645.984375,9003.0,32794.83984375,5.0,5.927085876464844,3.0,6.933237075805664,2760.0,7403.31103515625,1024.0,3173.73291015625,0.94140625,1.0
exemplar,35,exemplar,exemplar/archive_1/52c0f586-1dea-422b-84cb-fcc178db7048.pt,11065,784,376,0.020408162847161293,0.5191326530612245,54,5,8171,8161,7711.0,30086.8671875,9110.0,31574.35546875,5.0,5.113974571228027,3.0,6.589906215667725,2763.0,8829.0380859375,1024.0,4100.67578125,0.921875,1.0
exemplar,36,exemplar,exemplar/archive_1/568fa7df-b876-4e31-bcb8-7dd7426d9616.pt,11140,784,376,0.020408162847161293,0.5191326530612245,54,5,8246,8236,3194.0,28426.5390625,2900.0,27950.654296875,5.0,0.0,2.0,4.800431251525879,2765.0,7623.84326171875,1024.0,3304.77734375,0.04150390625,1.0
exemplar,37,exemplar,exemplar/archive_1/6346baef-4016-4baa-95ca-4d01f340d884.pt,11004,752,376,0.021276595070958138,0.5146276595744681,54,5,8178,8168,3112.0,40349.078125,1909.0,35764.61328125,5.0,0.0,0.0,6.478797912597656,41.0,1920.69921875,3.0,473.73553466796875,0.1376953125,0.99609375
exemplar,38,exemplar,exemplar/archive_1/641d2098-53ea-4e20-b11b-636ecfc4de3b.pt,3919,246,318,0.03252032399177551,0.7398373983739838,54,4,2947,2942,5034.0,11805.48046875,1683.0,6015.6201171875,0.0,0.0,0.0,3.3511648178100586,19.0,2320.789306640625,2.0,591.5174560546875,0.056640625,1.0
exemplar,39,exemplar,exemplar/archive_1/64239147-5c4d-4f1c-b543-1bb26a6df2a6.pt,10938,746,376,0.021447721868753433,0.5187667560321716,54,4,8106,8096,842.0,35642.37109375,677.0,31276.421875,2.0,0.0,0.0,5.33759880065918,24.0,1925.40478515625,1.0,477.75286865234375,0.2255859375,0.99609375
exemplar,40,exemplar,exemplar/archive_1/67c490e4-5293-4931-a67a-efe1c2b8a712.pt,12384,853,376,0.02344665862619877,0.5474794841735052,54,9,9232,9219,32622.0,45690.2421875,27846.0,36647.3203125,128.0,22.422313690185547,4.0,11.380986213684082,310.0,1303.15087890625,9.0,184.83633422851562,0.98828125,1.0
exemplar,41,exemplar,exemplar/archive_1/6f78ee34-8249-459a-900a-d8aee5f203ad.pt,10985,752,376,0.021276595070958138,0.5146276595744681,54,5,8178,8168,44213.0,63939.37109375,10168.0,35764.61328125,2107.0,75.4829330444336,2.0,13.937200546264648,36.0,1437.1878662109375,1.0,249.85035705566406,1.0,1.0
exemplar,42,exemplar,exemplar/archive_1/733d4346-c1e0-45cc-841d-62a798bbe60a.pt,12291,883,376,0.005662514362484217,0.551528878822197,50,9,9143,9125,56989.0,85504.71875,55082.0,65968.9921875,149.0,38.29651641845703,4.0,6.975894927978516,693.0,2510.861083984375,98.0,707.4124145507812,1.0,0.94140625
exemplar,43,exemplar,exemplar/archive_1/74923cb9-abeb-4329-bb34-2e0714e33867.pt,10863,746,376,0.021447721868753433,0.5187667560321716,54,4,8031,8021,7563.0,34879.30859375,2302.0,28331.8359375,2.0,14.206661224365234,1.0,8.19384479522705,26.0,1600.5924072265625,2.0,276.5433349609375,0.984375,1.0
exemplar,44,exemplar,exemplar/archive_1/7ad022f0-031e-4928-8967-2a10e6ead5a5.pt,10783,774,376,0.005167958792299032,0.520671834625323,50,4,7937,7923,22907.0,37129.3203125,800.0,7001.203125,3.0,20.31047821044922,1.0,12.274919509887695,28.0,580.8409423828125,1.0,36.102378845214844,0.98828125,0.98046875
exemplar,45,exemplar,exemplar/archive_1/7ecb5102-3313-4c41-9586-c1ad1fd36c66.pt,11787,798,199,0.007518797181546688,0.8521303258145363,30,2,8889,8861,109778.0,103003.2265625,29872.0,25491.22265625,5853.0,1916.421875,0.0,0.0,90.0,22.052066802978516,1.0,2.3210268020629883,1.0,1.0132789611816406e-05
exemplar,46,exemplar,exemplar/archive_1/7f402bb4-51cf-485d-bc52-6ee172ca14fa.pt,11055,778,376,0.02056555263698101,0.5231362467866324,54,4,8174,8164,5895.0,33238.66015625,6753.0,27686.884765625,8.0,12.588788986206055,2.0,6.369314670562744,328.0,7586.63818359375,96.0,3535.317626953125,1.0,1.0
exemplar,47,exemplar,exemplar/archive_1/8317cf35-eefa-4791-bcf7-f4065665fd13.pt,3919,246,318,0.03252032399177551,0.7398373983739838,54,4,2947,2942,5111.0,13467.3359375,1702.0,10454.6533203125,0.0,0.0,0.0,3.224703073501587,19.0,4228.048828125,2.0,1939.8084716796875,0.03515625,1.0
exemplar,48,exemplar,exemplar/archive_1/840fcf94-ccfc-43d8-b7c2-d33799fa8aa8.pt,11140,784,376,0.020408162847161293,0.5191326530612245,54,5,8246,8236,3334.0,23866.65234375,4118.0,20747.978515625,5.0,0.0,2.0,5.470673561096191,2876.0,3890.6005859375,1024.0,1329.544677734375,0.48046875,1.0
exemplar,49,exemplar,exemplar/archive_1/84384e9c-dbd4-42f2-9768-d6071fed7642.pt,10865,776,376,0.005154639016836882,0.5193298969072165,50,5,8042,8028,45548.0,66909.9140625,35581.0,43232.28515625,9.0,46.900001525878906,2.0,6.806628227233887,2171.0,2376.185546875,2143.0,550.9973754882812,1.0,0.98828125
exemplar,50,exemplar,exemplar/archive_1/85e17655-4ec7-4dde-bbe4-d48bacfaa343.pt,3837,250,318,0.00800000037997961,0.74,34,4,2874,2867,36.0,4078.69677734375,1.0,283.875,0.0,0.0,0.0,2.399951934814453,13.0,569.5672607421875,1.0,36.102378845214844,0.000335693359375,0.99609375
exemplar,51,exemplar,exemplar/archive_1/86a7fb3e-bc83-41fa-894f-d57ab0a037c1.pt,3868,235,318,0.03404255211353302,0.7404255319148936,54,4,2933,2928,7222.0,23490.30078125,4720.0,13450.23828125,282.0,10.634920120239258,0.0,4.042573928833008,20.0,2366.21337890625,2.0,788.095947265625,0.99609375,1.0
exemplar,52,exemplar,exemplar/archive_1/8c5001d5-58f2-49e9-a6bb-2ae23830866f.pt,12234,883,376,0.005662514362484217,0.551528878822197,50,9,9062,9044,25884.0,36393.7265625,14460.0,16214.7919921875,128.0,22.00452423095703,6.0,8.88412857055664,292.0,981.0045776367188,12.0,126.40234375,0.9921875,0.97265625
exemplar,53,exemplar,exemplar/archive_1/8d2bea12-85c5-4b4c-802c-3390a356a35e.pt,12201,810,229,0.029629629105329514,0.8469135802469135,54,3,9195,9173,9199.0,43119.875,7911.0,24245.171875,0.0,0.0,3.0,4.815030574798584,821.0,710.0565795898438,144.0,214.54638671875,0.000644683837890625,0.78515625
exemplar,54,exemplar,exemplar/archive_1/8e75be00-7e3e-4f3d-8aa1-3e913ec040ec.pt,12291,883,376,0.005662514362484217,0.551528878822197,50,9,9143,9125,46262.0,94918.546875,28091.0,54574.0703125,1998.0,50.940940856933594,4.0,9.42864990234375,305.0,779.3104248046875,9.0,117.296630859375,1.0,0.94921875
exemplar,55,exemplar,exemplar/archive_1/90c22023-a457-4031-8dcc-74aa8742c717.pt,3837,250,318,0.00800000037997961,0.74,34,4,2874,2867,91.0,4078.69677734375,1.0,283.875,0.0,0.0,0.0,2.399951934814453,13.0,569.5672607421875,1.0,36.102378845214844,0.000335693359375,0.99609375
exemplar,56,exemplar,exemplar/archive_1/933de88a-1fe8-4497-b8cf-66fe9146b0e0.pt,11997,762,226,0.031496062874794006,0.8608923884514436,54,3,9093,9071,10507.0,59054.71484375,6645.0,20974.029296875,0.0,0.0,0.0,0.0,94.0,289.496826171875,1.0,42.618160247802734,0.0012054443359375,0.02978515625
exemplar,57,exemplar,exemplar/archive_1/93c8fe85-cd4d-4b53-a93f-688a737d92ef.pt,3825,250,318,0.00800000037997961,0.74,34,4,2862,2855,2795.0,23543.703125,771.0,1242.5135498046875,0.0,0.0,0.0,4.235462665557861,33.0,1119.65478515625,21.0,107.37065887451172,0.01361083984375,1.0
exemplar,58,exemplar,exemplar/archive_1/93f027a8-36c7-4159-b997-fa581ea23d40.pt,10865,776,376,0.005154639016836882,0.5193298969072165,50,5,8042,8028,55888.0,80237.8203125,34051.0,61816.53515625,27.0,35.56690216064453,2.0,6.241990089416504,408.0,2540.2119140625,103.0,726.7747192382812,1.0,0.9453125
exemplar,59,exemplar,exemplar/archive_1/94394a1c-cebb-41b5-97ba-053c2cbb4444.pt,12567,877,376,0.022805016487836838,0.5496009122006842,54,9,9364,9351,6967.0,32910.078125,7374.0,30772.1640625,128.0,0.0,0.0,5.2072601318359375,958.0,4332.7578125,128.0,1616.833251953125,0.2119140625,1.0
exemplar,60,exemplar,exemplar/archive_1/9748b154-4100-4641-a2d4-c9e8328e837d.pt,12234,883,376,0.005662514362484217,0.551528878822197,50,9,9062,9044,24744.0,39825.69921875,19067.0,24040.798828125,128.0,16.170984268188477,4.0,11.314767837524414,306.0,553.0645751953125,9.0,80.09967803955078,0.921875,0.85546875
exemplar,61,exemplar,exemplar/archive_1/990eb8b7-92c6-40ca-b679-e3cbaa3024b6.pt,11121,784,376,0.020408162847161293,0.5191326530612245,54,5,8246,8236,16360.0,33627.71875,28255.0,28293.466796875,10.0,12.804482460021973,3.0,6.539198398590088,2872.0,7549.6142578125,1024.0,3535.317626953125,1.0,1.0
exemplar,62,exemplar,exemplar/archive_1/9a9a9339-a608-467c-91a9-1a3f6a783e95.pt,11751,798,199,0.007518797181546688,0.8521303258145363,30,2,8823,8795,62820.0,76675.5859375,2597.0,24927.830078125,0.0,0.0,0.0,0.0,82.0,70.70791625976562,1.0,11.788496971130371,0.068359375,0.00019073486328125
exemplar,63,exemplar,exemplar/archive_1/9bce92a8-b4b7-42eb-a5e4-15f5d4f3c872.pt,11121,784,376,0.020408162847161293,0.5191326530612245,54,5,8246,8236,11925.0,31844.197265625,15471.0,21681.744140625,26.0,21.0915470123291,6.0,7.3702826499938965,584.0,4045.906005859375,160.0,1616.833251953125,1.0,1.0
exemplar,64,exemplar,exemplar/archive_1/9c3ee7e5-a98f-4ec9-9b34-0d1baaa3da26.pt,12611,893,376,0.02239641733467579,0.5509518477043673,54,9,9398,9385,39506.0,29378.02734375,64013.0,20448.046875,133.0,18.215351104736328,7.0,6.744085311889648,2909.0,5386.6552734375,1024.0,2489.627685546875,1.0,1.0
exemplar,65,exemplar,exemplar/archive_1/9c51cef1-e8be-4066-85b1-e69bbe003acc.pt,11751,798,199,0.007518797181546688,0.8521303258145363,30,2,8823,8795,62726.0,75295.359375,2597.0,4513.89111328125,0.0,0.0,0.0,0.0,82.0,51.43321990966797,1.0,1.8249233961105347,0.05029296875,3.7670135498046875e-05
exemplar,66,exemplar,exemplar/archive_1/a2d0b7bd-e241-47cf-9b48-c8d5b31a4dfb.pt,10839,774,376,0.005167958792299032,0.520671834625323,50,4,8012,7998,52808.0,80603.046875,30535.0,58874.59765625,24.0,37.24981689453125,1.0,6.610285758972168,401.0,2264.952392578125,101.0,554.21923828125,1.0,0.96875
exemplar,67,exemplar,exemplar/archive_1/a7ab27fb-bd8e-4dfb-bc4f-fc37b71e548c.pt,10978,750,376,0.02133333310484886,0.516,54,4,8148,8138,2769.0,28169.505859375,1763.0,21582.837890625,3.0,12.742509841918945,0.0,8.804939270019531,35.0,1262.337646484375,2.0,200.49453735351562,0.6953125,1.0
exemplar,68,exemplar,exemplar/archive_1/a7fcc3e0-563d-4404-9467-f86818191469.pt,11997,762,226,0.031496062874794006,0.8608923884514436,54,3,9093,9071,10528.0,63361.24609375,6645.0,23517.421875,0.0,0.0,0.0,0.0,94.0,203.2611541748047,1.0,68.92119598388672,0.000278472900390625,0.0174560546875
exemplar,69,exemplar,exemplar/archive_1/a84153c9-baad-493e-b043-331117736a38.pt,12234,883,376,0.005662514362484217,0.551528878822197,50,9,9062,9044,26154.0,36393.7265625,11148.0,16214.7919921875,128.0,22.00452423095703,7.0,8.88412857055664,285.0,981.0045776367188,5.0,126.40234375,0.9921875,0.97265625
exemplar,70,exemplar,exemplar/archive_1/ab107bcf-9e12-42e0-9b1a-bf08d137f970.pt,11751,798,199,0.007518797181546688,0.8521303258145363,30,2,8823,8795,61095.0,77375.1171875,5272.0,12036.251953125,0.0,0.0,0.0,0.0,98.0,262.423095703125,19.0,31.422534942626953,0.2333984375,0.00885009765625
exemplar,71,exemplar,exemplar/archive_1/af019597-795a-45fb-af20-0492e247f185.pt,3902,243,318,0.03292180970311165,0.7366255144032922,54,4,2950,2945,7535.0,14157.19921875,3360.0,8934.4443359375,281.0,4.246665954589844,0.0,2.4458413124084473,15.0,4248.78564453125,1.0,2327.259521484375,1.0,1.0
exemplar,72,exemplar,exemplar/archive_1/b19f2e4b-4590-4abd-a767-7530be27f889.pt,10929,752,376,0.021276595070958138,0.5146276595744681,54,5,8103,8093,27733.0,44969.76953125,5435.0,35571.36328125,5.0,22.955232620239258,2.0,11.923702239990234,36.0,1193.232421875,1.0,149.78936767578125,0.98828125,1.0
exemplar,73,exemplar,exemplar/archive_1/b43c3d48-b63e-4826-8f80-4f21daca2b4f.pt,11004,752,376,0.021276595070958138,0.5146276595744681,54,5,8178,8168,2911.0,28265.6328125,2758.0,22157.462890625,5.0,16.24842071533203,14.0,10.988956451416016,537.0,1119.65478515625,3.0,147.7699737548828,0.7578125,0.99609375
exemplar,74,exemplar,exemplar/archive_1/b656d259-da97-4fd2-982a-eae002500fb2.pt,11114,782,376,0.020460357889533043,0.520460358056266,54,4,8216,8206,2806.0,22652.1953125,2566.0,19310.681640625,3.0,7.570478439331055,1.0,5.305816173553467,502.0,2779.203125,128.0,830.4187622070312,0.6796875,1.0
exemplar,75,exemplar,exemplar/archive_1/b85933b6-f63c-4af0-aa76-bbf3f5b74598.pt,10865,776,376,0.005154639016836882,0.5193298969072165,50,5,8042,8028,64713.0,79152.125,48949.0,65612.546875,10.0,33.644840240478516,2.0,6.155133247375488,2239.0,4135.97314453125,1715.0,1316.1575927734375,1.0,0.9609375
exemplar,76,exemplar,exemplar/archive_1/bb07fdf6-0145-43fa-b254-ae7790bd0390.pt,10743,770,376,0.005194805096834898,0.5233766233766234,50,4,7895,7881,5228.0,36585.3359375,897.0,21899.4140625,2.0,15.050307273864746,1.0,7.4152913093566895,24.0,783.1365966796875,1.0,123.85162353515625,0.92578125,0.828125
exemplar,77,exemplar,exemplar/archive_1/bfc05050-5933-4357-afc0-782c3c9871d3.pt,10865,776,376,0.005154639016836882,0.5193298969072165,50,5,8042,8028,72372.0,80237.8203125,37872.0,60819.8515625,32.0,35.23929977416992,2.0,6.359441757202148,881.0,2448.67333984375,102.0,695.5733642578125,1.0,0.94921875
exemplar,78,exemplar,exemplar/archive_1/c50b7d06-2743-447e-8d30-7d44ffd86fa1.pt,10743,770,376,0.005194805096834898,0.5233766233766234,50,4,7895,7881,6127.0,33380.46875,771.0,6316.263671875,2.0,18.215351104736328,1.0,8.910665512084961,24.0,689.490478515625,1.0,60.931209564208984,0.98828125,0.97265625
exemplar,79,exemplar,exemplar/archive_1/c50bdf2e-0abe-43fc-8139-06cf5e73816b.pt,11074,778,376,0.02056555263698101,0.5231362467866324,54,4,8174,8164,1357.0,23704.638671875,1278.0,19389.31640625,2.0,0.0,0.0,4.5778398513793945,329.0,3400.79052734375,96.0,1193.4984130859375,0.474609375,1.0
exemplar,80,exemplar,exemplar/archive_1/c547deb4-f314-4e7d-9e7b-88bda5d6f7ff.pt,3808,247,318,0.008097166195511818,0.7368421052631579,31,4,2865,2858,4920.0,43810.7109375,63.0,18935.119140625,275.0,30.379634857177734,0.0,4.231954574584961,14.0,925.0213623046875,1.0,114.1493148803711,1.0,0.99609375
exemplar,81,exemplar,exemplar/archive_1/c554422a-7e7f-40d8-88a4-8c54a0a92d59.pt,11140,784,376,0.020408162847161293,0.5191326530612245,54,5,8246,8236,3337.0,29984.57421875,4118.0,29506.798828125,5.0,0.0,2.0,5.31004524230957,2876.0,6330.4677734375,1024.0,2627.63720703125,0.08642578125,1.0
exemplar,82,exemplar,exemplar/archive_1/c76f45c1-2e16-422b-b87f-0befcb5d1cc0.pt,10839,774,376,0.005167958792299032,0.520671834625323,50,4,8012,7998,33986.0,85893.9140625,1592.0,46639.078125,2019.0,46.04561233520508,1.0,8.393190383911133,28.0,830.54248046875,1.0,102.3754653930664,1.0,0.98046875
exemplar,83,exemplar,exemplar/archive_1/cc933a28-ea40-4c6e-94eb-19bb770284e0.pt,11121,784,376,0.020408162847161293,0.5191326530612245,54,5,8246,8236,14151.0,29511.751953125,17032.0,20316.912109375,9.0,18.215351104736328,3.0,6.702666759490967,2760.0,4720.0810546875,1024.0,2061.207275390625,1.0,1.0
exemplar,84,exemplar,exemplar/archive_1/d2f9b92b-36b8-4913-bf89-d73b70e688b6.pt,3837,250,318,0.00800000037997961,0.74,34,4,2874,2867,74.0,3526.909912109375,1.0,157.68577575683594,0.0,0.0,0.0,2.982698678970337,13.0,332.1380615234375,1.0,13.245026588439941,0.0002460479736328125,0.9921875
exemplar,85,exemplar,exemplar/archive_1/d555c2bc-0669-45e4-91b5-39d9ebf234a6.pt,10818,770,376,0.005194805096834898,0.5233766233766234,50,4,7970,7956,76.0,13714.21875,5.0,4563.07861328125,2.0,0.0,0.0,3.8049795627593994,15.0,706.586669921875,1.0,80.09967803955078,0.2578125,0.92578125
exemplar,86,exemplar,exemplar/archive_1/d624f608-06d4-4b6b-b0a4-1fd09b11f9a5.pt,11751,798,199,0.007518797181546688,0.8521303258145363,30,2,8823,8795,57420.0,77375.1171875,8222.0,12036.251953125,0.0,0.0,0.0,0.0,96.0,262.423095703125,17.0,31.422534942626953,0.2333984375,0.00885009765625
exemplar,87,exemplar,exemplar/archive_1/dcec6b57-a6cd-442a-b467-1dd0d8a02ccf.pt,10985,752,376,0.021276595070958138,0.5146276595744681,54,5,8178,8168,60408.0,65705.4765625,27260.0,35861.6484375,2300.0,79.72608947753906,2.0,13.386874198913574,540.0,1490.9302978515625,3.0,275.609375,1.0,1.0
exemplar,88,exemplar,exemplar/archive_1/dd09668d-3c30-4aad-9f96-919ce4bedbf0.pt,10839,774,376,0.005167958792299032,0.520671834625323,50,4,8012,7998,52892.0,70657.328125,32809.0,41063.4140625,24.0,53.82255935668945,1.0,6.954538345336914,397.0,1745.8675537109375,99.0,334.20269775390625,1.0,0.984375
exemplar,89,exemplar,exemplar/archive_1/e0877d2d-c62b-4796-be5f-96c63aefb754.pt,10919,746,376,0.021447721868753433,0.5187667560321716,54,4,8106,8096,9596.0,45174.46484375,4242.0,27388.48828125,423.0,42.7777099609375,1.0,10.302190780639648,24.0,1869.687744140625,1.0,437.95184326171875,1.0,1.0
exemplar,90,exemplar,exemplar/archive_1/e3f6f73c-985e-45e2-8dfd-c8eeaf9b40da.pt,10818,770,376,0.005194805096834898,0.5233766233766234,50,4,7970,7956,85.0,6365.525390625,5.0,1164.239990234375,2.0,24.512802124023438,0.0,4.246002197265625,15.0,516.3912353515625,1.0,27.71757698059082,0.8515625,0.984375
exemplar,91,exemplar,exemplar/archive_1/e6a82969-b2e7-4bf3-ba16-00307a537ca0.pt,11055,778,376,0.02056555263698101,0.5231362467866324,54,4,8174,8164,6445.0,32594.037109375,7587.0,27837.30078125,8.0,11.143044471740723,2.0,5.900764465332031,333.0,9003.5126953125,96.0,4269.982421875,1.0,1.0
exemplar,92,exemplar,exemplar/archive_1/e78a5e99-9c04-4b9b-be44-a1b0d34a316b.pt,12384,853,376,0.02344665862619877,0.5474794841735052,54,9,9232,9219,32764.0,45690.2421875,28186.0,36647.3203125,128.0,22.422313690185547,4.0,11.380986213684082,309.0,1303.15087890625,9.0,184.83633422851562,0.98828125,1.0
exemplar,93,exemplar,exemplar/archive_1/e7919f10-29bd-4777-b4cc-29dbe353cd1c.pt,10865,776,376,0.005154639016836882,0.5193298969072165,50,5,8042,8028,35600.0,75982.375,1624.0,27686.884765625,2091.0,114.70284271240234,2.0,10.032711029052734,32.0,706.586669921875,1.0,54.59886169433594,1.0,0.98828125
exemplar,94,exemplar,exemplar/archive_1/e8403995-eed4-4ab2-bad9-4ab7a8a95220.pt,11065,784,376,0.020408162847161293,0.5191326530612245,54,5,8171,8161,9741.0,32226.0625,14518.0,33786.8125,5.0,6.156785011291504,3.0,7.236701011657715,2872.0,7224.41357421875,1024.0,3068.50634765625,0.94921875,1.0
exemplar,95,exemplar,exemplar/archive_1/e87f94ad-6357-4f1e-8148-702cc5865918.pt,10858,774,376,0.005167958792299032,0.520671834625323,50,4,8012,7998,738.0,8590.4609375,7.0,1738.931884765625,3.0,19.64972686767578,0.0,4.74191951751709,23.0,646.9490966796875,1.0,43.81035232543945,0.79296875,0.98828125
exemplar,96,exemplar,exemplar/archive_1/e89c3f49-0a65-47bb-8ace-4c65db6d108b.pt,12135,810,229,0.029629629105329514,0.8469135802469135,54,3,9129,9107,21260.0,37351.29296875,23944.0,30440.515625,0.0,0.0,5.0,4.596566677093506,6581.0,2056.91259765625,1296.0,522.9260864257812,0.169921875,0.9921875
exemplar,97,exemplar,exemplar/archive_1/e9e2bcad-ffaa-477a-93b0-5d0493070787.pt,11121,784,376,0.020408162847161293,0.5191326530612245,54,5,8246,8236,15128.0,28137.5546875,18973.0,18999.3359375,9.0,17.123607635498047,4.0,6.183969497680664,2767.0,5334.20068359375,1024.0,2456.27294921875,1.0,1.0
exemplar,98,exemplar,exemplar/archive_1/f47f94f0-87d1-4681-9dcc-02c2cb74fd5a.pt,11817,798,199,0.007518797181546688,0.8521303258145363,30,2,8889,8861,2236.0,24693.55078125,145.0,1701.6309814453125,0.0,0.0,0.0,0.0,78.0,44.72184753417969,1.0,2.3210268020629883,0.0013275146484375,0.00170135498046875
exemplar,99,exemplar,exemplar/archive_1/f7965c2f-28df-4155-9306-bfef8953a6be.pt,11114,782,376,0.020460357889533043,0.520460358056266,54,4,8216,8206,3057.0,23650.87109375,2828.0,20580.03125,3.0,0.0,2.0,5.380224704742432,2630.0,4075.709716796875,1024.0,1431.96142578125,0.423828125,1.0
